ISO-10303-21;
HEADER;
FILE_DESCRIPTION(('FreeCAD Model'),'2;1');
FILE_NAME('Open CASCADE Shape Model','2026-10-03T13:37:08',('FreeCAD'),(
    'FreeCAD'),'Open CASCADE STEP processor 7.8','FreeCAD','Unknown');
FILE_SCHEMA(('AUTOMOTIVE_DESIGN { 1 0 10303 214 1 1 1 1 }'));
ENDSEC;
DATA;
#1 = APPLICATION_PROTOCOL_DEFINITION('international standard',
  'automotive_design',2000,#2);
#2 = APPLICATION_CONTEXT(
  'core data for automotive mechanical design processes');
#3 = SHAPE_DEFINITION_REPRESENTATION(#4,#10);
#4 = PRODUCT_DEFINITION_SHAPE('','',#5);
#5 = PRODUCT_DEFINITION('design','',#6,#9);
#6 = PRODUCT_DEFINITION_FORMATION('','',#7);
#7 = PRODUCT('Open CASCADE STEP translator 7.8 1',
  'Open CASCADE STEP translator 7.8 1','',(#8));
#8 = PRODUCT_CONTEXT('',#2,'mechanical');
#9 = PRODUCT_DEFINITION_CONTEXT('part definition',#2,'design');
#10 = SHAPE_REPRESENTATION('',(#11,#15,#550,#658,#853,#1287,#1569,#1719,
    #2153,#2206,#2259,#2312,#2365,#2647,#3119,#3269,#3419,#3472,#3525,
    #3578,#3631,#3913,#4347,#4695,#5129,#5981,#6263,#6573,#6926,#6979,
    #7332,#7385,#7745,#7798,#8333,#8441,#8636,#9070,#9352,#9502,#9936,
    #9989,#10042,#10095,#10148,#10430,#10902,#11052,#11202,#11255,#11308
    ,#11361,#11414,#11696,#12130,#12478,#12912,#13764,#14046,#14356,
    #14709,#14762,#15115,#15168,#15528),#15581);
#11 = AXIS2_PLACEMENT_3D('',#12,#13,#14);
#12 = CARTESIAN_POINT('',(0.,0.,0.));
#13 = DIRECTION('',(0.,0.,1.));
#14 = DIRECTION('',(1.,0.,-0.));
#15 = MANIFOLD_SOLID_BREP('',#16);
#16 = CLOSED_SHELL('',(#17,#57,#88,#119,#235,#351,#368,#385,#402,#419,
    #431,#453,#470,#487,#499,#516,#533));
#17 = ADVANCED_FACE('',(#18),#52,.F.);
#18 = FACE_BOUND('',#19,.F.);
#19 = EDGE_LOOP('',(#20,#30,#38,#46));
#20 = ORIENTED_EDGE('',*,*,#21,.T.);
#21 = EDGE_CURVE('',#22,#24,#26,.T.);
#22 = VERTEX_POINT('',#23);
#23 = CARTESIAN_POINT('',(8.,0.,36.));
#24 = VERTEX_POINT('',#25);
#25 = CARTESIAN_POINT('',(8.,0.,38.));
#26 = LINE('',#27,#28);
#27 = CARTESIAN_POINT('',(8.,0.,36.));
#28 = VECTOR('',#29,1.);
#29 = DIRECTION('',(0.,0.,1.));
#30 = ORIENTED_EDGE('',*,*,#31,.T.);
#31 = EDGE_CURVE('',#24,#32,#34,.T.);
#32 = VERTEX_POINT('',#33);
#33 = CARTESIAN_POINT('',(54.,0.,38.));
#34 = LINE('',#35,#36);
#35 = CARTESIAN_POINT('',(8.,0.,38.));
#36 = VECTOR('',#37,1.);
#37 = DIRECTION('',(1.,0.,0.));
#38 = ORIENTED_EDGE('',*,*,#39,.F.);
#39 = EDGE_CURVE('',#40,#32,#42,.T.);
#40 = VERTEX_POINT('',#41);
#41 = CARTESIAN_POINT('',(54.,0.,36.));
#42 = LINE('',#43,#44);
#43 = CARTESIAN_POINT('',(54.,0.,36.));
#44 = VECTOR('',#45,1.);
#45 = DIRECTION('',(0.,0.,1.));
#46 = ORIENTED_EDGE('',*,*,#47,.F.);
#47 = EDGE_CURVE('',#22,#40,#48,.T.);
#48 = LINE('',#49,#50);
#49 = CARTESIAN_POINT('',(8.,0.,36.));
#50 = VECTOR('',#51,1.);
#51 = DIRECTION('',(1.,0.,0.));
#52 = PLANE('',#53);
#53 = AXIS2_PLACEMENT_3D('',#54,#55,#56);
#54 = CARTESIAN_POINT('',(8.,0.,36.));
#55 = DIRECTION('',(0.,1.,0.));
#56 = DIRECTION('',(1.,0.,0.));
#57 = ADVANCED_FACE('',(#58),#83,.F.);
#58 = FACE_BOUND('',#59,.F.);
#59 = EDGE_LOOP('',(#60,#70,#76,#77));
#60 = ORIENTED_EDGE('',*,*,#61,.T.);
#61 = EDGE_CURVE('',#62,#64,#66,.T.);
#62 = VERTEX_POINT('',#63);
#63 = CARTESIAN_POINT('',(0.,8.,36.));
#64 = VERTEX_POINT('',#65);
#65 = CARTESIAN_POINT('',(0.,8.,38.));
#66 = LINE('',#67,#68);
#67 = CARTESIAN_POINT('',(0.,8.,36.));
#68 = VECTOR('',#69,1.);
#69 = DIRECTION('',(0.,0.,1.));
#70 = ORIENTED_EDGE('',*,*,#71,.T.);
#71 = EDGE_CURVE('',#64,#24,#72,.T.);
#72 = LINE('',#73,#74);
#73 = CARTESIAN_POINT('',(0.,8.,38.));
#74 = VECTOR('',#75,1.);
#75 = DIRECTION('',(0.707106781187,-0.707106781187,0.));
#76 = ORIENTED_EDGE('',*,*,#21,.F.);
#77 = ORIENTED_EDGE('',*,*,#78,.F.);
#78 = EDGE_CURVE('',#62,#22,#79,.T.);
#79 = LINE('',#80,#81);
#80 = CARTESIAN_POINT('',(0.,8.,36.));
#81 = VECTOR('',#82,1.);
#82 = DIRECTION('',(0.707106781187,-0.707106781187,0.));
#83 = PLANE('',#84);
#84 = AXIS2_PLACEMENT_3D('',#85,#86,#87);
#85 = CARTESIAN_POINT('',(0.,8.,36.));
#86 = DIRECTION('',(0.707106781187,0.707106781187,0.));
#87 = DIRECTION('',(0.707106781187,-0.707106781187,0.));
#88 = ADVANCED_FACE('',(#89),#114,.F.);
#89 = FACE_BOUND('',#90,.F.);
#90 = EDGE_LOOP('',(#91,#92,#100,#108));
#91 = ORIENTED_EDGE('',*,*,#39,.T.);
#92 = ORIENTED_EDGE('',*,*,#93,.T.);
#93 = EDGE_CURVE('',#32,#94,#96,.T.);
#94 = VERTEX_POINT('',#95);
#95 = CARTESIAN_POINT('',(62.,8.,38.));
#96 = LINE('',#97,#98);
#97 = CARTESIAN_POINT('',(54.,0.,38.));
#98 = VECTOR('',#99,1.);
#99 = DIRECTION('',(0.707106781187,0.707106781187,0.));
#100 = ORIENTED_EDGE('',*,*,#101,.F.);
#101 = EDGE_CURVE('',#102,#94,#104,.T.);
#102 = VERTEX_POINT('',#103);
#103 = CARTESIAN_POINT('',(62.,8.,36.));
#104 = LINE('',#105,#106);
#105 = CARTESIAN_POINT('',(62.,8.,36.));
#106 = VECTOR('',#107,1.);
#107 = DIRECTION('',(0.,0.,1.));
#108 = ORIENTED_EDGE('',*,*,#109,.F.);
#109 = EDGE_CURVE('',#40,#102,#110,.T.);
#110 = LINE('',#111,#112);
#111 = CARTESIAN_POINT('',(54.,0.,36.));
#112 = VECTOR('',#113,1.);
#113 = DIRECTION('',(0.707106781187,0.707106781187,0.));
#114 = PLANE('',#115);
#115 = AXIS2_PLACEMENT_3D('',#116,#117,#118);
#116 = CARTESIAN_POINT('',(54.,0.,36.));
#117 = DIRECTION('',(-0.707106781187,0.707106781187,0.));
#118 = DIRECTION('',(0.707106781187,0.707106781187,0.));
#119 = ADVANCED_FACE('',(#120,#163,#197,#208,#219),#230,.F.);
#120 = FACE_BOUND('',#121,.F.);
#121 = EDGE_LOOP('',(#122,#123,#124,#132,#140,#148,#156,#162));
#122 = ORIENTED_EDGE('',*,*,#47,.T.);
#123 = ORIENTED_EDGE('',*,*,#109,.T.);
#124 = ORIENTED_EDGE('',*,*,#125,.T.);
#125 = EDGE_CURVE('',#102,#126,#128,.T.);
#126 = VERTEX_POINT('',#127);
#127 = CARTESIAN_POINT('',(62.,82.,36.));
#128 = LINE('',#129,#130);
#129 = CARTESIAN_POINT('',(62.,8.,36.));
#130 = VECTOR('',#131,1.);
#131 = DIRECTION('',(0.,1.,0.));
#132 = ORIENTED_EDGE('',*,*,#133,.T.);
#133 = EDGE_CURVE('',#126,#134,#136,.T.);
#134 = VERTEX_POINT('',#135);
#135 = CARTESIAN_POINT('',(54.,90.,36.));
#136 = LINE('',#137,#138);
#137 = CARTESIAN_POINT('',(62.,82.,36.));
#138 = VECTOR('',#139,1.);
#139 = DIRECTION('',(-0.707106781187,0.707106781187,0.));
#140 = ORIENTED_EDGE('',*,*,#141,.T.);
#141 = EDGE_CURVE('',#134,#142,#144,.T.);
#142 = VERTEX_POINT('',#143);
#143 = CARTESIAN_POINT('',(8.,90.,36.));
#144 = LINE('',#145,#146);
#145 = CARTESIAN_POINT('',(54.,90.,36.));
#146 = VECTOR('',#147,1.);
#147 = DIRECTION('',(-1.,0.,0.));
#148 = ORIENTED_EDGE('',*,*,#149,.T.);
#149 = EDGE_CURVE('',#142,#150,#152,.T.);
#150 = VERTEX_POINT('',#151);
#151 = CARTESIAN_POINT('',(0.,82.,36.));
#152 = LINE('',#153,#154);
#153 = CARTESIAN_POINT('',(8.,90.,36.));
#154 = VECTOR('',#155,1.);
#155 = DIRECTION('',(-0.707106781187,-0.707106781187,0.));
#156 = ORIENTED_EDGE('',*,*,#157,.T.);
#157 = EDGE_CURVE('',#150,#62,#158,.T.);
#158 = LINE('',#159,#160);
#159 = CARTESIAN_POINT('',(0.,82.,36.));
#160 = VECTOR('',#161,1.);
#161 = DIRECTION('',(0.,-1.,0.));
#162 = ORIENTED_EDGE('',*,*,#78,.T.);
#163 = FACE_BOUND('',#164,.F.);
#164 = EDGE_LOOP('',(#165,#175,#183,#191));
#165 = ORIENTED_EDGE('',*,*,#166,.T.);
#166 = EDGE_CURVE('',#167,#169,#171,.T.);
#167 = VERTEX_POINT('',#168);
#168 = CARTESIAN_POINT('',(35.75,19.1,36.));
#169 = VERTEX_POINT('',#170);
#170 = CARTESIAN_POINT('',(26.25,19.1,36.));
#171 = LINE('',#172,#173);
#172 = CARTESIAN_POINT('',(28.625,19.1,36.));
#173 = VECTOR('',#174,1.);
#174 = DIRECTION('',(-1.,0.,0.));
#175 = ORIENTED_EDGE('',*,*,#176,.T.);
#176 = EDGE_CURVE('',#169,#177,#179,.T.);
#177 = VERTEX_POINT('',#178);
#178 = CARTESIAN_POINT('',(26.25,24.1,36.));
#179 = LINE('',#180,#181);
#180 = CARTESIAN_POINT('',(26.25,32.05,36.));
#181 = VECTOR('',#182,1.);
#182 = DIRECTION('',(0.,1.,0.));
#183 = ORIENTED_EDGE('',*,*,#184,.F.);
#184 = EDGE_CURVE('',#185,#177,#187,.T.);
#185 = VERTEX_POINT('',#186);
#186 = CARTESIAN_POINT('',(35.75,24.1,36.));
#187 = LINE('',#188,#189);
#188 = CARTESIAN_POINT('',(28.625,24.1,36.));
#189 = VECTOR('',#190,1.);
#190 = DIRECTION('',(-1.,0.,0.));
#191 = ORIENTED_EDGE('',*,*,#192,.F.);
#192 = EDGE_CURVE('',#167,#185,#193,.T.);
#193 = LINE('',#194,#195);
#194 = CARTESIAN_POINT('',(35.75,32.05,36.));
#195 = VECTOR('',#196,1.);
#196 = DIRECTION('',(0.,1.,0.));
#197 = FACE_BOUND('',#198,.F.);
#198 = EDGE_LOOP('',(#199));
#199 = ORIENTED_EDGE('',*,*,#200,.F.);
#200 = EDGE_CURVE('',#201,#201,#203,.T.);
#201 = VERTEX_POINT('',#202);
#202 = CARTESIAN_POINT('',(35.,43.2,36.));
#203 = CIRCLE('',#204,4.);
#204 = AXIS2_PLACEMENT_3D('',#205,#206,#207);
#205 = CARTESIAN_POINT('',(31.,43.2,36.));
#206 = DIRECTION('',(0.,0.,1.));
#207 = DIRECTION('',(1.,0.,0.));
#208 = FACE_BOUND('',#209,.F.);
#209 = EDGE_LOOP('',(#210));
#210 = ORIENTED_EDGE('',*,*,#211,.F.);
#211 = EDGE_CURVE('',#212,#212,#214,.T.);
#212 = VERTEX_POINT('',#213);
#213 = CARTESIAN_POINT('',(15.,75.,36.));
#214 = CIRCLE('',#215,1.5);
#215 = AXIS2_PLACEMENT_3D('',#216,#217,#218);
#216 = CARTESIAN_POINT('',(13.5,75.,36.));
#217 = DIRECTION('',(0.,0.,1.));
#218 = DIRECTION('',(1.,0.,0.));
#219 = FACE_BOUND('',#220,.F.);
#220 = EDGE_LOOP('',(#221));
#221 = ORIENTED_EDGE('',*,*,#222,.F.);
#222 = EDGE_CURVE('',#223,#223,#225,.T.);
#223 = VERTEX_POINT('',#224);
#224 = CARTESIAN_POINT('',(33.8,66.6,36.));
#225 = CIRCLE('',#226,2.8);
#226 = AXIS2_PLACEMENT_3D('',#227,#228,#229);
#227 = CARTESIAN_POINT('',(31.,66.6,36.));
#228 = DIRECTION('',(0.,0.,1.));
#229 = DIRECTION('',(1.,0.,0.));
#230 = PLANE('',#231);
#231 = AXIS2_PLACEMENT_3D('',#232,#233,#234);
#232 = CARTESIAN_POINT('',(31.,45.,36.));
#233 = DIRECTION('',(0.,0.,1.));
#234 = DIRECTION('',(1.,0.,0.));
#235 = ADVANCED_FACE('',(#236,#279,#313,#324,#335),#346,.T.);
#236 = FACE_BOUND('',#237,.T.);
#237 = EDGE_LOOP('',(#238,#239,#240,#248,#256,#264,#272,#278));
#238 = ORIENTED_EDGE('',*,*,#31,.T.);
#239 = ORIENTED_EDGE('',*,*,#93,.T.);
#240 = ORIENTED_EDGE('',*,*,#241,.T.);
#241 = EDGE_CURVE('',#94,#242,#244,.T.);
#242 = VERTEX_POINT('',#243);
#243 = CARTESIAN_POINT('',(62.,82.,38.));
#244 = LINE('',#245,#246);
#245 = CARTESIAN_POINT('',(62.,8.,38.));
#246 = VECTOR('',#247,1.);
#247 = DIRECTION('',(0.,1.,0.));
#248 = ORIENTED_EDGE('',*,*,#249,.T.);
#249 = EDGE_CURVE('',#242,#250,#252,.T.);
#250 = VERTEX_POINT('',#251);
#251 = CARTESIAN_POINT('',(54.,90.,38.));
#252 = LINE('',#253,#254);
#253 = CARTESIAN_POINT('',(62.,82.,38.));
#254 = VECTOR('',#255,1.);
#255 = DIRECTION('',(-0.707106781187,0.707106781187,0.));
#256 = ORIENTED_EDGE('',*,*,#257,.T.);
#257 = EDGE_CURVE('',#250,#258,#260,.T.);
#258 = VERTEX_POINT('',#259);
#259 = CARTESIAN_POINT('',(8.,90.,38.));
#260 = LINE('',#261,#262);
#261 = CARTESIAN_POINT('',(54.,90.,38.));
#262 = VECTOR('',#263,1.);
#263 = DIRECTION('',(-1.,0.,0.));
#264 = ORIENTED_EDGE('',*,*,#265,.T.);
#265 = EDGE_CURVE('',#258,#266,#268,.T.);
#266 = VERTEX_POINT('',#267);
#267 = CARTESIAN_POINT('',(0.,82.,38.));
#268 = LINE('',#269,#270);
#269 = CARTESIAN_POINT('',(8.,90.,38.));
#270 = VECTOR('',#271,1.);
#271 = DIRECTION('',(-0.707106781187,-0.707106781187,0.));
#272 = ORIENTED_EDGE('',*,*,#273,.T.);
#273 = EDGE_CURVE('',#266,#64,#274,.T.);
#274 = LINE('',#275,#276);
#275 = CARTESIAN_POINT('',(0.,82.,38.));
#276 = VECTOR('',#277,1.);
#277 = DIRECTION('',(0.,-1.,0.));
#278 = ORIENTED_EDGE('',*,*,#71,.T.);
#279 = FACE_BOUND('',#280,.T.);
#280 = EDGE_LOOP('',(#281,#291,#299,#307));
#281 = ORIENTED_EDGE('',*,*,#282,.T.);
#282 = EDGE_CURVE('',#283,#285,#287,.T.);
#283 = VERTEX_POINT('',#284);
#284 = CARTESIAN_POINT('',(35.75,19.1,38.));
#285 = VERTEX_POINT('',#286);
#286 = CARTESIAN_POINT('',(26.25,19.1,38.));
#287 = LINE('',#288,#289);
#288 = CARTESIAN_POINT('',(28.625,19.1,38.));
#289 = VECTOR('',#290,1.);
#290 = DIRECTION('',(-1.,0.,0.));
#291 = ORIENTED_EDGE('',*,*,#292,.T.);
#292 = EDGE_CURVE('',#285,#293,#295,.T.);
#293 = VERTEX_POINT('',#294);
#294 = CARTESIAN_POINT('',(26.25,24.1,38.));
#295 = LINE('',#296,#297);
#296 = CARTESIAN_POINT('',(26.25,32.05,38.));
#297 = VECTOR('',#298,1.);
#298 = DIRECTION('',(0.,1.,0.));
#299 = ORIENTED_EDGE('',*,*,#300,.F.);
#300 = EDGE_CURVE('',#301,#293,#303,.T.);
#301 = VERTEX_POINT('',#302);
#302 = CARTESIAN_POINT('',(35.75,24.1,38.));
#303 = LINE('',#304,#305);
#304 = CARTESIAN_POINT('',(28.625,24.1,38.));
#305 = VECTOR('',#306,1.);
#306 = DIRECTION('',(-1.,0.,0.));
#307 = ORIENTED_EDGE('',*,*,#308,.F.);
#308 = EDGE_CURVE('',#283,#301,#309,.T.);
#309 = LINE('',#310,#311);
#310 = CARTESIAN_POINT('',(35.75,32.05,38.));
#311 = VECTOR('',#312,1.);
#312 = DIRECTION('',(0.,1.,0.));
#313 = FACE_BOUND('',#314,.T.);
#314 = EDGE_LOOP('',(#315));
#315 = ORIENTED_EDGE('',*,*,#316,.F.);
#316 = EDGE_CURVE('',#317,#317,#319,.T.);
#317 = VERTEX_POINT('',#318);
#318 = CARTESIAN_POINT('',(35.,43.2,38.));
#319 = CIRCLE('',#320,4.);
#320 = AXIS2_PLACEMENT_3D('',#321,#322,#323);
#321 = CARTESIAN_POINT('',(31.,43.2,38.));
#322 = DIRECTION('',(0.,0.,1.));
#323 = DIRECTION('',(1.,0.,0.));
#324 = FACE_BOUND('',#325,.T.);
#325 = EDGE_LOOP('',(#326));
#326 = ORIENTED_EDGE('',*,*,#327,.F.);
#327 = EDGE_CURVE('',#328,#328,#330,.T.);
#328 = VERTEX_POINT('',#329);
#329 = CARTESIAN_POINT('',(15.,75.,38.));
#330 = CIRCLE('',#331,1.5);
#331 = AXIS2_PLACEMENT_3D('',#332,#333,#334);
#332 = CARTESIAN_POINT('',(13.5,75.,38.));
#333 = DIRECTION('',(0.,0.,1.));
#334 = DIRECTION('',(1.,0.,0.));
#335 = FACE_BOUND('',#336,.T.);
#336 = EDGE_LOOP('',(#337));
#337 = ORIENTED_EDGE('',*,*,#338,.F.);
#338 = EDGE_CURVE('',#339,#339,#341,.T.);
#339 = VERTEX_POINT('',#340);
#340 = CARTESIAN_POINT('',(33.8,66.6,38.));
#341 = CIRCLE('',#342,2.8);
#342 = AXIS2_PLACEMENT_3D('',#343,#344,#345);
#343 = CARTESIAN_POINT('',(31.,66.6,38.));
#344 = DIRECTION('',(0.,0.,1.));
#345 = DIRECTION('',(1.,0.,0.));
#346 = PLANE('',#347);
#347 = AXIS2_PLACEMENT_3D('',#348,#349,#350);
#348 = CARTESIAN_POINT('',(31.,45.,38.));
#349 = DIRECTION('',(0.,0.,1.));
#350 = DIRECTION('',(1.,0.,0.));
#351 = ADVANCED_FACE('',(#352),#363,.F.);
#352 = FACE_BOUND('',#353,.F.);
#353 = EDGE_LOOP('',(#354,#360,#361,#362));
#354 = ORIENTED_EDGE('',*,*,#355,.T.);
#355 = EDGE_CURVE('',#150,#266,#356,.T.);
#356 = LINE('',#357,#358);
#357 = CARTESIAN_POINT('',(0.,82.,36.));
#358 = VECTOR('',#359,1.);
#359 = DIRECTION('',(0.,0.,1.));
#360 = ORIENTED_EDGE('',*,*,#273,.T.);
#361 = ORIENTED_EDGE('',*,*,#61,.F.);
#362 = ORIENTED_EDGE('',*,*,#157,.F.);
#363 = PLANE('',#364);
#364 = AXIS2_PLACEMENT_3D('',#365,#366,#367);
#365 = CARTESIAN_POINT('',(0.,82.,36.));
#366 = DIRECTION('',(1.,0.,0.));
#367 = DIRECTION('',(0.,-1.,0.));
#368 = ADVANCED_FACE('',(#369),#380,.F.);
#369 = FACE_BOUND('',#370,.F.);
#370 = EDGE_LOOP('',(#371,#372,#373,#379));
#371 = ORIENTED_EDGE('',*,*,#101,.T.);
#372 = ORIENTED_EDGE('',*,*,#241,.T.);
#373 = ORIENTED_EDGE('',*,*,#374,.F.);
#374 = EDGE_CURVE('',#126,#242,#375,.T.);
#375 = LINE('',#376,#377);
#376 = CARTESIAN_POINT('',(62.,82.,36.));
#377 = VECTOR('',#378,1.);
#378 = DIRECTION('',(0.,0.,1.));
#379 = ORIENTED_EDGE('',*,*,#125,.F.);
#380 = PLANE('',#381);
#381 = AXIS2_PLACEMENT_3D('',#382,#383,#384);
#382 = CARTESIAN_POINT('',(62.,8.,36.));
#383 = DIRECTION('',(-1.,0.,0.));
#384 = DIRECTION('',(0.,1.,0.));
#385 = ADVANCED_FACE('',(#386),#397,.F.);
#386 = FACE_BOUND('',#387,.F.);
#387 = EDGE_LOOP('',(#388,#394,#395,#396));
#388 = ORIENTED_EDGE('',*,*,#389,.T.);
#389 = EDGE_CURVE('',#142,#258,#390,.T.);
#390 = LINE('',#391,#392);
#391 = CARTESIAN_POINT('',(8.,90.,36.));
#392 = VECTOR('',#393,1.);
#393 = DIRECTION('',(0.,0.,1.));
#394 = ORIENTED_EDGE('',*,*,#265,.T.);
#395 = ORIENTED_EDGE('',*,*,#355,.F.);
#396 = ORIENTED_EDGE('',*,*,#149,.F.);
#397 = PLANE('',#398);
#398 = AXIS2_PLACEMENT_3D('',#399,#400,#401);
#399 = CARTESIAN_POINT('',(8.,90.,36.));
#400 = DIRECTION('',(0.707106781187,-0.707106781187,0.));
#401 = DIRECTION('',(-0.707106781187,-0.707106781187,0.));
#402 = ADVANCED_FACE('',(#403),#414,.F.);
#403 = FACE_BOUND('',#404,.F.);
#404 = EDGE_LOOP('',(#405,#406,#407,#413));
#405 = ORIENTED_EDGE('',*,*,#374,.T.);
#406 = ORIENTED_EDGE('',*,*,#249,.T.);
#407 = ORIENTED_EDGE('',*,*,#408,.F.);
#408 = EDGE_CURVE('',#134,#250,#409,.T.);
#409 = LINE('',#410,#411);
#410 = CARTESIAN_POINT('',(54.,90.,36.));
#411 = VECTOR('',#412,1.);
#412 = DIRECTION('',(0.,0.,1.));
#413 = ORIENTED_EDGE('',*,*,#133,.F.);
#414 = PLANE('',#415);
#415 = AXIS2_PLACEMENT_3D('',#416,#417,#418);
#416 = CARTESIAN_POINT('',(62.,82.,36.));
#417 = DIRECTION('',(-0.707106781187,-0.707106781187,0.));
#418 = DIRECTION('',(-0.707106781187,0.707106781187,0.));
#419 = ADVANCED_FACE('',(#420),#426,.F.);
#420 = FACE_BOUND('',#421,.F.);
#421 = EDGE_LOOP('',(#422,#423,#424,#425));
#422 = ORIENTED_EDGE('',*,*,#408,.T.);
#423 = ORIENTED_EDGE('',*,*,#257,.T.);
#424 = ORIENTED_EDGE('',*,*,#389,.F.);
#425 = ORIENTED_EDGE('',*,*,#141,.F.);
#426 = PLANE('',#427);
#427 = AXIS2_PLACEMENT_3D('',#428,#429,#430);
#428 = CARTESIAN_POINT('',(54.,90.,36.));
#429 = DIRECTION('',(0.,-1.,0.));
#430 = DIRECTION('',(-1.,0.,0.));
#431 = ADVANCED_FACE('',(#432),#448,.T.);
#432 = FACE_BOUND('',#433,.T.);
#433 = EDGE_LOOP('',(#434,#440,#441,#447));
#434 = ORIENTED_EDGE('',*,*,#435,.F.);
#435 = EDGE_CURVE('',#167,#283,#436,.T.);
#436 = LINE('',#437,#438);
#437 = CARTESIAN_POINT('',(35.75,19.1,35.));
#438 = VECTOR('',#439,1.);
#439 = DIRECTION('',(0.,0.,1.));
#440 = ORIENTED_EDGE('',*,*,#166,.T.);
#441 = ORIENTED_EDGE('',*,*,#442,.T.);
#442 = EDGE_CURVE('',#169,#285,#443,.T.);
#443 = LINE('',#444,#445);
#444 = CARTESIAN_POINT('',(26.25,19.1,35.));
#445 = VECTOR('',#446,1.);
#446 = DIRECTION('',(0.,0.,1.));
#447 = ORIENTED_EDGE('',*,*,#282,.F.);
#448 = PLANE('',#449);
#449 = AXIS2_PLACEMENT_3D('',#450,#451,#452);
#450 = CARTESIAN_POINT('',(26.25,19.1,35.));
#451 = DIRECTION('',(0.,1.,0.));
#452 = DIRECTION('',(0.,0.,1.));
#453 = ADVANCED_FACE('',(#454),#465,.F.);
#454 = FACE_BOUND('',#455,.F.);
#455 = EDGE_LOOP('',(#456,#457,#458,#464));
#456 = ORIENTED_EDGE('',*,*,#435,.F.);
#457 = ORIENTED_EDGE('',*,*,#192,.T.);
#458 = ORIENTED_EDGE('',*,*,#459,.T.);
#459 = EDGE_CURVE('',#185,#301,#460,.T.);
#460 = LINE('',#461,#462);
#461 = CARTESIAN_POINT('',(35.75,24.1,35.));
#462 = VECTOR('',#463,1.);
#463 = DIRECTION('',(0.,0.,1.));
#464 = ORIENTED_EDGE('',*,*,#308,.F.);
#465 = PLANE('',#466);
#466 = AXIS2_PLACEMENT_3D('',#467,#468,#469);
#467 = CARTESIAN_POINT('',(35.75,19.1,35.));
#468 = DIRECTION('',(1.,0.,0.));
#469 = DIRECTION('',(0.,0.,1.));
#470 = ADVANCED_FACE('',(#471),#482,.T.);
#471 = FACE_BOUND('',#472,.T.);
#472 = EDGE_LOOP('',(#473,#474,#475,#481));
#473 = ORIENTED_EDGE('',*,*,#442,.F.);
#474 = ORIENTED_EDGE('',*,*,#176,.T.);
#475 = ORIENTED_EDGE('',*,*,#476,.T.);
#476 = EDGE_CURVE('',#177,#293,#477,.T.);
#477 = LINE('',#478,#479);
#478 = CARTESIAN_POINT('',(26.25,24.1,35.));
#479 = VECTOR('',#480,1.);
#480 = DIRECTION('',(0.,0.,1.));
#481 = ORIENTED_EDGE('',*,*,#292,.F.);
#482 = PLANE('',#483);
#483 = AXIS2_PLACEMENT_3D('',#484,#485,#486);
#484 = CARTESIAN_POINT('',(26.25,19.1,35.));
#485 = DIRECTION('',(1.,0.,0.));
#486 = DIRECTION('',(0.,0.,1.));
#487 = ADVANCED_FACE('',(#488),#494,.F.);
#488 = FACE_BOUND('',#489,.F.);
#489 = EDGE_LOOP('',(#490,#491,#492,#493));
#490 = ORIENTED_EDGE('',*,*,#459,.F.);
#491 = ORIENTED_EDGE('',*,*,#184,.T.);
#492 = ORIENTED_EDGE('',*,*,#476,.T.);
#493 = ORIENTED_EDGE('',*,*,#300,.F.);
#494 = PLANE('',#495);
#495 = AXIS2_PLACEMENT_3D('',#496,#497,#498);
#496 = CARTESIAN_POINT('',(26.25,24.1,35.));
#497 = DIRECTION('',(0.,1.,0.));
#498 = DIRECTION('',(0.,0.,1.));
#499 = ADVANCED_FACE('',(#500),#511,.F.);
#500 = FACE_BOUND('',#501,.F.);
#501 = EDGE_LOOP('',(#502,#503,#509,#510));
#502 = ORIENTED_EDGE('',*,*,#316,.F.);
#503 = ORIENTED_EDGE('',*,*,#504,.F.);
#504 = EDGE_CURVE('',#201,#317,#505,.T.);
#505 = LINE('',#506,#507);
#506 = CARTESIAN_POINT('',(35.,43.2,35.));
#507 = VECTOR('',#508,1.);
#508 = DIRECTION('',(0.,0.,1.));
#509 = ORIENTED_EDGE('',*,*,#200,.T.);
#510 = ORIENTED_EDGE('',*,*,#504,.T.);
#511 = CYLINDRICAL_SURFACE('',#512,4.);
#512 = AXIS2_PLACEMENT_3D('',#513,#514,#515);
#513 = CARTESIAN_POINT('',(31.,43.2,35.));
#514 = DIRECTION('',(0.,0.,1.));
#515 = DIRECTION('',(1.,0.,0.));
#516 = ADVANCED_FACE('',(#517),#528,.F.);
#517 = FACE_BOUND('',#518,.F.);
#518 = EDGE_LOOP('',(#519,#520,#526,#527));
#519 = ORIENTED_EDGE('',*,*,#327,.F.);
#520 = ORIENTED_EDGE('',*,*,#521,.F.);
#521 = EDGE_CURVE('',#212,#328,#522,.T.);
#522 = LINE('',#523,#524);
#523 = CARTESIAN_POINT('',(15.,75.,35.));
#524 = VECTOR('',#525,1.);
#525 = DIRECTION('',(0.,0.,1.));
#526 = ORIENTED_EDGE('',*,*,#211,.T.);
#527 = ORIENTED_EDGE('',*,*,#521,.T.);
#528 = CYLINDRICAL_SURFACE('',#529,1.5);
#529 = AXIS2_PLACEMENT_3D('',#530,#531,#532);
#530 = CARTESIAN_POINT('',(13.5,75.,35.));
#531 = DIRECTION('',(0.,0.,1.));
#532 = DIRECTION('',(1.,0.,0.));
#533 = ADVANCED_FACE('',(#534),#545,.F.);
#534 = FACE_BOUND('',#535,.F.);
#535 = EDGE_LOOP('',(#536,#537,#543,#544));
#536 = ORIENTED_EDGE('',*,*,#338,.F.);
#537 = ORIENTED_EDGE('',*,*,#538,.F.);
#538 = EDGE_CURVE('',#223,#339,#539,.T.);
#539 = LINE('',#540,#541);
#540 = CARTESIAN_POINT('',(33.8,66.6,35.));
#541 = VECTOR('',#542,1.);
#542 = DIRECTION('',(0.,0.,1.));
#543 = ORIENTED_EDGE('',*,*,#222,.T.);
#544 = ORIENTED_EDGE('',*,*,#538,.T.);
#545 = CYLINDRICAL_SURFACE('',#546,2.8);
#546 = AXIS2_PLACEMENT_3D('',#547,#548,#549);
#547 = CARTESIAN_POINT('',(31.,66.6,35.));
#548 = DIRECTION('',(0.,0.,1.));
#549 = DIRECTION('',(1.,0.,0.));
#550 = MANIFOLD_SOLID_BREP('',#551);
#551 = CLOSED_SHELL('',(#552,#585,#610,#630,#639));
#552 = ADVANCED_FACE('',(#553),#580,.T.);
#553 = FACE_BOUND('',#554,.T.);
#554 = EDGE_LOOP('',(#555,#565,#572,#573));
#555 = ORIENTED_EDGE('',*,*,#556,.T.);
#556 = EDGE_CURVE('',#557,#559,#561,.T.);
#557 = VERTEX_POINT('',#558);
#558 = CARTESIAN_POINT('',(33.5,66.6,38.500000000001));
#559 = VERTEX_POINT('',#560);
#560 = CARTESIAN_POINT('',(33.5,66.6,39.8));
#561 = LINE('',#562,#563);
#562 = CARTESIAN_POINT('',(33.5,66.6,33.8));
#563 = VECTOR('',#564,1.);
#564 = DIRECTION('',(0.,0.,1.));
#565 = ORIENTED_EDGE('',*,*,#566,.F.);
#566 = EDGE_CURVE('',#559,#559,#567,.T.);
#567 = CIRCLE('',#568,2.5);
#568 = AXIS2_PLACEMENT_3D('',#569,#570,#571);
#569 = CARTESIAN_POINT('',(31.,66.6,39.8));
#570 = DIRECTION('',(0.,0.,1.));
#571 = DIRECTION('',(1.,0.,0.));
#572 = ORIENTED_EDGE('',*,*,#556,.F.);
#573 = ORIENTED_EDGE('',*,*,#574,.T.);
#574 = EDGE_CURVE('',#557,#557,#575,.T.);
#575 = CIRCLE('',#576,2.5);
#576 = AXIS2_PLACEMENT_3D('',#577,#578,#579);
#577 = CARTESIAN_POINT('',(31.,66.6,38.5));
#578 = DIRECTION('',(-0.,0.,1.));
#579 = DIRECTION('',(0.,-1.,0.));
#580 = CYLINDRICAL_SURFACE('',#581,2.5);
#581 = AXIS2_PLACEMENT_3D('',#582,#583,#584);
#582 = CARTESIAN_POINT('',(31.,66.6,33.8));
#583 = DIRECTION('',(0.,0.,1.));
#584 = DIRECTION('',(1.,0.,0.));
#585 = ADVANCED_FACE('',(#586),#605,.T.);
#586 = FACE_BOUND('',#587,.T.);
#587 = EDGE_LOOP('',(#588,#589,#597,#604));
#588 = ORIENTED_EDGE('',*,*,#574,.F.);
#589 = ORIENTED_EDGE('',*,*,#590,.F.);
#590 = EDGE_CURVE('',#591,#557,#593,.T.);
#591 = VERTEX_POINT('',#592);
#592 = CARTESIAN_POINT('',(33.5,66.6,33.8));
#593 = LINE('',#594,#595);
#594 = CARTESIAN_POINT('',(33.5,66.6,33.8));
#595 = VECTOR('',#596,1.);
#596 = DIRECTION('',(0.,0.,1.));
#597 = ORIENTED_EDGE('',*,*,#598,.T.);
#598 = EDGE_CURVE('',#591,#591,#599,.T.);
#599 = CIRCLE('',#600,2.5);
#600 = AXIS2_PLACEMENT_3D('',#601,#602,#603);
#601 = CARTESIAN_POINT('',(31.,66.6,33.8));
#602 = DIRECTION('',(0.,0.,1.));
#603 = DIRECTION('',(1.,0.,0.));
#604 = ORIENTED_EDGE('',*,*,#590,.T.);
#605 = CYLINDRICAL_SURFACE('',#606,2.5);
#606 = AXIS2_PLACEMENT_3D('',#607,#608,#609);
#607 = CARTESIAN_POINT('',(31.,66.6,33.8));
#608 = DIRECTION('',(0.,0.,1.));
#609 = DIRECTION('',(1.,0.,0.));
#610 = ADVANCED_FACE('',(#611,#614),#625,.T.);
#611 = FACE_BOUND('',#612,.T.);
#612 = EDGE_LOOP('',(#613));
#613 = ORIENTED_EDGE('',*,*,#566,.T.);
#614 = FACE_BOUND('',#615,.T.);
#615 = EDGE_LOOP('',(#616));
#616 = ORIENTED_EDGE('',*,*,#617,.F.);
#617 = EDGE_CURVE('',#618,#618,#620,.T.);
#618 = VERTEX_POINT('',#619);
#619 = CARTESIAN_POINT('',(33.135415650406,66.6,39.8));
#620 = CIRCLE('',#621,2.135415650406);
#621 = AXIS2_PLACEMENT_3D('',#622,#623,#624);
#622 = CARTESIAN_POINT('',(31.,66.6,39.8));
#623 = DIRECTION('',(0.,0.,1.));
#624 = DIRECTION('',(1.,0.,0.));
#625 = PLANE('',#626);
#626 = AXIS2_PLACEMENT_3D('',#627,#628,#629);
#627 = CARTESIAN_POINT('',(31.,66.6,39.8));
#628 = DIRECTION('',(0.,0.,1.));
#629 = DIRECTION('',(1.,0.,0.));
#630 = ADVANCED_FACE('',(#631),#634,.F.);
#631 = FACE_BOUND('',#632,.T.);
#632 = EDGE_LOOP('',(#633));
#633 = ORIENTED_EDGE('',*,*,#598,.F.);
#634 = PLANE('',#635);
#635 = AXIS2_PLACEMENT_3D('',#636,#637,#638);
#636 = CARTESIAN_POINT('',(31.,66.6,33.8));
#637 = DIRECTION('',(0.,0.,1.));
#638 = DIRECTION('',(1.,0.,0.));
#639 = ADVANCED_FACE('',(#640),#653,.T.);
#640 = FACE_BOUND('',#641,.T.);
#641 = EDGE_LOOP('',(#642,#651,#652));
#642 = ORIENTED_EDGE('',*,*,#643,.T.);
#643 = EDGE_CURVE('',#618,#644,#646,.T.);
#644 = VERTEX_POINT('',#645);
#645 = CARTESIAN_POINT('',(31.,66.6,41.));
#646 = CIRCLE('',#647,2.5);
#647 = AXIS2_PLACEMENT_3D('',#648,#649,#650);
#648 = CARTESIAN_POINT('',(31.,66.6,38.5));
#649 = DIRECTION('',(-2.4E-16,-1.,0.));
#650 = DIRECTION('',(1.,-2.4E-16,0.));
#651 = ORIENTED_EDGE('',*,*,#643,.F.);
#652 = ORIENTED_EDGE('',*,*,#617,.T.);
#653 = SPHERICAL_SURFACE('',#654,2.5);
#654 = AXIS2_PLACEMENT_3D('',#655,#656,#657);
#655 = CARTESIAN_POINT('',(31.,66.6,38.5));
#656 = DIRECTION('',(0.,0.,1.));
#657 = DIRECTION('',(1.,0.,0.));
#658 = MANIFOLD_SOLID_BREP('',#659);
#659 = CLOSED_SHELL('',(#660,#700,#731,#766,#790,#807,#819,#844));
#660 = ADVANCED_FACE('',(#661),#695,.F.);
#661 = FACE_BOUND('',#662,.F.);
#662 = EDGE_LOOP('',(#663,#673,#681,#689));
#663 = ORIENTED_EDGE('',*,*,#664,.F.);
#664 = EDGE_CURVE('',#665,#667,#669,.T.);
#665 = VERTEX_POINT('',#666);
#666 = CARTESIAN_POINT('',(27.,39.2,32.8));
#667 = VERTEX_POINT('',#668);
#668 = CARTESIAN_POINT('',(27.,39.2,36.8));
#669 = LINE('',#670,#671);
#670 = CARTESIAN_POINT('',(27.,39.2,32.8));
#671 = VECTOR('',#672,1.);
#672 = DIRECTION('',(0.,0.,1.));
#673 = ORIENTED_EDGE('',*,*,#674,.T.);
#674 = EDGE_CURVE('',#665,#675,#677,.T.);
#675 = VERTEX_POINT('',#676);
#676 = CARTESIAN_POINT('',(27.,47.2,32.8));
#677 = LINE('',#678,#679);
#678 = CARTESIAN_POINT('',(27.,39.2,32.8));
#679 = VECTOR('',#680,1.);
#680 = DIRECTION('',(0.,1.,0.));
#681 = ORIENTED_EDGE('',*,*,#682,.T.);
#682 = EDGE_CURVE('',#675,#683,#685,.T.);
#683 = VERTEX_POINT('',#684);
#684 = CARTESIAN_POINT('',(27.,47.2,36.8));
#685 = LINE('',#686,#687);
#686 = CARTESIAN_POINT('',(27.,47.2,32.8));
#687 = VECTOR('',#688,1.);
#688 = DIRECTION('',(0.,0.,1.));
#689 = ORIENTED_EDGE('',*,*,#690,.F.);
#690 = EDGE_CURVE('',#667,#683,#691,.T.);
#691 = LINE('',#692,#693);
#692 = CARTESIAN_POINT('',(27.,39.2,36.8));
#693 = VECTOR('',#694,1.);
#694 = DIRECTION('',(0.,1.,0.));
#695 = PLANE('',#696);
#696 = AXIS2_PLACEMENT_3D('',#697,#698,#699);
#697 = CARTESIAN_POINT('',(27.,39.2,32.8));
#698 = DIRECTION('',(1.,0.,0.));
#699 = DIRECTION('',(0.,0.,1.));
#700 = ADVANCED_FACE('',(#701),#726,.F.);
#701 = FACE_BOUND('',#702,.F.);
#702 = EDGE_LOOP('',(#703,#711,#712,#720));
#703 = ORIENTED_EDGE('',*,*,#704,.F.);
#704 = EDGE_CURVE('',#665,#705,#707,.T.);
#705 = VERTEX_POINT('',#706);
#706 = CARTESIAN_POINT('',(35.,39.2,32.8));
#707 = LINE('',#708,#709);
#708 = CARTESIAN_POINT('',(27.,39.2,32.8));
#709 = VECTOR('',#710,1.);
#710 = DIRECTION('',(1.,0.,0.));
#711 = ORIENTED_EDGE('',*,*,#664,.T.);
#712 = ORIENTED_EDGE('',*,*,#713,.T.);
#713 = EDGE_CURVE('',#667,#714,#716,.T.);
#714 = VERTEX_POINT('',#715);
#715 = CARTESIAN_POINT('',(35.,39.2,36.8));
#716 = LINE('',#717,#718);
#717 = CARTESIAN_POINT('',(27.,39.2,36.8));
#718 = VECTOR('',#719,1.);
#719 = DIRECTION('',(1.,0.,0.));
#720 = ORIENTED_EDGE('',*,*,#721,.F.);
#721 = EDGE_CURVE('',#705,#714,#722,.T.);
#722 = LINE('',#723,#724);
#723 = CARTESIAN_POINT('',(35.,39.2,32.8));
#724 = VECTOR('',#725,1.);
#725 = DIRECTION('',(0.,0.,1.));
#726 = PLANE('',#727);
#727 = AXIS2_PLACEMENT_3D('',#728,#729,#730);
#728 = CARTESIAN_POINT('',(27.,39.2,32.8));
#729 = DIRECTION('',(0.,1.,0.));
#730 = DIRECTION('',(0.,0.,1.));
#731 = ADVANCED_FACE('',(#732,#750),#761,.T.);
#732 = FACE_BOUND('',#733,.T.);
#733 = EDGE_LOOP('',(#734,#735,#736,#744));
#734 = ORIENTED_EDGE('',*,*,#690,.F.);
#735 = ORIENTED_EDGE('',*,*,#713,.T.);
#736 = ORIENTED_EDGE('',*,*,#737,.T.);
#737 = EDGE_CURVE('',#714,#738,#740,.T.);
#738 = VERTEX_POINT('',#739);
#739 = CARTESIAN_POINT('',(35.,47.2,36.8));
#740 = LINE('',#741,#742);
#741 = CARTESIAN_POINT('',(35.,39.2,36.8));
#742 = VECTOR('',#743,1.);
#743 = DIRECTION('',(0.,1.,0.));
#744 = ORIENTED_EDGE('',*,*,#745,.F.);
#745 = EDGE_CURVE('',#683,#738,#746,.T.);
#746 = LINE('',#747,#748);
#747 = CARTESIAN_POINT('',(27.,47.2,36.8));
#748 = VECTOR('',#749,1.);
#749 = DIRECTION('',(1.,0.,0.));
#750 = FACE_BOUND('',#751,.T.);
#751 = EDGE_LOOP('',(#752));
#752 = ORIENTED_EDGE('',*,*,#753,.F.);
#753 = EDGE_CURVE('',#754,#754,#756,.T.);
#754 = VERTEX_POINT('',#755);
#755 = CARTESIAN_POINT('',(34.5,43.2,36.8));
#756 = CIRCLE('',#757,3.5);
#757 = AXIS2_PLACEMENT_3D('',#758,#759,#760);
#758 = CARTESIAN_POINT('',(31.,43.2,36.8));
#759 = DIRECTION('',(0.,0.,1.));
#760 = DIRECTION('',(1.,0.,0.));
#761 = PLANE('',#762);
#762 = AXIS2_PLACEMENT_3D('',#763,#764,#765);
#763 = CARTESIAN_POINT('',(27.,39.2,36.8));
#764 = DIRECTION('',(0.,0.,1.));
#765 = DIRECTION('',(1.,0.,0.));
#766 = ADVANCED_FACE('',(#767),#785,.T.);
#767 = FACE_BOUND('',#768,.T.);
#768 = EDGE_LOOP('',(#769,#777,#778,#779));
#769 = ORIENTED_EDGE('',*,*,#770,.F.);
#770 = EDGE_CURVE('',#675,#771,#773,.T.);
#771 = VERTEX_POINT('',#772);
#772 = CARTESIAN_POINT('',(35.,47.2,32.8));
#773 = LINE('',#774,#775);
#774 = CARTESIAN_POINT('',(27.,47.2,32.8));
#775 = VECTOR('',#776,1.);
#776 = DIRECTION('',(1.,0.,0.));
#777 = ORIENTED_EDGE('',*,*,#682,.T.);
#778 = ORIENTED_EDGE('',*,*,#745,.T.);
#779 = ORIENTED_EDGE('',*,*,#780,.F.);
#780 = EDGE_CURVE('',#771,#738,#781,.T.);
#781 = LINE('',#782,#783);
#782 = CARTESIAN_POINT('',(35.,47.2,32.8));
#783 = VECTOR('',#784,1.);
#784 = DIRECTION('',(0.,0.,1.));
#785 = PLANE('',#786);
#786 = AXIS2_PLACEMENT_3D('',#787,#788,#789);
#787 = CARTESIAN_POINT('',(27.,47.2,32.8));
#788 = DIRECTION('',(0.,1.,0.));
#789 = DIRECTION('',(0.,0.,1.));
#790 = ADVANCED_FACE('',(#791),#802,.F.);
#791 = FACE_BOUND('',#792,.F.);
#792 = EDGE_LOOP('',(#793,#794,#795,#801));
#793 = ORIENTED_EDGE('',*,*,#674,.F.);
#794 = ORIENTED_EDGE('',*,*,#704,.T.);
#795 = ORIENTED_EDGE('',*,*,#796,.T.);
#796 = EDGE_CURVE('',#705,#771,#797,.T.);
#797 = LINE('',#798,#799);
#798 = CARTESIAN_POINT('',(35.,39.2,32.8));
#799 = VECTOR('',#800,1.);
#800 = DIRECTION('',(0.,1.,0.));
#801 = ORIENTED_EDGE('',*,*,#770,.F.);
#802 = PLANE('',#803);
#803 = AXIS2_PLACEMENT_3D('',#804,#805,#806);
#804 = CARTESIAN_POINT('',(27.,39.2,32.8));
#805 = DIRECTION('',(0.,0.,1.));
#806 = DIRECTION('',(1.,0.,0.));
#807 = ADVANCED_FACE('',(#808),#814,.T.);
#808 = FACE_BOUND('',#809,.T.);
#809 = EDGE_LOOP('',(#810,#811,#812,#813));
#810 = ORIENTED_EDGE('',*,*,#721,.F.);
#811 = ORIENTED_EDGE('',*,*,#796,.T.);
#812 = ORIENTED_EDGE('',*,*,#780,.T.);
#813 = ORIENTED_EDGE('',*,*,#737,.F.);
#814 = PLANE('',#815);
#815 = AXIS2_PLACEMENT_3D('',#816,#817,#818);
#816 = CARTESIAN_POINT('',(35.,39.2,32.8));
#817 = DIRECTION('',(1.,0.,0.));
#818 = DIRECTION('',(0.,0.,1.));
#819 = ADVANCED_FACE('',(#820),#839,.T.);
#820 = FACE_BOUND('',#821,.T.);
#821 = EDGE_LOOP('',(#822,#830,#837,#838));
#822 = ORIENTED_EDGE('',*,*,#823,.T.);
#823 = EDGE_CURVE('',#754,#824,#826,.T.);
#824 = VERTEX_POINT('',#825);
#825 = CARTESIAN_POINT('',(34.5,43.2,41.8));
#826 = LINE('',#827,#828);
#827 = CARTESIAN_POINT('',(34.5,43.2,34.8));
#828 = VECTOR('',#829,1.);
#829 = DIRECTION('',(0.,0.,1.));
#830 = ORIENTED_EDGE('',*,*,#831,.F.);
#831 = EDGE_CURVE('',#824,#824,#832,.T.);
#832 = CIRCLE('',#833,3.5);
#833 = AXIS2_PLACEMENT_3D('',#834,#835,#836);
#834 = CARTESIAN_POINT('',(31.,43.2,41.8));
#835 = DIRECTION('',(0.,0.,1.));
#836 = DIRECTION('',(1.,0.,0.));
#837 = ORIENTED_EDGE('',*,*,#823,.F.);
#838 = ORIENTED_EDGE('',*,*,#753,.T.);
#839 = CYLINDRICAL_SURFACE('',#840,3.5);
#840 = AXIS2_PLACEMENT_3D('',#841,#842,#843);
#841 = CARTESIAN_POINT('',(31.,43.2,34.8));
#842 = DIRECTION('',(0.,0.,1.));
#843 = DIRECTION('',(1.,0.,0.));
#844 = ADVANCED_FACE('',(#845),#848,.T.);
#845 = FACE_BOUND('',#846,.T.);
#846 = EDGE_LOOP('',(#847));
#847 = ORIENTED_EDGE('',*,*,#831,.T.);
#848 = PLANE('',#849);
#849 = AXIS2_PLACEMENT_3D('',#850,#851,#852);
#850 = CARTESIAN_POINT('',(31.,43.2,41.8));
#851 = DIRECTION('',(0.,0.,1.));
#852 = DIRECTION('',(1.,0.,0.));
#853 = MANIFOLD_SOLID_BREP('',#854);
#854 = CLOSED_SHELL('',(#855,#895,#926,#984,#1008,#1025,#1037,#1068,
    #1092,#1116,#1133,#1179,#1210,#1234,#1258,#1275));
#855 = ADVANCED_FACE('',(#856),#890,.F.);
#856 = FACE_BOUND('',#857,.F.);
#857 = EDGE_LOOP('',(#858,#868,#876,#884));
#858 = ORIENTED_EDGE('',*,*,#859,.F.);
#859 = EDGE_CURVE('',#860,#862,#864,.T.);
#860 = VERTEX_POINT('',#861);
#861 = CARTESIAN_POINT('',(26.75,19.6,32.8));
#862 = VERTEX_POINT('',#863);
#863 = CARTESIAN_POINT('',(26.75,19.6,36.3));
#864 = LINE('',#865,#866);
#865 = CARTESIAN_POINT('',(26.75,19.6,32.8));
#866 = VECTOR('',#867,1.);
#867 = DIRECTION('',(0.,0.,1.));
#868 = ORIENTED_EDGE('',*,*,#869,.T.);
#869 = EDGE_CURVE('',#860,#870,#872,.T.);
#870 = VERTEX_POINT('',#871);
#871 = CARTESIAN_POINT('',(26.75,23.6,32.8));
#872 = LINE('',#873,#874);
#873 = CARTESIAN_POINT('',(26.75,19.6,32.8));
#874 = VECTOR('',#875,1.);
#875 = DIRECTION('',(0.,1.,0.));
#876 = ORIENTED_EDGE('',*,*,#877,.T.);
#877 = EDGE_CURVE('',#870,#878,#880,.T.);
#878 = VERTEX_POINT('',#879);
#879 = CARTESIAN_POINT('',(26.75,23.6,36.3));
#880 = LINE('',#881,#882);
#881 = CARTESIAN_POINT('',(26.75,23.6,32.8));
#882 = VECTOR('',#883,1.);
#883 = DIRECTION('',(0.,0.,1.));
#884 = ORIENTED_EDGE('',*,*,#885,.F.);
#885 = EDGE_CURVE('',#862,#878,#886,.T.);
#886 = LINE('',#887,#888);
#887 = CARTESIAN_POINT('',(26.75,19.6,36.3));
#888 = VECTOR('',#889,1.);
#889 = DIRECTION('',(0.,1.,0.));
#890 = PLANE('',#891);
#891 = AXIS2_PLACEMENT_3D('',#892,#893,#894);
#892 = CARTESIAN_POINT('',(26.75,19.6,32.8));
#893 = DIRECTION('',(1.,0.,0.));
#894 = DIRECTION('',(0.,0.,1.));
#895 = ADVANCED_FACE('',(#896),#921,.F.);
#896 = FACE_BOUND('',#897,.F.);
#897 = EDGE_LOOP('',(#898,#906,#907,#915));
#898 = ORIENTED_EDGE('',*,*,#899,.F.);
#899 = EDGE_CURVE('',#860,#900,#902,.T.);
#900 = VERTEX_POINT('',#901);
#901 = CARTESIAN_POINT('',(35.25,19.6,32.8));
#902 = LINE('',#903,#904);
#903 = CARTESIAN_POINT('',(26.75,19.6,32.8));
#904 = VECTOR('',#905,1.);
#905 = DIRECTION('',(1.,0.,0.));
#906 = ORIENTED_EDGE('',*,*,#859,.T.);
#907 = ORIENTED_EDGE('',*,*,#908,.T.);
#908 = EDGE_CURVE('',#862,#909,#911,.T.);
#909 = VERTEX_POINT('',#910);
#910 = CARTESIAN_POINT('',(35.25,19.6,36.3));
#911 = LINE('',#912,#913);
#912 = CARTESIAN_POINT('',(26.75,19.6,36.3));
#913 = VECTOR('',#914,1.);
#914 = DIRECTION('',(1.,0.,0.));
#915 = ORIENTED_EDGE('',*,*,#916,.F.);
#916 = EDGE_CURVE('',#900,#909,#917,.T.);
#917 = LINE('',#918,#919);
#918 = CARTESIAN_POINT('',(35.25,19.6,32.8));
#919 = VECTOR('',#920,1.);
#920 = DIRECTION('',(0.,0.,1.));
#921 = PLANE('',#922);
#922 = AXIS2_PLACEMENT_3D('',#923,#924,#925);
#923 = CARTESIAN_POINT('',(26.75,19.6,32.8));
#924 = DIRECTION('',(0.,1.,0.));
#925 = DIRECTION('',(0.,0.,1.));
#926 = ADVANCED_FACE('',(#927,#961),#979,.F.);
#927 = FACE_BOUND('',#928,.F.);
#928 = EDGE_LOOP('',(#929,#939,#947,#955));
#929 = ORIENTED_EDGE('',*,*,#930,.F.);
#930 = EDGE_CURVE('',#931,#933,#935,.T.);
#931 = VERTEX_POINT('',#932);
#932 = CARTESIAN_POINT('',(25.25,19.1,36.3));
#933 = VERTEX_POINT('',#934);
#934 = CARTESIAN_POINT('',(25.25,24.1,36.3));
#935 = LINE('',#936,#937);
#936 = CARTESIAN_POINT('',(25.25,19.1,36.3));
#937 = VECTOR('',#938,1.);
#938 = DIRECTION('',(0.,1.,0.));
#939 = ORIENTED_EDGE('',*,*,#940,.T.);
#940 = EDGE_CURVE('',#931,#941,#943,.T.);
#941 = VERTEX_POINT('',#942);
#942 = CARTESIAN_POINT('',(36.75,19.1,36.3));
#943 = LINE('',#944,#945);
#944 = CARTESIAN_POINT('',(25.25,19.1,36.3));
#945 = VECTOR('',#946,1.);
#946 = DIRECTION('',(1.,0.,0.));
#947 = ORIENTED_EDGE('',*,*,#948,.T.);
#948 = EDGE_CURVE('',#941,#949,#951,.T.);
#949 = VERTEX_POINT('',#950);
#950 = CARTESIAN_POINT('',(36.75,24.1,36.3));
#951 = LINE('',#952,#953);
#952 = CARTESIAN_POINT('',(36.75,19.1,36.3));
#953 = VECTOR('',#954,1.);
#954 = DIRECTION('',(0.,1.,0.));
#955 = ORIENTED_EDGE('',*,*,#956,.F.);
#956 = EDGE_CURVE('',#933,#949,#957,.T.);
#957 = LINE('',#958,#959);
#958 = CARTESIAN_POINT('',(25.25,24.1,36.3));
#959 = VECTOR('',#960,1.);
#960 = DIRECTION('',(1.,0.,0.));
#961 = FACE_BOUND('',#962,.F.);
#962 = EDGE_LOOP('',(#963,#964,#965,#973));
#963 = ORIENTED_EDGE('',*,*,#908,.F.);
#964 = ORIENTED_EDGE('',*,*,#885,.T.);
#965 = ORIENTED_EDGE('',*,*,#966,.T.);
#966 = EDGE_CURVE('',#878,#967,#969,.T.);
#967 = VERTEX_POINT('',#968);
#968 = CARTESIAN_POINT('',(35.25,23.6,36.3));
#969 = LINE('',#970,#971);
#970 = CARTESIAN_POINT('',(26.75,23.6,36.3));
#971 = VECTOR('',#972,1.);
#972 = DIRECTION('',(1.,0.,0.));
#973 = ORIENTED_EDGE('',*,*,#974,.F.);
#974 = EDGE_CURVE('',#909,#967,#975,.T.);
#975 = LINE('',#976,#977);
#976 = CARTESIAN_POINT('',(35.25,19.6,36.3));
#977 = VECTOR('',#978,1.);
#978 = DIRECTION('',(0.,1.,0.));
#979 = PLANE('',#980);
#980 = AXIS2_PLACEMENT_3D('',#981,#982,#983);
#981 = CARTESIAN_POINT('',(25.25,19.1,36.3));
#982 = DIRECTION('',(0.,0.,1.));
#983 = DIRECTION('',(1.,0.,0.));
#984 = ADVANCED_FACE('',(#985),#1003,.T.);
#985 = FACE_BOUND('',#986,.T.);
#986 = EDGE_LOOP('',(#987,#995,#996,#997));
#987 = ORIENTED_EDGE('',*,*,#988,.F.);
#988 = EDGE_CURVE('',#870,#989,#991,.T.);
#989 = VERTEX_POINT('',#990);
#990 = CARTESIAN_POINT('',(35.25,23.6,32.8));
#991 = LINE('',#992,#993);
#992 = CARTESIAN_POINT('',(26.75,23.6,32.8));
#993 = VECTOR('',#994,1.);
#994 = DIRECTION('',(1.,0.,0.));
#995 = ORIENTED_EDGE('',*,*,#877,.T.);
#996 = ORIENTED_EDGE('',*,*,#966,.T.);
#997 = ORIENTED_EDGE('',*,*,#998,.F.);
#998 = EDGE_CURVE('',#989,#967,#999,.T.);
#999 = LINE('',#1000,#1001);
#1000 = CARTESIAN_POINT('',(35.25,23.6,32.8));
#1001 = VECTOR('',#1002,1.);
#1002 = DIRECTION('',(0.,0.,1.));
#1003 = PLANE('',#1004);
#1004 = AXIS2_PLACEMENT_3D('',#1005,#1006,#1007);
#1005 = CARTESIAN_POINT('',(26.75,23.6,32.8));
#1006 = DIRECTION('',(0.,1.,0.));
#1007 = DIRECTION('',(0.,0.,1.));
#1008 = ADVANCED_FACE('',(#1009),#1020,.F.);
#1009 = FACE_BOUND('',#1010,.F.);
#1010 = EDGE_LOOP('',(#1011,#1012,#1013,#1019));
#1011 = ORIENTED_EDGE('',*,*,#869,.F.);
#1012 = ORIENTED_EDGE('',*,*,#899,.T.);
#1013 = ORIENTED_EDGE('',*,*,#1014,.T.);
#1014 = EDGE_CURVE('',#900,#989,#1015,.T.);
#1015 = LINE('',#1016,#1017);
#1016 = CARTESIAN_POINT('',(35.25,19.6,32.8));
#1017 = VECTOR('',#1018,1.);
#1018 = DIRECTION('',(0.,1.,0.));
#1019 = ORIENTED_EDGE('',*,*,#988,.F.);
#1020 = PLANE('',#1021);
#1021 = AXIS2_PLACEMENT_3D('',#1022,#1023,#1024);
#1022 = CARTESIAN_POINT('',(26.75,19.6,32.8));
#1023 = DIRECTION('',(0.,0.,1.));
#1024 = DIRECTION('',(1.,0.,0.));
#1025 = ADVANCED_FACE('',(#1026),#1032,.T.);
#1026 = FACE_BOUND('',#1027,.T.);
#1027 = EDGE_LOOP('',(#1028,#1029,#1030,#1031));
#1028 = ORIENTED_EDGE('',*,*,#916,.F.);
#1029 = ORIENTED_EDGE('',*,*,#1014,.T.);
#1030 = ORIENTED_EDGE('',*,*,#998,.T.);
#1031 = ORIENTED_EDGE('',*,*,#974,.F.);
#1032 = PLANE('',#1033);
#1033 = AXIS2_PLACEMENT_3D('',#1034,#1035,#1036);
#1034 = CARTESIAN_POINT('',(35.25,19.6,32.8));
#1035 = DIRECTION('',(1.,0.,0.));
#1036 = DIRECTION('',(0.,0.,1.));
#1037 = ADVANCED_FACE('',(#1038),#1063,.F.);
#1038 = FACE_BOUND('',#1039,.F.);
#1039 = EDGE_LOOP('',(#1040,#1048,#1049,#1057));
#1040 = ORIENTED_EDGE('',*,*,#1041,.F.);
#1041 = EDGE_CURVE('',#931,#1042,#1044,.T.);
#1042 = VERTEX_POINT('',#1043);
#1043 = CARTESIAN_POINT('',(25.25,19.1,37.1));
#1044 = LINE('',#1045,#1046);
#1045 = CARTESIAN_POINT('',(25.25,19.1,36.3));
#1046 = VECTOR('',#1047,1.);
#1047 = DIRECTION('',(0.,0.,1.));
#1048 = ORIENTED_EDGE('',*,*,#930,.T.);
#1049 = ORIENTED_EDGE('',*,*,#1050,.T.);
#1050 = EDGE_CURVE('',#933,#1051,#1053,.T.);
#1051 = VERTEX_POINT('',#1052);
#1052 = CARTESIAN_POINT('',(25.25,24.1,37.1));
#1053 = LINE('',#1054,#1055);
#1054 = CARTESIAN_POINT('',(25.25,24.1,36.3));
#1055 = VECTOR('',#1056,1.);
#1056 = DIRECTION('',(0.,0.,1.));
#1057 = ORIENTED_EDGE('',*,*,#1058,.F.);
#1058 = EDGE_CURVE('',#1042,#1051,#1059,.T.);
#1059 = LINE('',#1060,#1061);
#1060 = CARTESIAN_POINT('',(25.25,19.1,37.1));
#1061 = VECTOR('',#1062,1.);
#1062 = DIRECTION('',(0.,1.,0.));
#1063 = PLANE('',#1064);
#1064 = AXIS2_PLACEMENT_3D('',#1065,#1066,#1067);
#1065 = CARTESIAN_POINT('',(25.25,19.1,36.3));
#1066 = DIRECTION('',(1.,0.,0.));
#1067 = DIRECTION('',(0.,0.,1.));
#1068 = ADVANCED_FACE('',(#1069),#1087,.T.);
#1069 = FACE_BOUND('',#1070,.T.);
#1070 = EDGE_LOOP('',(#1071,#1072,#1073,#1081));
#1071 = ORIENTED_EDGE('',*,*,#956,.F.);
#1072 = ORIENTED_EDGE('',*,*,#1050,.T.);
#1073 = ORIENTED_EDGE('',*,*,#1074,.T.);
#1074 = EDGE_CURVE('',#1051,#1075,#1077,.T.);
#1075 = VERTEX_POINT('',#1076);
#1076 = CARTESIAN_POINT('',(36.75,24.1,37.1));
#1077 = LINE('',#1078,#1079);
#1078 = CARTESIAN_POINT('',(25.25,24.1,37.1));
#1079 = VECTOR('',#1080,1.);
#1080 = DIRECTION('',(1.,0.,0.));
#1081 = ORIENTED_EDGE('',*,*,#1082,.F.);
#1082 = EDGE_CURVE('',#949,#1075,#1083,.T.);
#1083 = LINE('',#1084,#1085);
#1084 = CARTESIAN_POINT('',(36.75,24.1,36.3));
#1085 = VECTOR('',#1086,1.);
#1086 = DIRECTION('',(0.,0.,1.));
#1087 = PLANE('',#1088);
#1088 = AXIS2_PLACEMENT_3D('',#1089,#1090,#1091);
#1089 = CARTESIAN_POINT('',(25.25,24.1,36.3));
#1090 = DIRECTION('',(0.,1.,0.));
#1091 = DIRECTION('',(0.,0.,1.));
#1092 = ADVANCED_FACE('',(#1093),#1111,.F.);
#1093 = FACE_BOUND('',#1094,.F.);
#1094 = EDGE_LOOP('',(#1095,#1096,#1097,#1105));
#1095 = ORIENTED_EDGE('',*,*,#940,.F.);
#1096 = ORIENTED_EDGE('',*,*,#1041,.T.);
#1097 = ORIENTED_EDGE('',*,*,#1098,.T.);
#1098 = EDGE_CURVE('',#1042,#1099,#1101,.T.);
#1099 = VERTEX_POINT('',#1100);
#1100 = CARTESIAN_POINT('',(36.75,19.1,37.1));
#1101 = LINE('',#1102,#1103);
#1102 = CARTESIAN_POINT('',(25.25,19.1,37.1));
#1103 = VECTOR('',#1104,1.);
#1104 = DIRECTION('',(1.,0.,0.));
#1105 = ORIENTED_EDGE('',*,*,#1106,.F.);
#1106 = EDGE_CURVE('',#941,#1099,#1107,.T.);
#1107 = LINE('',#1108,#1109);
#1108 = CARTESIAN_POINT('',(36.75,19.1,36.3));
#1109 = VECTOR('',#1110,1.);
#1110 = DIRECTION('',(0.,0.,1.));
#1111 = PLANE('',#1112);
#1112 = AXIS2_PLACEMENT_3D('',#1113,#1114,#1115);
#1113 = CARTESIAN_POINT('',(25.25,19.1,36.3));
#1114 = DIRECTION('',(0.,1.,0.));
#1115 = DIRECTION('',(0.,0.,1.));
#1116 = ADVANCED_FACE('',(#1117),#1128,.T.);
#1117 = FACE_BOUND('',#1118,.T.);
#1118 = EDGE_LOOP('',(#1119,#1120,#1121,#1122));
#1119 = ORIENTED_EDGE('',*,*,#1106,.F.);
#1120 = ORIENTED_EDGE('',*,*,#948,.T.);
#1121 = ORIENTED_EDGE('',*,*,#1082,.T.);
#1122 = ORIENTED_EDGE('',*,*,#1123,.F.);
#1123 = EDGE_CURVE('',#1099,#1075,#1124,.T.);
#1124 = LINE('',#1125,#1126);
#1125 = CARTESIAN_POINT('',(36.75,19.1,37.1));
#1126 = VECTOR('',#1127,1.);
#1127 = DIRECTION('',(0.,1.,0.));
#1128 = PLANE('',#1129);
#1129 = AXIS2_PLACEMENT_3D('',#1130,#1131,#1132);
#1130 = CARTESIAN_POINT('',(36.75,19.1,36.3));
#1131 = DIRECTION('',(1.,0.,0.));
#1132 = DIRECTION('',(0.,0.,1.));
#1133 = ADVANCED_FACE('',(#1134,#1140),#1174,.T.);
#1134 = FACE_BOUND('',#1135,.T.);
#1135 = EDGE_LOOP('',(#1136,#1137,#1138,#1139));
#1136 = ORIENTED_EDGE('',*,*,#1058,.F.);
#1137 = ORIENTED_EDGE('',*,*,#1098,.T.);
#1138 = ORIENTED_EDGE('',*,*,#1123,.T.);
#1139 = ORIENTED_EDGE('',*,*,#1074,.F.);
#1140 = FACE_BOUND('',#1141,.T.);
#1141 = EDGE_LOOP('',(#1142,#1152,#1160,#1168));
#1142 = ORIENTED_EDGE('',*,*,#1143,.T.);
#1143 = EDGE_CURVE('',#1144,#1146,#1148,.T.);
#1144 = VERTEX_POINT('',#1145);
#1145 = CARTESIAN_POINT('',(32.25,20.35,37.1));
#1146 = VERTEX_POINT('',#1147);
#1147 = CARTESIAN_POINT('',(29.75,20.35,37.1));
#1148 = LINE('',#1149,#1150);
#1149 = CARTESIAN_POINT('',(27.5,20.35,37.1));
#1150 = VECTOR('',#1151,1.);
#1151 = DIRECTION('',(-1.,0.,0.));
#1152 = ORIENTED_EDGE('',*,*,#1153,.T.);
#1153 = EDGE_CURVE('',#1146,#1154,#1156,.T.);
#1154 = VERTEX_POINT('',#1155);
#1155 = CARTESIAN_POINT('',(29.75,22.85,37.1));
#1156 = LINE('',#1157,#1158);
#1157 = CARTESIAN_POINT('',(29.75,19.725,37.1));
#1158 = VECTOR('',#1159,1.);
#1159 = DIRECTION('',(0.,1.,0.));
#1160 = ORIENTED_EDGE('',*,*,#1161,.F.);
#1161 = EDGE_CURVE('',#1162,#1154,#1164,.T.);
#1162 = VERTEX_POINT('',#1163);
#1163 = CARTESIAN_POINT('',(32.25,22.85,37.1));
#1164 = LINE('',#1165,#1166);
#1165 = CARTESIAN_POINT('',(27.5,22.85,37.1));
#1166 = VECTOR('',#1167,1.);
#1167 = DIRECTION('',(-1.,0.,0.));
#1168 = ORIENTED_EDGE('',*,*,#1169,.F.);
#1169 = EDGE_CURVE('',#1144,#1162,#1170,.T.);
#1170 = LINE('',#1171,#1172);
#1171 = CARTESIAN_POINT('',(32.25,19.725,37.1));
#1172 = VECTOR('',#1173,1.);
#1173 = DIRECTION('',(0.,1.,0.));
#1174 = PLANE('',#1175);
#1175 = AXIS2_PLACEMENT_3D('',#1176,#1177,#1178);
#1176 = CARTESIAN_POINT('',(25.25,19.1,37.1));
#1177 = DIRECTION('',(0.,0.,1.));
#1178 = DIRECTION('',(1.,0.,0.));
#1179 = ADVANCED_FACE('',(#1180),#1205,.F.);
#1180 = FACE_BOUND('',#1181,.F.);
#1181 = EDGE_LOOP('',(#1182,#1190,#1191,#1199));
#1182 = ORIENTED_EDGE('',*,*,#1183,.F.);
#1183 = EDGE_CURVE('',#1144,#1184,#1186,.T.);
#1184 = VERTEX_POINT('',#1185);
#1185 = CARTESIAN_POINT('',(32.25,20.35,42.3));
#1186 = LINE('',#1187,#1188);
#1187 = CARTESIAN_POINT('',(32.25,20.35,36.3));
#1188 = VECTOR('',#1189,1.);
#1189 = DIRECTION('',(0.,0.,1.));
#1190 = ORIENTED_EDGE('',*,*,#1143,.T.);
#1191 = ORIENTED_EDGE('',*,*,#1192,.T.);
#1192 = EDGE_CURVE('',#1146,#1193,#1195,.T.);
#1193 = VERTEX_POINT('',#1194);
#1194 = CARTESIAN_POINT('',(29.75,20.35,42.3));
#1195 = LINE('',#1196,#1197);
#1196 = CARTESIAN_POINT('',(29.75,20.35,36.3));
#1197 = VECTOR('',#1198,1.);
#1198 = DIRECTION('',(0.,0.,1.));
#1199 = ORIENTED_EDGE('',*,*,#1200,.T.);
#1200 = EDGE_CURVE('',#1193,#1184,#1201,.T.);
#1201 = LINE('',#1202,#1203);
#1202 = CARTESIAN_POINT('',(29.75,20.35,42.3));
#1203 = VECTOR('',#1204,1.);
#1204 = DIRECTION('',(1.,0.,0.));
#1205 = PLANE('',#1206);
#1206 = AXIS2_PLACEMENT_3D('',#1207,#1208,#1209);
#1207 = CARTESIAN_POINT('',(29.75,20.35,36.3));
#1208 = DIRECTION('',(0.,1.,0.));
#1209 = DIRECTION('',(0.,0.,1.));
#1210 = ADVANCED_FACE('',(#1211),#1229,.T.);
#1211 = FACE_BOUND('',#1212,.T.);
#1212 = EDGE_LOOP('',(#1213,#1214,#1215,#1223));
#1213 = ORIENTED_EDGE('',*,*,#1183,.F.);
#1214 = ORIENTED_EDGE('',*,*,#1169,.T.);
#1215 = ORIENTED_EDGE('',*,*,#1216,.T.);
#1216 = EDGE_CURVE('',#1162,#1217,#1219,.T.);
#1217 = VERTEX_POINT('',#1218);
#1218 = CARTESIAN_POINT('',(32.25,22.85,42.3));
#1219 = LINE('',#1220,#1221);
#1220 = CARTESIAN_POINT('',(32.25,22.85,36.3));
#1221 = VECTOR('',#1222,1.);
#1222 = DIRECTION('',(0.,0.,1.));
#1223 = ORIENTED_EDGE('',*,*,#1224,.F.);
#1224 = EDGE_CURVE('',#1184,#1217,#1225,.T.);
#1225 = LINE('',#1226,#1227);
#1226 = CARTESIAN_POINT('',(32.25,20.35,42.3));
#1227 = VECTOR('',#1228,1.);
#1228 = DIRECTION('',(0.,1.,0.));
#1229 = PLANE('',#1230);
#1230 = AXIS2_PLACEMENT_3D('',#1231,#1232,#1233);
#1231 = CARTESIAN_POINT('',(32.25,20.35,36.3));
#1232 = DIRECTION('',(1.,0.,0.));
#1233 = DIRECTION('',(0.,0.,1.));
#1234 = ADVANCED_FACE('',(#1235),#1253,.T.);
#1235 = FACE_BOUND('',#1236,.T.);
#1236 = EDGE_LOOP('',(#1237,#1238,#1239,#1247));
#1237 = ORIENTED_EDGE('',*,*,#1216,.F.);
#1238 = ORIENTED_EDGE('',*,*,#1161,.T.);
#1239 = ORIENTED_EDGE('',*,*,#1240,.T.);
#1240 = EDGE_CURVE('',#1154,#1241,#1243,.T.);
#1241 = VERTEX_POINT('',#1242);
#1242 = CARTESIAN_POINT('',(29.75,22.85,42.3));
#1243 = LINE('',#1244,#1245);
#1244 = CARTESIAN_POINT('',(29.75,22.85,36.3));
#1245 = VECTOR('',#1246,1.);
#1246 = DIRECTION('',(0.,0.,1.));
#1247 = ORIENTED_EDGE('',*,*,#1248,.T.);
#1248 = EDGE_CURVE('',#1241,#1217,#1249,.T.);
#1249 = LINE('',#1250,#1251);
#1250 = CARTESIAN_POINT('',(29.75,22.85,42.3));
#1251 = VECTOR('',#1252,1.);
#1252 = DIRECTION('',(1.,0.,0.));
#1253 = PLANE('',#1254);
#1254 = AXIS2_PLACEMENT_3D('',#1255,#1256,#1257);
#1255 = CARTESIAN_POINT('',(29.75,22.85,36.3));
#1256 = DIRECTION('',(0.,1.,0.));
#1257 = DIRECTION('',(0.,0.,1.));
#1258 = ADVANCED_FACE('',(#1259),#1270,.F.);
#1259 = FACE_BOUND('',#1260,.F.);
#1260 = EDGE_LOOP('',(#1261,#1262,#1263,#1264));
#1261 = ORIENTED_EDGE('',*,*,#1192,.F.);
#1262 = ORIENTED_EDGE('',*,*,#1153,.T.);
#1263 = ORIENTED_EDGE('',*,*,#1240,.T.);
#1264 = ORIENTED_EDGE('',*,*,#1265,.F.);
#1265 = EDGE_CURVE('',#1193,#1241,#1266,.T.);
#1266 = LINE('',#1267,#1268);
#1267 = CARTESIAN_POINT('',(29.75,20.35,42.3));
#1268 = VECTOR('',#1269,1.);
#1269 = DIRECTION('',(0.,1.,0.));
#1270 = PLANE('',#1271);
#1271 = AXIS2_PLACEMENT_3D('',#1272,#1273,#1274);
#1272 = CARTESIAN_POINT('',(29.75,20.35,36.3));
#1273 = DIRECTION('',(1.,0.,0.));
#1274 = DIRECTION('',(0.,0.,1.));
#1275 = ADVANCED_FACE('',(#1276),#1282,.T.);
#1276 = FACE_BOUND('',#1277,.T.);
#1277 = EDGE_LOOP('',(#1278,#1279,#1280,#1281));
#1278 = ORIENTED_EDGE('',*,*,#1265,.F.);
#1279 = ORIENTED_EDGE('',*,*,#1200,.T.);
#1280 = ORIENTED_EDGE('',*,*,#1224,.T.);
#1281 = ORIENTED_EDGE('',*,*,#1248,.F.);
#1282 = PLANE('',#1283);
#1283 = AXIS2_PLACEMENT_3D('',#1284,#1285,#1286);
#1284 = CARTESIAN_POINT('',(29.75,20.35,42.3));
#1285 = DIRECTION('',(0.,0.,1.));
#1286 = DIRECTION('',(1.,0.,0.));
#1287 = MANIFOLD_SOLID_BREP('',#1288);
#1288 = CLOSED_SHELL('',(#1289,#1329,#1360,#1391,#1422,#1453,#1484,#1515
    ,#1537,#1553));
#1289 = ADVANCED_FACE('',(#1290),#1324,.F.);
#1290 = FACE_BOUND('',#1291,.F.);
#1291 = EDGE_LOOP('',(#1292,#1302,#1310,#1318));
#1292 = ORIENTED_EDGE('',*,*,#1293,.T.);
#1293 = EDGE_CURVE('',#1294,#1296,#1298,.T.);
#1294 = VERTEX_POINT('',#1295);
#1295 = CARTESIAN_POINT('',(6.,0.,31.2));
#1296 = VERTEX_POINT('',#1297);
#1297 = CARTESIAN_POINT('',(6.,0.,32.8));
#1298 = LINE('',#1299,#1300);
#1299 = CARTESIAN_POINT('',(6.,0.,31.2));
#1300 = VECTOR('',#1301,1.);
#1301 = DIRECTION('',(0.,0.,1.));
#1302 = ORIENTED_EDGE('',*,*,#1303,.T.);
#1303 = EDGE_CURVE('',#1296,#1304,#1306,.T.);
#1304 = VERTEX_POINT('',#1305);
#1305 = CARTESIAN_POINT('',(48.,0.,32.8));
#1306 = LINE('',#1307,#1308);
#1307 = CARTESIAN_POINT('',(6.,0.,32.8));
#1308 = VECTOR('',#1309,1.);
#1309 = DIRECTION('',(1.,0.,0.));
#1310 = ORIENTED_EDGE('',*,*,#1311,.F.);
#1311 = EDGE_CURVE('',#1312,#1304,#1314,.T.);
#1312 = VERTEX_POINT('',#1313);
#1313 = CARTESIAN_POINT('',(48.,0.,31.2));
#1314 = LINE('',#1315,#1316);
#1315 = CARTESIAN_POINT('',(48.,0.,31.2));
#1316 = VECTOR('',#1317,1.);
#1317 = DIRECTION('',(0.,0.,1.));
#1318 = ORIENTED_EDGE('',*,*,#1319,.F.);
#1319 = EDGE_CURVE('',#1294,#1312,#1320,.T.);
#1320 = LINE('',#1321,#1322);
#1321 = CARTESIAN_POINT('',(6.,0.,31.2));
#1322 = VECTOR('',#1323,1.);
#1323 = DIRECTION('',(1.,0.,0.));
#1324 = PLANE('',#1325);
#1325 = AXIS2_PLACEMENT_3D('',#1326,#1327,#1328);
#1326 = CARTESIAN_POINT('',(6.,0.,31.2));
#1327 = DIRECTION('',(0.,1.,0.));
#1328 = DIRECTION('',(1.,0.,0.));
#1329 = ADVANCED_FACE('',(#1330),#1355,.F.);
#1330 = FACE_BOUND('',#1331,.F.);
#1331 = EDGE_LOOP('',(#1332,#1333,#1341,#1349));
#1332 = ORIENTED_EDGE('',*,*,#1311,.T.);
#1333 = ORIENTED_EDGE('',*,*,#1334,.T.);
#1334 = EDGE_CURVE('',#1304,#1335,#1337,.T.);
#1335 = VERTEX_POINT('',#1336);
#1336 = CARTESIAN_POINT('',(54.,6.,32.8));
#1337 = LINE('',#1338,#1339);
#1338 = CARTESIAN_POINT('',(48.,0.,32.8));
#1339 = VECTOR('',#1340,1.);
#1340 = DIRECTION('',(0.707106781187,0.707106781187,0.));
#1341 = ORIENTED_EDGE('',*,*,#1342,.F.);
#1342 = EDGE_CURVE('',#1343,#1335,#1345,.T.);
#1343 = VERTEX_POINT('',#1344);
#1344 = CARTESIAN_POINT('',(54.,6.,31.2));
#1345 = LINE('',#1346,#1347);
#1346 = CARTESIAN_POINT('',(54.,6.,31.2));
#1347 = VECTOR('',#1348,1.);
#1348 = DIRECTION('',(0.,0.,1.));
#1349 = ORIENTED_EDGE('',*,*,#1350,.F.);
#1350 = EDGE_CURVE('',#1312,#1343,#1351,.T.);
#1351 = LINE('',#1352,#1353);
#1352 = CARTESIAN_POINT('',(48.,0.,31.2));
#1353 = VECTOR('',#1354,1.);
#1354 = DIRECTION('',(0.707106781187,0.707106781187,0.));
#1355 = PLANE('',#1356);
#1356 = AXIS2_PLACEMENT_3D('',#1357,#1358,#1359);
#1357 = CARTESIAN_POINT('',(48.,0.,31.2));
#1358 = DIRECTION('',(-0.707106781187,0.707106781187,0.));
#1359 = DIRECTION('',(0.707106781187,0.707106781187,0.));
#1360 = ADVANCED_FACE('',(#1361),#1386,.F.);
#1361 = FACE_BOUND('',#1362,.F.);
#1362 = EDGE_LOOP('',(#1363,#1364,#1372,#1380));
#1363 = ORIENTED_EDGE('',*,*,#1342,.T.);
#1364 = ORIENTED_EDGE('',*,*,#1365,.T.);
#1365 = EDGE_CURVE('',#1335,#1366,#1368,.T.);
#1366 = VERTEX_POINT('',#1367);
#1367 = CARTESIAN_POINT('',(54.,76.,32.8));
#1368 = LINE('',#1369,#1370);
#1369 = CARTESIAN_POINT('',(54.,6.,32.8));
#1370 = VECTOR('',#1371,1.);
#1371 = DIRECTION('',(0.,1.,0.));
#1372 = ORIENTED_EDGE('',*,*,#1373,.F.);
#1373 = EDGE_CURVE('',#1374,#1366,#1376,.T.);
#1374 = VERTEX_POINT('',#1375);
#1375 = CARTESIAN_POINT('',(54.,76.,31.2));
#1376 = LINE('',#1377,#1378);
#1377 = CARTESIAN_POINT('',(54.,76.,31.2));
#1378 = VECTOR('',#1379,1.);
#1379 = DIRECTION('',(0.,0.,1.));
#1380 = ORIENTED_EDGE('',*,*,#1381,.F.);
#1381 = EDGE_CURVE('',#1343,#1374,#1382,.T.);
#1382 = LINE('',#1383,#1384);
#1383 = CARTESIAN_POINT('',(54.,6.,31.2));
#1384 = VECTOR('',#1385,1.);
#1385 = DIRECTION('',(0.,1.,0.));
#1386 = PLANE('',#1387);
#1387 = AXIS2_PLACEMENT_3D('',#1388,#1389,#1390);
#1388 = CARTESIAN_POINT('',(54.,6.,31.2));
#1389 = DIRECTION('',(-1.,0.,0.));
#1390 = DIRECTION('',(0.,1.,0.));
#1391 = ADVANCED_FACE('',(#1392),#1417,.F.);
#1392 = FACE_BOUND('',#1393,.F.);
#1393 = EDGE_LOOP('',(#1394,#1395,#1403,#1411));
#1394 = ORIENTED_EDGE('',*,*,#1373,.T.);
#1395 = ORIENTED_EDGE('',*,*,#1396,.T.);
#1396 = EDGE_CURVE('',#1366,#1397,#1399,.T.);
#1397 = VERTEX_POINT('',#1398);
#1398 = CARTESIAN_POINT('',(48.,82.,32.8));
#1399 = LINE('',#1400,#1401);
#1400 = CARTESIAN_POINT('',(54.,76.,32.8));
#1401 = VECTOR('',#1402,1.);
#1402 = DIRECTION('',(-0.707106781187,0.707106781187,0.));
#1403 = ORIENTED_EDGE('',*,*,#1404,.F.);
#1404 = EDGE_CURVE('',#1405,#1397,#1407,.T.);
#1405 = VERTEX_POINT('',#1406);
#1406 = CARTESIAN_POINT('',(48.,82.,31.2));
#1407 = LINE('',#1408,#1409);
#1408 = CARTESIAN_POINT('',(48.,82.,31.2));
#1409 = VECTOR('',#1410,1.);
#1410 = DIRECTION('',(0.,0.,1.));
#1411 = ORIENTED_EDGE('',*,*,#1412,.F.);
#1412 = EDGE_CURVE('',#1374,#1405,#1413,.T.);
#1413 = LINE('',#1414,#1415);
#1414 = CARTESIAN_POINT('',(54.,76.,31.2));
#1415 = VECTOR('',#1416,1.);
#1416 = DIRECTION('',(-0.707106781187,0.707106781187,0.));
#1417 = PLANE('',#1418);
#1418 = AXIS2_PLACEMENT_3D('',#1419,#1420,#1421);
#1419 = CARTESIAN_POINT('',(54.,76.,31.2));
#1420 = DIRECTION('',(-0.707106781187,-0.707106781187,0.));
#1421 = DIRECTION('',(-0.707106781187,0.707106781187,0.));
#1422 = ADVANCED_FACE('',(#1423),#1448,.F.);
#1423 = FACE_BOUND('',#1424,.F.);
#1424 = EDGE_LOOP('',(#1425,#1426,#1434,#1442));
#1425 = ORIENTED_EDGE('',*,*,#1404,.T.);
#1426 = ORIENTED_EDGE('',*,*,#1427,.T.);
#1427 = EDGE_CURVE('',#1397,#1428,#1430,.T.);
#1428 = VERTEX_POINT('',#1429);
#1429 = CARTESIAN_POINT('',(6.,82.,32.8));
#1430 = LINE('',#1431,#1432);
#1431 = CARTESIAN_POINT('',(48.,82.,32.8));
#1432 = VECTOR('',#1433,1.);
#1433 = DIRECTION('',(-1.,0.,0.));
#1434 = ORIENTED_EDGE('',*,*,#1435,.F.);
#1435 = EDGE_CURVE('',#1436,#1428,#1438,.T.);
#1436 = VERTEX_POINT('',#1437);
#1437 = CARTESIAN_POINT('',(6.,82.,31.2));
#1438 = LINE('',#1439,#1440);
#1439 = CARTESIAN_POINT('',(6.,82.,31.2));
#1440 = VECTOR('',#1441,1.);
#1441 = DIRECTION('',(0.,0.,1.));
#1442 = ORIENTED_EDGE('',*,*,#1443,.F.);
#1443 = EDGE_CURVE('',#1405,#1436,#1444,.T.);
#1444 = LINE('',#1445,#1446);
#1445 = CARTESIAN_POINT('',(48.,82.,31.2));
#1446 = VECTOR('',#1447,1.);
#1447 = DIRECTION('',(-1.,0.,0.));
#1448 = PLANE('',#1449);
#1449 = AXIS2_PLACEMENT_3D('',#1450,#1451,#1452);
#1450 = CARTESIAN_POINT('',(48.,82.,31.2));
#1451 = DIRECTION('',(0.,-1.,0.));
#1452 = DIRECTION('',(-1.,0.,0.));
#1453 = ADVANCED_FACE('',(#1454),#1479,.F.);
#1454 = FACE_BOUND('',#1455,.F.);
#1455 = EDGE_LOOP('',(#1456,#1457,#1465,#1473));
#1456 = ORIENTED_EDGE('',*,*,#1435,.T.);
#1457 = ORIENTED_EDGE('',*,*,#1458,.T.);
#1458 = EDGE_CURVE('',#1428,#1459,#1461,.T.);
#1459 = VERTEX_POINT('',#1460);
#1460 = CARTESIAN_POINT('',(0.,76.,32.8));
#1461 = LINE('',#1462,#1463);
#1462 = CARTESIAN_POINT('',(6.,82.,32.8));
#1463 = VECTOR('',#1464,1.);
#1464 = DIRECTION('',(-0.707106781187,-0.707106781187,0.));
#1465 = ORIENTED_EDGE('',*,*,#1466,.F.);
#1466 = EDGE_CURVE('',#1467,#1459,#1469,.T.);
#1467 = VERTEX_POINT('',#1468);
#1468 = CARTESIAN_POINT('',(0.,76.,31.2));
#1469 = LINE('',#1470,#1471);
#1470 = CARTESIAN_POINT('',(0.,76.,31.2));
#1471 = VECTOR('',#1472,1.);
#1472 = DIRECTION('',(0.,0.,1.));
#1473 = ORIENTED_EDGE('',*,*,#1474,.F.);
#1474 = EDGE_CURVE('',#1436,#1467,#1475,.T.);
#1475 = LINE('',#1476,#1477);
#1476 = CARTESIAN_POINT('',(6.,82.,31.2));
#1477 = VECTOR('',#1478,1.);
#1478 = DIRECTION('',(-0.707106781187,-0.707106781187,0.));
#1479 = PLANE('',#1480);
#1480 = AXIS2_PLACEMENT_3D('',#1481,#1482,#1483);
#1481 = CARTESIAN_POINT('',(6.,82.,31.2));
#1482 = DIRECTION('',(0.707106781187,-0.707106781187,0.));
#1483 = DIRECTION('',(-0.707106781187,-0.707106781187,0.));
#1484 = ADVANCED_FACE('',(#1485),#1510,.F.);
#1485 = FACE_BOUND('',#1486,.F.);
#1486 = EDGE_LOOP('',(#1487,#1488,#1496,#1504));
#1487 = ORIENTED_EDGE('',*,*,#1466,.T.);
#1488 = ORIENTED_EDGE('',*,*,#1489,.T.);
#1489 = EDGE_CURVE('',#1459,#1490,#1492,.T.);
#1490 = VERTEX_POINT('',#1491);
#1491 = CARTESIAN_POINT('',(0.,6.,32.8));
#1492 = LINE('',#1493,#1494);
#1493 = CARTESIAN_POINT('',(0.,76.,32.8));
#1494 = VECTOR('',#1495,1.);
#1495 = DIRECTION('',(0.,-1.,0.));
#1496 = ORIENTED_EDGE('',*,*,#1497,.F.);
#1497 = EDGE_CURVE('',#1498,#1490,#1500,.T.);
#1498 = VERTEX_POINT('',#1499);
#1499 = CARTESIAN_POINT('',(0.,6.,31.2));
#1500 = LINE('',#1501,#1502);
#1501 = CARTESIAN_POINT('',(0.,6.,31.2));
#1502 = VECTOR('',#1503,1.);
#1503 = DIRECTION('',(0.,0.,1.));
#1504 = ORIENTED_EDGE('',*,*,#1505,.F.);
#1505 = EDGE_CURVE('',#1467,#1498,#1506,.T.);
#1506 = LINE('',#1507,#1508);
#1507 = CARTESIAN_POINT('',(0.,76.,31.2));
#1508 = VECTOR('',#1509,1.);
#1509 = DIRECTION('',(0.,-1.,0.));
#1510 = PLANE('',#1511);
#1511 = AXIS2_PLACEMENT_3D('',#1512,#1513,#1514);
#1512 = CARTESIAN_POINT('',(0.,76.,31.2));
#1513 = DIRECTION('',(1.,0.,0.));
#1514 = DIRECTION('',(0.,-1.,0.));
#1515 = ADVANCED_FACE('',(#1516),#1532,.F.);
#1516 = FACE_BOUND('',#1517,.F.);
#1517 = EDGE_LOOP('',(#1518,#1519,#1525,#1526));
#1518 = ORIENTED_EDGE('',*,*,#1497,.T.);
#1519 = ORIENTED_EDGE('',*,*,#1520,.T.);
#1520 = EDGE_CURVE('',#1490,#1296,#1521,.T.);
#1521 = LINE('',#1522,#1523);
#1522 = CARTESIAN_POINT('',(0.,6.,32.8));
#1523 = VECTOR('',#1524,1.);
#1524 = DIRECTION('',(0.707106781187,-0.707106781187,0.));
#1525 = ORIENTED_EDGE('',*,*,#1293,.F.);
#1526 = ORIENTED_EDGE('',*,*,#1527,.F.);
#1527 = EDGE_CURVE('',#1498,#1294,#1528,.T.);
#1528 = LINE('',#1529,#1530);
#1529 = CARTESIAN_POINT('',(0.,6.,31.2));
#1530 = VECTOR('',#1531,1.);
#1531 = DIRECTION('',(0.707106781187,-0.707106781187,0.));
#1532 = PLANE('',#1533);
#1533 = AXIS2_PLACEMENT_3D('',#1534,#1535,#1536);
#1534 = CARTESIAN_POINT('',(0.,6.,31.2));
#1535 = DIRECTION('',(0.707106781187,0.707106781187,0.));
#1536 = DIRECTION('',(0.707106781187,-0.707106781187,0.));
#1537 = ADVANCED_FACE('',(#1538),#1548,.F.);
#1538 = FACE_BOUND('',#1539,.F.);
#1539 = EDGE_LOOP('',(#1540,#1541,#1542,#1543,#1544,#1545,#1546,#1547));
#1540 = ORIENTED_EDGE('',*,*,#1319,.T.);
#1541 = ORIENTED_EDGE('',*,*,#1350,.T.);
#1542 = ORIENTED_EDGE('',*,*,#1381,.T.);
#1543 = ORIENTED_EDGE('',*,*,#1412,.T.);
#1544 = ORIENTED_EDGE('',*,*,#1443,.T.);
#1545 = ORIENTED_EDGE('',*,*,#1474,.T.);
#1546 = ORIENTED_EDGE('',*,*,#1505,.T.);
#1547 = ORIENTED_EDGE('',*,*,#1527,.T.);
#1548 = PLANE('',#1549);
#1549 = AXIS2_PLACEMENT_3D('',#1550,#1551,#1552);
#1550 = CARTESIAN_POINT('',(27.,41.,31.2));
#1551 = DIRECTION('',(0.,0.,1.));
#1552 = DIRECTION('',(1.,0.,0.));
#1553 = ADVANCED_FACE('',(#1554),#1564,.T.);
#1554 = FACE_BOUND('',#1555,.T.);
#1555 = EDGE_LOOP('',(#1556,#1557,#1558,#1559,#1560,#1561,#1562,#1563));
#1556 = ORIENTED_EDGE('',*,*,#1303,.T.);
#1557 = ORIENTED_EDGE('',*,*,#1334,.T.);
#1558 = ORIENTED_EDGE('',*,*,#1365,.T.);
#1559 = ORIENTED_EDGE('',*,*,#1396,.T.);
#1560 = ORIENTED_EDGE('',*,*,#1427,.T.);
#1561 = ORIENTED_EDGE('',*,*,#1458,.T.);
#1562 = ORIENTED_EDGE('',*,*,#1489,.T.);
#1563 = ORIENTED_EDGE('',*,*,#1520,.T.);
#1564 = PLANE('',#1565);
#1565 = AXIS2_PLACEMENT_3D('',#1566,#1567,#1568);
#1566 = CARTESIAN_POINT('',(27.,41.,32.8));
#1567 = DIRECTION('',(0.,0.,1.));
#1568 = DIRECTION('',(1.,0.,0.));
#1569 = MANIFOLD_SOLID_BREP('',#1570);
#1570 = CLOSED_SHELL('',(#1571,#1611,#1651,#1673,#1695,#1707));
#1571 = ADVANCED_FACE('',(#1572),#1606,.F.);
#1572 = FACE_BOUND('',#1573,.F.);
#1573 = EDGE_LOOP('',(#1574,#1584,#1592,#1600));
#1574 = ORIENTED_EDGE('',*,*,#1575,.F.);
#1575 = EDGE_CURVE('',#1576,#1578,#1580,.T.);
#1576 = VERTEX_POINT('',#1577);
#1577 = CARTESIAN_POINT('',(8.,68.,32.8));
#1578 = VERTEX_POINT('',#1579);
#1579 = CARTESIAN_POINT('',(8.,68.,36.3));
#1580 = LINE('',#1581,#1582);
#1581 = CARTESIAN_POINT('',(8.,68.,32.8));
#1582 = VECTOR('',#1583,1.);
#1583 = DIRECTION('',(0.,0.,1.));
#1584 = ORIENTED_EDGE('',*,*,#1585,.T.);
#1585 = EDGE_CURVE('',#1576,#1586,#1588,.T.);
#1586 = VERTEX_POINT('',#1587);
#1587 = CARTESIAN_POINT('',(8.,82.,32.8));
#1588 = LINE('',#1589,#1590);
#1589 = CARTESIAN_POINT('',(8.,68.,32.8));
#1590 = VECTOR('',#1591,1.);
#1591 = DIRECTION('',(0.,1.,0.));
#1592 = ORIENTED_EDGE('',*,*,#1593,.T.);
#1593 = EDGE_CURVE('',#1586,#1594,#1596,.T.);
#1594 = VERTEX_POINT('',#1595);
#1595 = CARTESIAN_POINT('',(8.,82.,36.3));
#1596 = LINE('',#1597,#1598);
#1597 = CARTESIAN_POINT('',(8.,82.,32.8));
#1598 = VECTOR('',#1599,1.);
#1599 = DIRECTION('',(0.,0.,1.));
#1600 = ORIENTED_EDGE('',*,*,#1601,.F.);
#1601 = EDGE_CURVE('',#1578,#1594,#1602,.T.);
#1602 = LINE('',#1603,#1604);
#1603 = CARTESIAN_POINT('',(8.,68.,36.3));
#1604 = VECTOR('',#1605,1.);
#1605 = DIRECTION('',(0.,1.,0.));
#1606 = PLANE('',#1607);
#1607 = AXIS2_PLACEMENT_3D('',#1608,#1609,#1610);
#1608 = CARTESIAN_POINT('',(8.,68.,32.8));
#1609 = DIRECTION('',(1.,0.,0.));
#1610 = DIRECTION('',(0.,0.,1.));
#1611 = ADVANCED_FACE('',(#1612),#1646,.T.);
#1612 = FACE_BOUND('',#1613,.T.);
#1613 = EDGE_LOOP('',(#1614,#1624,#1632,#1640));
#1614 = ORIENTED_EDGE('',*,*,#1615,.F.);
#1615 = EDGE_CURVE('',#1616,#1618,#1620,.T.);
#1616 = VERTEX_POINT('',#1617);
#1617 = CARTESIAN_POINT('',(19.,68.,32.8));
#1618 = VERTEX_POINT('',#1619);
#1619 = CARTESIAN_POINT('',(19.,68.,36.3));
#1620 = LINE('',#1621,#1622);
#1621 = CARTESIAN_POINT('',(19.,68.,32.8));
#1622 = VECTOR('',#1623,1.);
#1623 = DIRECTION('',(0.,0.,1.));
#1624 = ORIENTED_EDGE('',*,*,#1625,.T.);
#1625 = EDGE_CURVE('',#1616,#1626,#1628,.T.);
#1626 = VERTEX_POINT('',#1627);
#1627 = CARTESIAN_POINT('',(19.,82.,32.8));
#1628 = LINE('',#1629,#1630);
#1629 = CARTESIAN_POINT('',(19.,68.,32.8));
#1630 = VECTOR('',#1631,1.);
#1631 = DIRECTION('',(0.,1.,0.));
#1632 = ORIENTED_EDGE('',*,*,#1633,.T.);
#1633 = EDGE_CURVE('',#1626,#1634,#1636,.T.);
#1634 = VERTEX_POINT('',#1635);
#1635 = CARTESIAN_POINT('',(19.,82.,36.3));
#1636 = LINE('',#1637,#1638);
#1637 = CARTESIAN_POINT('',(19.,82.,32.8));
#1638 = VECTOR('',#1639,1.);
#1639 = DIRECTION('',(0.,0.,1.));
#1640 = ORIENTED_EDGE('',*,*,#1641,.F.);
#1641 = EDGE_CURVE('',#1618,#1634,#1642,.T.);
#1642 = LINE('',#1643,#1644);
#1643 = CARTESIAN_POINT('',(19.,68.,36.3));
#1644 = VECTOR('',#1645,1.);
#1645 = DIRECTION('',(0.,1.,0.));
#1646 = PLANE('',#1647);
#1647 = AXIS2_PLACEMENT_3D('',#1648,#1649,#1650);
#1648 = CARTESIAN_POINT('',(19.,68.,32.8));
#1649 = DIRECTION('',(1.,0.,0.));
#1650 = DIRECTION('',(0.,0.,1.));
#1651 = ADVANCED_FACE('',(#1652),#1668,.F.);
#1652 = FACE_BOUND('',#1653,.F.);
#1653 = EDGE_LOOP('',(#1654,#1660,#1661,#1667));
#1654 = ORIENTED_EDGE('',*,*,#1655,.F.);
#1655 = EDGE_CURVE('',#1576,#1616,#1656,.T.);
#1656 = LINE('',#1657,#1658);
#1657 = CARTESIAN_POINT('',(8.,68.,32.8));
#1658 = VECTOR('',#1659,1.);
#1659 = DIRECTION('',(1.,0.,0.));
#1660 = ORIENTED_EDGE('',*,*,#1575,.T.);
#1661 = ORIENTED_EDGE('',*,*,#1662,.T.);
#1662 = EDGE_CURVE('',#1578,#1618,#1663,.T.);
#1663 = LINE('',#1664,#1665);
#1664 = CARTESIAN_POINT('',(8.,68.,36.3));
#1665 = VECTOR('',#1666,1.);
#1666 = DIRECTION('',(1.,0.,0.));
#1667 = ORIENTED_EDGE('',*,*,#1615,.F.);
#1668 = PLANE('',#1669);
#1669 = AXIS2_PLACEMENT_3D('',#1670,#1671,#1672);
#1670 = CARTESIAN_POINT('',(8.,68.,32.8));
#1671 = DIRECTION('',(0.,1.,0.));
#1672 = DIRECTION('',(0.,0.,1.));
#1673 = ADVANCED_FACE('',(#1674),#1690,.T.);
#1674 = FACE_BOUND('',#1675,.T.);
#1675 = EDGE_LOOP('',(#1676,#1682,#1683,#1689));
#1676 = ORIENTED_EDGE('',*,*,#1677,.F.);
#1677 = EDGE_CURVE('',#1586,#1626,#1678,.T.);
#1678 = LINE('',#1679,#1680);
#1679 = CARTESIAN_POINT('',(8.,82.,32.8));
#1680 = VECTOR('',#1681,1.);
#1681 = DIRECTION('',(1.,0.,0.));
#1682 = ORIENTED_EDGE('',*,*,#1593,.T.);
#1683 = ORIENTED_EDGE('',*,*,#1684,.T.);
#1684 = EDGE_CURVE('',#1594,#1634,#1685,.T.);
#1685 = LINE('',#1686,#1687);
#1686 = CARTESIAN_POINT('',(8.,82.,36.3));
#1687 = VECTOR('',#1688,1.);
#1688 = DIRECTION('',(1.,0.,0.));
#1689 = ORIENTED_EDGE('',*,*,#1633,.F.);
#1690 = PLANE('',#1691);
#1691 = AXIS2_PLACEMENT_3D('',#1692,#1693,#1694);
#1692 = CARTESIAN_POINT('',(8.,82.,32.8));
#1693 = DIRECTION('',(0.,1.,0.));
#1694 = DIRECTION('',(0.,0.,1.));
#1695 = ADVANCED_FACE('',(#1696),#1702,.F.);
#1696 = FACE_BOUND('',#1697,.F.);
#1697 = EDGE_LOOP('',(#1698,#1699,#1700,#1701));
#1698 = ORIENTED_EDGE('',*,*,#1585,.F.);
#1699 = ORIENTED_EDGE('',*,*,#1655,.T.);
#1700 = ORIENTED_EDGE('',*,*,#1625,.T.);
#1701 = ORIENTED_EDGE('',*,*,#1677,.F.);
#1702 = PLANE('',#1703);
#1703 = AXIS2_PLACEMENT_3D('',#1704,#1705,#1706);
#1704 = CARTESIAN_POINT('',(8.,68.,32.8));
#1705 = DIRECTION('',(0.,0.,1.));
#1706 = DIRECTION('',(1.,0.,0.));
#1707 = ADVANCED_FACE('',(#1708),#1714,.T.);
#1708 = FACE_BOUND('',#1709,.T.);
#1709 = EDGE_LOOP('',(#1710,#1711,#1712,#1713));
#1710 = ORIENTED_EDGE('',*,*,#1601,.F.);
#1711 = ORIENTED_EDGE('',*,*,#1662,.T.);
#1712 = ORIENTED_EDGE('',*,*,#1641,.T.);
#1713 = ORIENTED_EDGE('',*,*,#1684,.F.);
#1714 = PLANE('',#1715);
#1715 = AXIS2_PLACEMENT_3D('',#1716,#1717,#1718);
#1716 = CARTESIAN_POINT('',(8.,68.,36.3));
#1717 = DIRECTION('',(0.,0.,1.));
#1718 = DIRECTION('',(1.,0.,0.));
#1719 = MANIFOLD_SOLID_BREP('',#1720);
#1720 = CLOSED_SHELL('',(#1721,#1761,#1792,#1884,#1908,#1925,#1937,#1968
    ,#1992,#2016,#2033,#2064,#2088,#2112,#2129,#2141));
#1721 = ADVANCED_FACE('',(#1722),#1756,.F.);
#1722 = FACE_BOUND('',#1723,.F.);
#1723 = EDGE_LOOP('',(#1724,#1734,#1742,#1750));
#1724 = ORIENTED_EDGE('',*,*,#1725,.F.);
#1725 = EDGE_CURVE('',#1726,#1728,#1730,.T.);
#1726 = VERTEX_POINT('',#1727);
#1727 = CARTESIAN_POINT('',(30.,10.,32.8));
#1728 = VERTEX_POINT('',#1729);
#1729 = CARTESIAN_POINT('',(30.,10.,34.4));
#1730 = LINE('',#1731,#1732);
#1731 = CARTESIAN_POINT('',(30.,10.,32.8));
#1732 = VECTOR('',#1733,1.);
#1733 = DIRECTION('',(0.,0.,1.));
#1734 = ORIENTED_EDGE('',*,*,#1735,.T.);
#1735 = EDGE_CURVE('',#1726,#1736,#1738,.T.);
#1736 = VERTEX_POINT('',#1737);
#1737 = CARTESIAN_POINT('',(30.,60.,32.8));
#1738 = LINE('',#1739,#1740);
#1739 = CARTESIAN_POINT('',(30.,10.,32.8));
#1740 = VECTOR('',#1741,1.);
#1741 = DIRECTION('',(0.,1.,0.));
#1742 = ORIENTED_EDGE('',*,*,#1743,.T.);
#1743 = EDGE_CURVE('',#1736,#1744,#1746,.T.);
#1744 = VERTEX_POINT('',#1745);
#1745 = CARTESIAN_POINT('',(30.,60.,34.4));
#1746 = LINE('',#1747,#1748);
#1747 = CARTESIAN_POINT('',(30.,60.,32.8));
#1748 = VECTOR('',#1749,1.);
#1749 = DIRECTION('',(0.,0.,1.));
#1750 = ORIENTED_EDGE('',*,*,#1751,.F.);
#1751 = EDGE_CURVE('',#1728,#1744,#1752,.T.);
#1752 = LINE('',#1753,#1754);
#1753 = CARTESIAN_POINT('',(30.,10.,34.4));
#1754 = VECTOR('',#1755,1.);
#1755 = DIRECTION('',(0.,1.,0.));
#1756 = PLANE('',#1757);
#1757 = AXIS2_PLACEMENT_3D('',#1758,#1759,#1760);
#1758 = CARTESIAN_POINT('',(30.,10.,32.8));
#1759 = DIRECTION('',(1.,0.,0.));
#1760 = DIRECTION('',(0.,0.,1.));
#1761 = ADVANCED_FACE('',(#1762),#1787,.F.);
#1762 = FACE_BOUND('',#1763,.F.);
#1763 = EDGE_LOOP('',(#1764,#1772,#1773,#1781));
#1764 = ORIENTED_EDGE('',*,*,#1765,.F.);
#1765 = EDGE_CURVE('',#1726,#1766,#1768,.T.);
#1766 = VERTEX_POINT('',#1767);
#1767 = CARTESIAN_POINT('',(55.,10.,32.8));
#1768 = LINE('',#1769,#1770);
#1769 = CARTESIAN_POINT('',(30.,10.,32.8));
#1770 = VECTOR('',#1771,1.);
#1771 = DIRECTION('',(1.,0.,0.));
#1772 = ORIENTED_EDGE('',*,*,#1725,.T.);
#1773 = ORIENTED_EDGE('',*,*,#1774,.T.);
#1774 = EDGE_CURVE('',#1728,#1775,#1777,.T.);
#1775 = VERTEX_POINT('',#1776);
#1776 = CARTESIAN_POINT('',(55.,10.,34.4));
#1777 = LINE('',#1778,#1779);
#1778 = CARTESIAN_POINT('',(30.,10.,34.4));
#1779 = VECTOR('',#1780,1.);
#1780 = DIRECTION('',(1.,0.,0.));
#1781 = ORIENTED_EDGE('',*,*,#1782,.F.);
#1782 = EDGE_CURVE('',#1766,#1775,#1783,.T.);
#1783 = LINE('',#1784,#1785);
#1784 = CARTESIAN_POINT('',(55.,10.,32.8));
#1785 = VECTOR('',#1786,1.);
#1786 = DIRECTION('',(0.,0.,1.));
#1787 = PLANE('',#1788);
#1788 = AXIS2_PLACEMENT_3D('',#1789,#1790,#1791);
#1789 = CARTESIAN_POINT('',(30.,10.,32.8));
#1790 = DIRECTION('',(0.,1.,0.));
#1791 = DIRECTION('',(0.,0.,1.));
#1792 = ADVANCED_FACE('',(#1793,#1811,#1845),#1879,.T.);
#1793 = FACE_BOUND('',#1794,.T.);
#1794 = EDGE_LOOP('',(#1795,#1796,#1797,#1805));
#1795 = ORIENTED_EDGE('',*,*,#1751,.F.);
#1796 = ORIENTED_EDGE('',*,*,#1774,.T.);
#1797 = ORIENTED_EDGE('',*,*,#1798,.T.);
#1798 = EDGE_CURVE('',#1775,#1799,#1801,.T.);
#1799 = VERTEX_POINT('',#1800);
#1800 = CARTESIAN_POINT('',(55.,60.,34.4));
#1801 = LINE('',#1802,#1803);
#1802 = CARTESIAN_POINT('',(55.,10.,34.4));
#1803 = VECTOR('',#1804,1.);
#1804 = DIRECTION('',(0.,1.,0.));
#1805 = ORIENTED_EDGE('',*,*,#1806,.F.);
#1806 = EDGE_CURVE('',#1744,#1799,#1807,.T.);
#1807 = LINE('',#1808,#1809);
#1808 = CARTESIAN_POINT('',(30.,60.,34.4));
#1809 = VECTOR('',#1810,1.);
#1810 = DIRECTION('',(1.,0.,0.));
#1811 = FACE_BOUND('',#1812,.T.);
#1812 = EDGE_LOOP('',(#1813,#1823,#1831,#1839));
#1813 = ORIENTED_EDGE('',*,*,#1814,.F.);
#1814 = EDGE_CURVE('',#1815,#1817,#1819,.T.);
#1815 = VERTEX_POINT('',#1816);
#1816 = CARTESIAN_POINT('',(34.5,14.,34.4));
#1817 = VERTEX_POINT('',#1818);
#1818 = CARTESIAN_POINT('',(50.5,14.,34.4));
#1819 = LINE('',#1820,#1821);
#1820 = CARTESIAN_POINT('',(34.5,14.,34.4));
#1821 = VECTOR('',#1822,1.);
#1822 = DIRECTION('',(1.,0.,0.));
#1823 = ORIENTED_EDGE('',*,*,#1824,.T.);
#1824 = EDGE_CURVE('',#1815,#1825,#1827,.T.);
#1825 = VERTEX_POINT('',#1826);
#1826 = CARTESIAN_POINT('',(34.5,32.,34.4));
#1827 = LINE('',#1828,#1829);
#1828 = CARTESIAN_POINT('',(34.5,14.,34.4));
#1829 = VECTOR('',#1830,1.);
#1830 = DIRECTION('',(0.,1.,0.));
#1831 = ORIENTED_EDGE('',*,*,#1832,.T.);
#1832 = EDGE_CURVE('',#1825,#1833,#1835,.T.);
#1833 = VERTEX_POINT('',#1834);
#1834 = CARTESIAN_POINT('',(50.5,32.,34.4));
#1835 = LINE('',#1836,#1837);
#1836 = CARTESIAN_POINT('',(34.5,32.,34.4));
#1837 = VECTOR('',#1838,1.);
#1838 = DIRECTION('',(1.,0.,0.));
#1839 = ORIENTED_EDGE('',*,*,#1840,.F.);
#1840 = EDGE_CURVE('',#1817,#1833,#1841,.T.);
#1841 = LINE('',#1842,#1843);
#1842 = CARTESIAN_POINT('',(50.5,14.,34.4));
#1843 = VECTOR('',#1844,1.);
#1844 = DIRECTION('',(0.,1.,0.));
#1845 = FACE_BOUND('',#1846,.T.);
#1846 = EDGE_LOOP('',(#1847,#1857,#1865,#1873));
#1847 = ORIENTED_EDGE('',*,*,#1848,.F.);
#1848 = EDGE_CURVE('',#1849,#1851,#1853,.T.);
#1849 = VERTEX_POINT('',#1850);
#1850 = CARTESIAN_POINT('',(32.,56.,34.4));
#1851 = VERTEX_POINT('',#1852);
#1852 = CARTESIAN_POINT('',(53.,56.,34.4));
#1853 = LINE('',#1854,#1855);
#1854 = CARTESIAN_POINT('',(32.,56.,34.4));
#1855 = VECTOR('',#1856,1.);
#1856 = DIRECTION('',(1.,0.,0.));
#1857 = ORIENTED_EDGE('',*,*,#1858,.T.);
#1858 = EDGE_CURVE('',#1849,#1859,#1861,.T.);
#1859 = VERTEX_POINT('',#1860);
#1860 = CARTESIAN_POINT('',(32.,59.,34.4));
#1861 = LINE('',#1862,#1863);
#1862 = CARTESIAN_POINT('',(32.,56.,34.4));
#1863 = VECTOR('',#1864,1.);
#1864 = DIRECTION('',(0.,1.,0.));
#1865 = ORIENTED_EDGE('',*,*,#1866,.T.);
#1866 = EDGE_CURVE('',#1859,#1867,#1869,.T.);
#1867 = VERTEX_POINT('',#1868);
#1868 = CARTESIAN_POINT('',(53.,59.,34.4));
#1869 = LINE('',#1870,#1871);
#1870 = CARTESIAN_POINT('',(32.,59.,34.4));
#1871 = VECTOR('',#1872,1.);
#1872 = DIRECTION('',(1.,0.,0.));
#1873 = ORIENTED_EDGE('',*,*,#1874,.F.);
#1874 = EDGE_CURVE('',#1851,#1867,#1875,.T.);
#1875 = LINE('',#1876,#1877);
#1876 = CARTESIAN_POINT('',(53.,56.,34.4));
#1877 = VECTOR('',#1878,1.);
#1878 = DIRECTION('',(0.,1.,0.));
#1879 = PLANE('',#1880);
#1880 = AXIS2_PLACEMENT_3D('',#1881,#1882,#1883);
#1881 = CARTESIAN_POINT('',(30.,10.,34.4));
#1882 = DIRECTION('',(0.,0.,1.));
#1883 = DIRECTION('',(1.,0.,0.));
#1884 = ADVANCED_FACE('',(#1885),#1903,.T.);
#1885 = FACE_BOUND('',#1886,.T.);
#1886 = EDGE_LOOP('',(#1887,#1895,#1896,#1897));
#1887 = ORIENTED_EDGE('',*,*,#1888,.F.);
#1888 = EDGE_CURVE('',#1736,#1889,#1891,.T.);
#1889 = VERTEX_POINT('',#1890);
#1890 = CARTESIAN_POINT('',(55.,60.,32.8));
#1891 = LINE('',#1892,#1893);
#1892 = CARTESIAN_POINT('',(30.,60.,32.8));
#1893 = VECTOR('',#1894,1.);
#1894 = DIRECTION('',(1.,0.,0.));
#1895 = ORIENTED_EDGE('',*,*,#1743,.T.);
#1896 = ORIENTED_EDGE('',*,*,#1806,.T.);
#1897 = ORIENTED_EDGE('',*,*,#1898,.F.);
#1898 = EDGE_CURVE('',#1889,#1799,#1899,.T.);
#1899 = LINE('',#1900,#1901);
#1900 = CARTESIAN_POINT('',(55.,60.,32.8));
#1901 = VECTOR('',#1902,1.);
#1902 = DIRECTION('',(0.,0.,1.));
#1903 = PLANE('',#1904);
#1904 = AXIS2_PLACEMENT_3D('',#1905,#1906,#1907);
#1905 = CARTESIAN_POINT('',(30.,60.,32.8));
#1906 = DIRECTION('',(0.,1.,0.));
#1907 = DIRECTION('',(0.,0.,1.));
#1908 = ADVANCED_FACE('',(#1909),#1920,.F.);
#1909 = FACE_BOUND('',#1910,.F.);
#1910 = EDGE_LOOP('',(#1911,#1912,#1913,#1919));
#1911 = ORIENTED_EDGE('',*,*,#1735,.F.);
#1912 = ORIENTED_EDGE('',*,*,#1765,.T.);
#1913 = ORIENTED_EDGE('',*,*,#1914,.T.);
#1914 = EDGE_CURVE('',#1766,#1889,#1915,.T.);
#1915 = LINE('',#1916,#1917);
#1916 = CARTESIAN_POINT('',(55.,10.,32.8));
#1917 = VECTOR('',#1918,1.);
#1918 = DIRECTION('',(0.,1.,0.));
#1919 = ORIENTED_EDGE('',*,*,#1888,.F.);
#1920 = PLANE('',#1921);
#1921 = AXIS2_PLACEMENT_3D('',#1922,#1923,#1924);
#1922 = CARTESIAN_POINT('',(30.,10.,32.8));
#1923 = DIRECTION('',(0.,0.,1.));
#1924 = DIRECTION('',(1.,0.,0.));
#1925 = ADVANCED_FACE('',(#1926),#1932,.T.);
#1926 = FACE_BOUND('',#1927,.T.);
#1927 = EDGE_LOOP('',(#1928,#1929,#1930,#1931));
#1928 = ORIENTED_EDGE('',*,*,#1782,.F.);
#1929 = ORIENTED_EDGE('',*,*,#1914,.T.);
#1930 = ORIENTED_EDGE('',*,*,#1898,.T.);
#1931 = ORIENTED_EDGE('',*,*,#1798,.F.);
#1932 = PLANE('',#1933);
#1933 = AXIS2_PLACEMENT_3D('',#1934,#1935,#1936);
#1934 = CARTESIAN_POINT('',(55.,10.,32.8));
#1935 = DIRECTION('',(1.,0.,0.));
#1936 = DIRECTION('',(0.,0.,1.));
#1937 = ADVANCED_FACE('',(#1938),#1963,.F.);
#1938 = FACE_BOUND('',#1939,.F.);
#1939 = EDGE_LOOP('',(#1940,#1941,#1949,#1957));
#1940 = ORIENTED_EDGE('',*,*,#1814,.F.);
#1941 = ORIENTED_EDGE('',*,*,#1942,.T.);
#1942 = EDGE_CURVE('',#1815,#1943,#1945,.T.);
#1943 = VERTEX_POINT('',#1944);
#1944 = CARTESIAN_POINT('',(34.5,14.,36.8));
#1945 = LINE('',#1946,#1947);
#1946 = CARTESIAN_POINT('',(34.5,14.,34.4));
#1947 = VECTOR('',#1948,1.);
#1948 = DIRECTION('',(0.,0.,1.));
#1949 = ORIENTED_EDGE('',*,*,#1950,.T.);
#1950 = EDGE_CURVE('',#1943,#1951,#1953,.T.);
#1951 = VERTEX_POINT('',#1952);
#1952 = CARTESIAN_POINT('',(50.5,14.,36.8));
#1953 = LINE('',#1954,#1955);
#1954 = CARTESIAN_POINT('',(34.5,14.,36.8));
#1955 = VECTOR('',#1956,1.);
#1956 = DIRECTION('',(1.,0.,0.));
#1957 = ORIENTED_EDGE('',*,*,#1958,.F.);
#1958 = EDGE_CURVE('',#1817,#1951,#1959,.T.);
#1959 = LINE('',#1960,#1961);
#1960 = CARTESIAN_POINT('',(50.5,14.,34.4));
#1961 = VECTOR('',#1962,1.);
#1962 = DIRECTION('',(0.,0.,1.));
#1963 = PLANE('',#1964);
#1964 = AXIS2_PLACEMENT_3D('',#1965,#1966,#1967);
#1965 = CARTESIAN_POINT('',(34.5,14.,34.4));
#1966 = DIRECTION('',(0.,1.,0.));
#1967 = DIRECTION('',(0.,0.,1.));
#1968 = ADVANCED_FACE('',(#1969),#1987,.F.);
#1969 = FACE_BOUND('',#1970,.F.);
#1970 = EDGE_LOOP('',(#1971,#1972,#1973,#1981));
#1971 = ORIENTED_EDGE('',*,*,#1942,.F.);
#1972 = ORIENTED_EDGE('',*,*,#1824,.T.);
#1973 = ORIENTED_EDGE('',*,*,#1974,.T.);
#1974 = EDGE_CURVE('',#1825,#1975,#1977,.T.);
#1975 = VERTEX_POINT('',#1976);
#1976 = CARTESIAN_POINT('',(34.5,32.,36.8));
#1977 = LINE('',#1978,#1979);
#1978 = CARTESIAN_POINT('',(34.5,32.,34.4));
#1979 = VECTOR('',#1980,1.);
#1980 = DIRECTION('',(0.,0.,1.));
#1981 = ORIENTED_EDGE('',*,*,#1982,.F.);
#1982 = EDGE_CURVE('',#1943,#1975,#1983,.T.);
#1983 = LINE('',#1984,#1985);
#1984 = CARTESIAN_POINT('',(34.5,14.,36.8));
#1985 = VECTOR('',#1986,1.);
#1986 = DIRECTION('',(0.,1.,0.));
#1987 = PLANE('',#1988);
#1988 = AXIS2_PLACEMENT_3D('',#1989,#1990,#1991);
#1989 = CARTESIAN_POINT('',(34.5,14.,34.4));
#1990 = DIRECTION('',(1.,0.,0.));
#1991 = DIRECTION('',(0.,0.,1.));
#1992 = ADVANCED_FACE('',(#1993),#2011,.T.);
#1993 = FACE_BOUND('',#1994,.T.);
#1994 = EDGE_LOOP('',(#1995,#1996,#1997,#2005));
#1995 = ORIENTED_EDGE('',*,*,#1958,.F.);
#1996 = ORIENTED_EDGE('',*,*,#1840,.T.);
#1997 = ORIENTED_EDGE('',*,*,#1998,.T.);
#1998 = EDGE_CURVE('',#1833,#1999,#2001,.T.);
#1999 = VERTEX_POINT('',#2000);
#2000 = CARTESIAN_POINT('',(50.5,32.,36.8));
#2001 = LINE('',#2002,#2003);
#2002 = CARTESIAN_POINT('',(50.5,32.,34.4));
#2003 = VECTOR('',#2004,1.);
#2004 = DIRECTION('',(0.,0.,1.));
#2005 = ORIENTED_EDGE('',*,*,#2006,.F.);
#2006 = EDGE_CURVE('',#1951,#1999,#2007,.T.);
#2007 = LINE('',#2008,#2009);
#2008 = CARTESIAN_POINT('',(50.5,14.,36.8));
#2009 = VECTOR('',#2010,1.);
#2010 = DIRECTION('',(0.,1.,0.));
#2011 = PLANE('',#2012);
#2012 = AXIS2_PLACEMENT_3D('',#2013,#2014,#2015);
#2013 = CARTESIAN_POINT('',(50.5,14.,34.4));
#2014 = DIRECTION('',(1.,0.,0.));
#2015 = DIRECTION('',(0.,0.,1.));
#2016 = ADVANCED_FACE('',(#2017),#2028,.T.);
#2017 = FACE_BOUND('',#2018,.T.);
#2018 = EDGE_LOOP('',(#2019,#2020,#2021,#2027));
#2019 = ORIENTED_EDGE('',*,*,#1832,.F.);
#2020 = ORIENTED_EDGE('',*,*,#1974,.T.);
#2021 = ORIENTED_EDGE('',*,*,#2022,.T.);
#2022 = EDGE_CURVE('',#1975,#1999,#2023,.T.);
#2023 = LINE('',#2024,#2025);
#2024 = CARTESIAN_POINT('',(34.5,32.,36.8));
#2025 = VECTOR('',#2026,1.);
#2026 = DIRECTION('',(1.,0.,0.));
#2027 = ORIENTED_EDGE('',*,*,#1998,.F.);
#2028 = PLANE('',#2029);
#2029 = AXIS2_PLACEMENT_3D('',#2030,#2031,#2032);
#2030 = CARTESIAN_POINT('',(34.5,32.,34.4));
#2031 = DIRECTION('',(0.,1.,0.));
#2032 = DIRECTION('',(0.,0.,1.));
#2033 = ADVANCED_FACE('',(#2034),#2059,.F.);
#2034 = FACE_BOUND('',#2035,.F.);
#2035 = EDGE_LOOP('',(#2036,#2037,#2045,#2053));
#2036 = ORIENTED_EDGE('',*,*,#1848,.F.);
#2037 = ORIENTED_EDGE('',*,*,#2038,.T.);
#2038 = EDGE_CURVE('',#1849,#2039,#2041,.T.);
#2039 = VERTEX_POINT('',#2040);
#2040 = CARTESIAN_POINT('',(32.,56.,40.4));
#2041 = LINE('',#2042,#2043);
#2042 = CARTESIAN_POINT('',(32.,56.,34.4));
#2043 = VECTOR('',#2044,1.);
#2044 = DIRECTION('',(0.,0.,1.));
#2045 = ORIENTED_EDGE('',*,*,#2046,.T.);
#2046 = EDGE_CURVE('',#2039,#2047,#2049,.T.);
#2047 = VERTEX_POINT('',#2048);
#2048 = CARTESIAN_POINT('',(53.,56.,40.4));
#2049 = LINE('',#2050,#2051);
#2050 = CARTESIAN_POINT('',(32.,56.,40.4));
#2051 = VECTOR('',#2052,1.);
#2052 = DIRECTION('',(1.,0.,0.));
#2053 = ORIENTED_EDGE('',*,*,#2054,.F.);
#2054 = EDGE_CURVE('',#1851,#2047,#2055,.T.);
#2055 = LINE('',#2056,#2057);
#2056 = CARTESIAN_POINT('',(53.,56.,34.4));
#2057 = VECTOR('',#2058,1.);
#2058 = DIRECTION('',(0.,0.,1.));
#2059 = PLANE('',#2060);
#2060 = AXIS2_PLACEMENT_3D('',#2061,#2062,#2063);
#2061 = CARTESIAN_POINT('',(32.,56.,34.4));
#2062 = DIRECTION('',(0.,1.,0.));
#2063 = DIRECTION('',(0.,0.,1.));
#2064 = ADVANCED_FACE('',(#2065),#2083,.T.);
#2065 = FACE_BOUND('',#2066,.T.);
#2066 = EDGE_LOOP('',(#2067,#2068,#2069,#2077));
#2067 = ORIENTED_EDGE('',*,*,#2054,.F.);
#2068 = ORIENTED_EDGE('',*,*,#1874,.T.);
#2069 = ORIENTED_EDGE('',*,*,#2070,.T.);
#2070 = EDGE_CURVE('',#1867,#2071,#2073,.T.);
#2071 = VERTEX_POINT('',#2072);
#2072 = CARTESIAN_POINT('',(53.,59.,40.4));
#2073 = LINE('',#2074,#2075);
#2074 = CARTESIAN_POINT('',(53.,59.,34.4));
#2075 = VECTOR('',#2076,1.);
#2076 = DIRECTION('',(0.,0.,1.));
#2077 = ORIENTED_EDGE('',*,*,#2078,.F.);
#2078 = EDGE_CURVE('',#2047,#2071,#2079,.T.);
#2079 = LINE('',#2080,#2081);
#2080 = CARTESIAN_POINT('',(53.,56.,40.4));
#2081 = VECTOR('',#2082,1.);
#2082 = DIRECTION('',(0.,1.,0.));
#2083 = PLANE('',#2084);
#2084 = AXIS2_PLACEMENT_3D('',#2085,#2086,#2087);
#2085 = CARTESIAN_POINT('',(53.,56.,34.4));
#2086 = DIRECTION('',(1.,0.,0.));
#2087 = DIRECTION('',(0.,0.,1.));
#2088 = ADVANCED_FACE('',(#2089),#2107,.T.);
#2089 = FACE_BOUND('',#2090,.T.);
#2090 = EDGE_LOOP('',(#2091,#2092,#2100,#2106));
#2091 = ORIENTED_EDGE('',*,*,#1866,.F.);
#2092 = ORIENTED_EDGE('',*,*,#2093,.T.);
#2093 = EDGE_CURVE('',#1859,#2094,#2096,.T.);
#2094 = VERTEX_POINT('',#2095);
#2095 = CARTESIAN_POINT('',(32.,59.,40.4));
#2096 = LINE('',#2097,#2098);
#2097 = CARTESIAN_POINT('',(32.,59.,34.4));
#2098 = VECTOR('',#2099,1.);
#2099 = DIRECTION('',(0.,0.,1.));
#2100 = ORIENTED_EDGE('',*,*,#2101,.T.);
#2101 = EDGE_CURVE('',#2094,#2071,#2102,.T.);
#2102 = LINE('',#2103,#2104);
#2103 = CARTESIAN_POINT('',(32.,59.,40.4));
#2104 = VECTOR('',#2105,1.);
#2105 = DIRECTION('',(1.,0.,0.));
#2106 = ORIENTED_EDGE('',*,*,#2070,.F.);
#2107 = PLANE('',#2108);
#2108 = AXIS2_PLACEMENT_3D('',#2109,#2110,#2111);
#2109 = CARTESIAN_POINT('',(32.,59.,34.4));
#2110 = DIRECTION('',(0.,1.,0.));
#2111 = DIRECTION('',(0.,0.,1.));
#2112 = ADVANCED_FACE('',(#2113),#2124,.F.);
#2113 = FACE_BOUND('',#2114,.F.);
#2114 = EDGE_LOOP('',(#2115,#2116,#2117,#2118));
#2115 = ORIENTED_EDGE('',*,*,#2038,.F.);
#2116 = ORIENTED_EDGE('',*,*,#1858,.T.);
#2117 = ORIENTED_EDGE('',*,*,#2093,.T.);
#2118 = ORIENTED_EDGE('',*,*,#2119,.F.);
#2119 = EDGE_CURVE('',#2039,#2094,#2120,.T.);
#2120 = LINE('',#2121,#2122);
#2121 = CARTESIAN_POINT('',(32.,56.,40.4));
#2122 = VECTOR('',#2123,1.);
#2123 = DIRECTION('',(0.,1.,0.));
#2124 = PLANE('',#2125);
#2125 = AXIS2_PLACEMENT_3D('',#2126,#2127,#2128);
#2126 = CARTESIAN_POINT('',(32.,56.,34.4));
#2127 = DIRECTION('',(1.,0.,0.));
#2128 = DIRECTION('',(0.,0.,1.));
#2129 = ADVANCED_FACE('',(#2130),#2136,.T.);
#2130 = FACE_BOUND('',#2131,.T.);
#2131 = EDGE_LOOP('',(#2132,#2133,#2134,#2135));
#2132 = ORIENTED_EDGE('',*,*,#1982,.F.);
#2133 = ORIENTED_EDGE('',*,*,#1950,.T.);
#2134 = ORIENTED_EDGE('',*,*,#2006,.T.);
#2135 = ORIENTED_EDGE('',*,*,#2022,.F.);
#2136 = PLANE('',#2137);
#2137 = AXIS2_PLACEMENT_3D('',#2138,#2139,#2140);
#2138 = CARTESIAN_POINT('',(34.5,14.,36.8));
#2139 = DIRECTION('',(0.,0.,1.));
#2140 = DIRECTION('',(1.,0.,0.));
#2141 = ADVANCED_FACE('',(#2142),#2148,.T.);
#2142 = FACE_BOUND('',#2143,.T.);
#2143 = EDGE_LOOP('',(#2144,#2145,#2146,#2147));
#2144 = ORIENTED_EDGE('',*,*,#2119,.F.);
#2145 = ORIENTED_EDGE('',*,*,#2046,.T.);
#2146 = ORIENTED_EDGE('',*,*,#2078,.T.);
#2147 = ORIENTED_EDGE('',*,*,#2101,.F.);
#2148 = PLANE('',#2149);
#2149 = AXIS2_PLACEMENT_3D('',#2150,#2151,#2152);
#2150 = CARTESIAN_POINT('',(32.,56.,40.4));
#2151 = DIRECTION('',(0.,0.,1.));
#2152 = DIRECTION('',(1.,0.,0.));
#2153 = MANIFOLD_SOLID_BREP('',#2154);
#2154 = CLOSED_SHELL('',(#2155,#2188,#2197));
#2155 = ADVANCED_FACE('',(#2156),#2183,.T.);
#2156 = FACE_BOUND('',#2157,.T.);
#2157 = EDGE_LOOP('',(#2158,#2167,#2175,#2182));
#2158 = ORIENTED_EDGE('',*,*,#2159,.F.);
#2159 = EDGE_CURVE('',#2160,#2160,#2162,.T.);
#2160 = VERTEX_POINT('',#2161);
#2161 = CARTESIAN_POINT('',(10.,8.5,31.2));
#2162 = CIRCLE('',#2163,1.5);
#2163 = AXIS2_PLACEMENT_3D('',#2164,#2165,#2166);
#2164 = CARTESIAN_POINT('',(8.5,8.5,31.2));
#2165 = DIRECTION('',(0.,0.,1.));
#2166 = DIRECTION('',(1.,0.,0.));
#2167 = ORIENTED_EDGE('',*,*,#2168,.F.);
#2168 = EDGE_CURVE('',#2169,#2160,#2171,.T.);
#2169 = VERTEX_POINT('',#2170);
#2170 = CARTESIAN_POINT('',(10.,8.5,20.2));
#2171 = LINE('',#2172,#2173);
#2172 = CARTESIAN_POINT('',(10.,8.5,20.2));
#2173 = VECTOR('',#2174,1.);
#2174 = DIRECTION('',(0.,0.,1.));
#2175 = ORIENTED_EDGE('',*,*,#2176,.T.);
#2176 = EDGE_CURVE('',#2169,#2169,#2177,.T.);
#2177 = CIRCLE('',#2178,1.5);
#2178 = AXIS2_PLACEMENT_3D('',#2179,#2180,#2181);
#2179 = CARTESIAN_POINT('',(8.5,8.5,20.2));
#2180 = DIRECTION('',(0.,0.,1.));
#2181 = DIRECTION('',(1.,0.,0.));
#2182 = ORIENTED_EDGE('',*,*,#2168,.T.);
#2183 = CYLINDRICAL_SURFACE('',#2184,1.5);
#2184 = AXIS2_PLACEMENT_3D('',#2185,#2186,#2187);
#2185 = CARTESIAN_POINT('',(8.5,8.5,20.2));
#2186 = DIRECTION('',(0.,0.,1.));
#2187 = DIRECTION('',(1.,0.,0.));
#2188 = ADVANCED_FACE('',(#2189),#2192,.T.);
#2189 = FACE_BOUND('',#2190,.T.);
#2190 = EDGE_LOOP('',(#2191));
#2191 = ORIENTED_EDGE('',*,*,#2159,.T.);
#2192 = PLANE('',#2193);
#2193 = AXIS2_PLACEMENT_3D('',#2194,#2195,#2196);
#2194 = CARTESIAN_POINT('',(8.5,8.5,31.2));
#2195 = DIRECTION('',(0.,0.,1.));
#2196 = DIRECTION('',(1.,0.,0.));
#2197 = ADVANCED_FACE('',(#2198),#2201,.F.);
#2198 = FACE_BOUND('',#2199,.T.);
#2199 = EDGE_LOOP('',(#2200));
#2200 = ORIENTED_EDGE('',*,*,#2176,.F.);
#2201 = PLANE('',#2202);
#2202 = AXIS2_PLACEMENT_3D('',#2203,#2204,#2205);
#2203 = CARTESIAN_POINT('',(8.5,8.5,20.2));
#2204 = DIRECTION('',(0.,0.,1.));
#2205 = DIRECTION('',(1.,0.,0.));
#2206 = MANIFOLD_SOLID_BREP('',#2207);
#2207 = CLOSED_SHELL('',(#2208,#2241,#2250));
#2208 = ADVANCED_FACE('',(#2209),#2236,.T.);
#2209 = FACE_BOUND('',#2210,.T.);
#2210 = EDGE_LOOP('',(#2211,#2220,#2228,#2235));
#2211 = ORIENTED_EDGE('',*,*,#2212,.F.);
#2212 = EDGE_CURVE('',#2213,#2213,#2215,.T.);
#2213 = VERTEX_POINT('',#2214);
#2214 = CARTESIAN_POINT('',(55.,8.5,31.2));
#2215 = CIRCLE('',#2216,1.5);
#2216 = AXIS2_PLACEMENT_3D('',#2217,#2218,#2219);
#2217 = CARTESIAN_POINT('',(53.5,8.5,31.2));
#2218 = DIRECTION('',(0.,0.,1.));
#2219 = DIRECTION('',(1.,0.,0.));
#2220 = ORIENTED_EDGE('',*,*,#2221,.F.);
#2221 = EDGE_CURVE('',#2222,#2213,#2224,.T.);
#2222 = VERTEX_POINT('',#2223);
#2223 = CARTESIAN_POINT('',(55.,8.5,20.2));
#2224 = LINE('',#2225,#2226);
#2225 = CARTESIAN_POINT('',(55.,8.5,20.2));
#2226 = VECTOR('',#2227,1.);
#2227 = DIRECTION('',(0.,0.,1.));
#2228 = ORIENTED_EDGE('',*,*,#2229,.T.);
#2229 = EDGE_CURVE('',#2222,#2222,#2230,.T.);
#2230 = CIRCLE('',#2231,1.5);
#2231 = AXIS2_PLACEMENT_3D('',#2232,#2233,#2234);
#2232 = CARTESIAN_POINT('',(53.5,8.5,20.2));
#2233 = DIRECTION('',(0.,0.,1.));
#2234 = DIRECTION('',(1.,0.,0.));
#2235 = ORIENTED_EDGE('',*,*,#2221,.T.);
#2236 = CYLINDRICAL_SURFACE('',#2237,1.5);
#2237 = AXIS2_PLACEMENT_3D('',#2238,#2239,#2240);
#2238 = CARTESIAN_POINT('',(53.5,8.5,20.2));
#2239 = DIRECTION('',(0.,0.,1.));
#2240 = DIRECTION('',(1.,0.,0.));
#2241 = ADVANCED_FACE('',(#2242),#2245,.T.);
#2242 = FACE_BOUND('',#2243,.T.);
#2243 = EDGE_LOOP('',(#2244));
#2244 = ORIENTED_EDGE('',*,*,#2212,.T.);
#2245 = PLANE('',#2246);
#2246 = AXIS2_PLACEMENT_3D('',#2247,#2248,#2249);
#2247 = CARTESIAN_POINT('',(53.5,8.5,31.2));
#2248 = DIRECTION('',(0.,0.,1.));
#2249 = DIRECTION('',(1.,0.,0.));
#2250 = ADVANCED_FACE('',(#2251),#2254,.F.);
#2251 = FACE_BOUND('',#2252,.T.);
#2252 = EDGE_LOOP('',(#2253));
#2253 = ORIENTED_EDGE('',*,*,#2229,.F.);
#2254 = PLANE('',#2255);
#2255 = AXIS2_PLACEMENT_3D('',#2256,#2257,#2258);
#2256 = CARTESIAN_POINT('',(53.5,8.5,20.2));
#2257 = DIRECTION('',(0.,0.,1.));
#2258 = DIRECTION('',(1.,0.,0.));
#2259 = MANIFOLD_SOLID_BREP('',#2260);
#2260 = CLOSED_SHELL('',(#2261,#2294,#2303));
#2261 = ADVANCED_FACE('',(#2262),#2289,.T.);
#2262 = FACE_BOUND('',#2263,.T.);
#2263 = EDGE_LOOP('',(#2264,#2273,#2281,#2288));
#2264 = ORIENTED_EDGE('',*,*,#2265,.F.);
#2265 = EDGE_CURVE('',#2266,#2266,#2268,.T.);
#2266 = VERTEX_POINT('',#2267);
#2267 = CARTESIAN_POINT('',(10.,81.5,31.2));
#2268 = CIRCLE('',#2269,1.5);
#2269 = AXIS2_PLACEMENT_3D('',#2270,#2271,#2272);
#2270 = CARTESIAN_POINT('',(8.5,81.5,31.2));
#2271 = DIRECTION('',(0.,0.,1.));
#2272 = DIRECTION('',(1.,0.,0.));
#2273 = ORIENTED_EDGE('',*,*,#2274,.F.);
#2274 = EDGE_CURVE('',#2275,#2266,#2277,.T.);
#2275 = VERTEX_POINT('',#2276);
#2276 = CARTESIAN_POINT('',(10.,81.5,20.2));
#2277 = LINE('',#2278,#2279);
#2278 = CARTESIAN_POINT('',(10.,81.5,20.2));
#2279 = VECTOR('',#2280,1.);
#2280 = DIRECTION('',(0.,0.,1.));
#2281 = ORIENTED_EDGE('',*,*,#2282,.T.);
#2282 = EDGE_CURVE('',#2275,#2275,#2283,.T.);
#2283 = CIRCLE('',#2284,1.5);
#2284 = AXIS2_PLACEMENT_3D('',#2285,#2286,#2287);
#2285 = CARTESIAN_POINT('',(8.5,81.5,20.2));
#2286 = DIRECTION('',(0.,0.,1.));
#2287 = DIRECTION('',(1.,0.,0.));
#2288 = ORIENTED_EDGE('',*,*,#2274,.T.);
#2289 = CYLINDRICAL_SURFACE('',#2290,1.5);
#2290 = AXIS2_PLACEMENT_3D('',#2291,#2292,#2293);
#2291 = CARTESIAN_POINT('',(8.5,81.5,20.2));
#2292 = DIRECTION('',(0.,0.,1.));
#2293 = DIRECTION('',(1.,0.,0.));
#2294 = ADVANCED_FACE('',(#2295),#2298,.T.);
#2295 = FACE_BOUND('',#2296,.T.);
#2296 = EDGE_LOOP('',(#2297));
#2297 = ORIENTED_EDGE('',*,*,#2265,.T.);
#2298 = PLANE('',#2299);
#2299 = AXIS2_PLACEMENT_3D('',#2300,#2301,#2302);
#2300 = CARTESIAN_POINT('',(8.5,81.5,31.2));
#2301 = DIRECTION('',(0.,0.,1.));
#2302 = DIRECTION('',(1.,0.,0.));
#2303 = ADVANCED_FACE('',(#2304),#2307,.F.);
#2304 = FACE_BOUND('',#2305,.T.);
#2305 = EDGE_LOOP('',(#2306));
#2306 = ORIENTED_EDGE('',*,*,#2282,.F.);
#2307 = PLANE('',#2308);
#2308 = AXIS2_PLACEMENT_3D('',#2309,#2310,#2311);
#2309 = CARTESIAN_POINT('',(8.5,81.5,20.2));
#2310 = DIRECTION('',(0.,0.,1.));
#2311 = DIRECTION('',(1.,0.,0.));
#2312 = MANIFOLD_SOLID_BREP('',#2313);
#2313 = CLOSED_SHELL('',(#2314,#2347,#2356));
#2314 = ADVANCED_FACE('',(#2315),#2342,.T.);
#2315 = FACE_BOUND('',#2316,.T.);
#2316 = EDGE_LOOP('',(#2317,#2326,#2334,#2341));
#2317 = ORIENTED_EDGE('',*,*,#2318,.F.);
#2318 = EDGE_CURVE('',#2319,#2319,#2321,.T.);
#2319 = VERTEX_POINT('',#2320);
#2320 = CARTESIAN_POINT('',(55.,81.5,31.2));
#2321 = CIRCLE('',#2322,1.5);
#2322 = AXIS2_PLACEMENT_3D('',#2323,#2324,#2325);
#2323 = CARTESIAN_POINT('',(53.5,81.5,31.2));
#2324 = DIRECTION('',(0.,0.,1.));
#2325 = DIRECTION('',(1.,0.,0.));
#2326 = ORIENTED_EDGE('',*,*,#2327,.F.);
#2327 = EDGE_CURVE('',#2328,#2319,#2330,.T.);
#2328 = VERTEX_POINT('',#2329);
#2329 = CARTESIAN_POINT('',(55.,81.5,20.2));
#2330 = LINE('',#2331,#2332);
#2331 = CARTESIAN_POINT('',(55.,81.5,20.2));
#2332 = VECTOR('',#2333,1.);
#2333 = DIRECTION('',(0.,0.,1.));
#2334 = ORIENTED_EDGE('',*,*,#2335,.T.);
#2335 = EDGE_CURVE('',#2328,#2328,#2336,.T.);
#2336 = CIRCLE('',#2337,1.5);
#2337 = AXIS2_PLACEMENT_3D('',#2338,#2339,#2340);
#2338 = CARTESIAN_POINT('',(53.5,81.5,20.2));
#2339 = DIRECTION('',(0.,0.,1.));
#2340 = DIRECTION('',(1.,0.,0.));
#2341 = ORIENTED_EDGE('',*,*,#2327,.T.);
#2342 = CYLINDRICAL_SURFACE('',#2343,1.5);
#2343 = AXIS2_PLACEMENT_3D('',#2344,#2345,#2346);
#2344 = CARTESIAN_POINT('',(53.5,81.5,20.2));
#2345 = DIRECTION('',(0.,0.,1.));
#2346 = DIRECTION('',(1.,0.,0.));
#2347 = ADVANCED_FACE('',(#2348),#2351,.T.);
#2348 = FACE_BOUND('',#2349,.T.);
#2349 = EDGE_LOOP('',(#2350));
#2350 = ORIENTED_EDGE('',*,*,#2318,.T.);
#2351 = PLANE('',#2352);
#2352 = AXIS2_PLACEMENT_3D('',#2353,#2354,#2355);
#2353 = CARTESIAN_POINT('',(53.5,81.5,31.2));
#2354 = DIRECTION('',(0.,0.,1.));
#2355 = DIRECTION('',(1.,0.,0.));
#2356 = ADVANCED_FACE('',(#2357),#2360,.F.);
#2357 = FACE_BOUND('',#2358,.T.);
#2358 = EDGE_LOOP('',(#2359));
#2359 = ORIENTED_EDGE('',*,*,#2335,.F.);
#2360 = PLANE('',#2361);
#2361 = AXIS2_PLACEMENT_3D('',#2362,#2363,#2364);
#2362 = CARTESIAN_POINT('',(53.5,81.5,20.2));
#2363 = DIRECTION('',(0.,0.,1.));
#2364 = DIRECTION('',(1.,0.,0.));
#2365 = MANIFOLD_SOLID_BREP('',#2366);
#2366 = CLOSED_SHELL('',(#2367,#2407,#2438,#2469,#2500,#2531,#2562,#2593
    ,#2615,#2631));
#2367 = ADVANCED_FACE('',(#2368),#2402,.F.);
#2368 = FACE_BOUND('',#2369,.F.);
#2369 = EDGE_LOOP('',(#2370,#2380,#2388,#2396));
#2370 = ORIENTED_EDGE('',*,*,#2371,.T.);
#2371 = EDGE_CURVE('',#2372,#2374,#2376,.T.);
#2372 = VERTEX_POINT('',#2373);
#2373 = CARTESIAN_POINT('',(6.,0.,18.6));
#2374 = VERTEX_POINT('',#2375);
#2375 = CARTESIAN_POINT('',(6.,0.,20.2));
#2376 = LINE('',#2377,#2378);
#2377 = CARTESIAN_POINT('',(6.,0.,18.6));
#2378 = VECTOR('',#2379,1.);
#2379 = DIRECTION('',(0.,0.,1.));
#2380 = ORIENTED_EDGE('',*,*,#2381,.T.);
#2381 = EDGE_CURVE('',#2374,#2382,#2384,.T.);
#2382 = VERTEX_POINT('',#2383);
#2383 = CARTESIAN_POINT('',(48.,0.,20.2));
#2384 = LINE('',#2385,#2386);
#2385 = CARTESIAN_POINT('',(6.,0.,20.2));
#2386 = VECTOR('',#2387,1.);
#2387 = DIRECTION('',(1.,0.,0.));
#2388 = ORIENTED_EDGE('',*,*,#2389,.F.);
#2389 = EDGE_CURVE('',#2390,#2382,#2392,.T.);
#2390 = VERTEX_POINT('',#2391);
#2391 = CARTESIAN_POINT('',(48.,0.,18.6));
#2392 = LINE('',#2393,#2394);
#2393 = CARTESIAN_POINT('',(48.,0.,18.6));
#2394 = VECTOR('',#2395,1.);
#2395 = DIRECTION('',(0.,0.,1.));
#2396 = ORIENTED_EDGE('',*,*,#2397,.F.);
#2397 = EDGE_CURVE('',#2372,#2390,#2398,.T.);
#2398 = LINE('',#2399,#2400);
#2399 = CARTESIAN_POINT('',(6.,0.,18.6));
#2400 = VECTOR('',#2401,1.);
#2401 = DIRECTION('',(1.,0.,0.));
#2402 = PLANE('',#2403);
#2403 = AXIS2_PLACEMENT_3D('',#2404,#2405,#2406);
#2404 = CARTESIAN_POINT('',(6.,0.,18.6));
#2405 = DIRECTION('',(0.,1.,0.));
#2406 = DIRECTION('',(1.,0.,0.));
#2407 = ADVANCED_FACE('',(#2408),#2433,.F.);
#2408 = FACE_BOUND('',#2409,.F.);
#2409 = EDGE_LOOP('',(#2410,#2411,#2419,#2427));
#2410 = ORIENTED_EDGE('',*,*,#2389,.T.);
#2411 = ORIENTED_EDGE('',*,*,#2412,.T.);
#2412 = EDGE_CURVE('',#2382,#2413,#2415,.T.);
#2413 = VERTEX_POINT('',#2414);
#2414 = CARTESIAN_POINT('',(54.,6.,20.2));
#2415 = LINE('',#2416,#2417);
#2416 = CARTESIAN_POINT('',(48.,0.,20.2));
#2417 = VECTOR('',#2418,1.);
#2418 = DIRECTION('',(0.707106781187,0.707106781187,0.));
#2419 = ORIENTED_EDGE('',*,*,#2420,.F.);
#2420 = EDGE_CURVE('',#2421,#2413,#2423,.T.);
#2421 = VERTEX_POINT('',#2422);
#2422 = CARTESIAN_POINT('',(54.,6.,18.6));
#2423 = LINE('',#2424,#2425);
#2424 = CARTESIAN_POINT('',(54.,6.,18.6));
#2425 = VECTOR('',#2426,1.);
#2426 = DIRECTION('',(0.,0.,1.));
#2427 = ORIENTED_EDGE('',*,*,#2428,.F.);
#2428 = EDGE_CURVE('',#2390,#2421,#2429,.T.);
#2429 = LINE('',#2430,#2431);
#2430 = CARTESIAN_POINT('',(48.,0.,18.6));
#2431 = VECTOR('',#2432,1.);
#2432 = DIRECTION('',(0.707106781187,0.707106781187,0.));
#2433 = PLANE('',#2434);
#2434 = AXIS2_PLACEMENT_3D('',#2435,#2436,#2437);
#2435 = CARTESIAN_POINT('',(48.,0.,18.6));
#2436 = DIRECTION('',(-0.707106781187,0.707106781187,0.));
#2437 = DIRECTION('',(0.707106781187,0.707106781187,0.));
#2438 = ADVANCED_FACE('',(#2439),#2464,.F.);
#2439 = FACE_BOUND('',#2440,.F.);
#2440 = EDGE_LOOP('',(#2441,#2442,#2450,#2458));
#2441 = ORIENTED_EDGE('',*,*,#2420,.T.);
#2442 = ORIENTED_EDGE('',*,*,#2443,.T.);
#2443 = EDGE_CURVE('',#2413,#2444,#2446,.T.);
#2444 = VERTEX_POINT('',#2445);
#2445 = CARTESIAN_POINT('',(54.,76.,20.2));
#2446 = LINE('',#2447,#2448);
#2447 = CARTESIAN_POINT('',(54.,6.,20.2));
#2448 = VECTOR('',#2449,1.);
#2449 = DIRECTION('',(0.,1.,0.));
#2450 = ORIENTED_EDGE('',*,*,#2451,.F.);
#2451 = EDGE_CURVE('',#2452,#2444,#2454,.T.);
#2452 = VERTEX_POINT('',#2453);
#2453 = CARTESIAN_POINT('',(54.,76.,18.6));
#2454 = LINE('',#2455,#2456);
#2455 = CARTESIAN_POINT('',(54.,76.,18.6));
#2456 = VECTOR('',#2457,1.);
#2457 = DIRECTION('',(0.,0.,1.));
#2458 = ORIENTED_EDGE('',*,*,#2459,.F.);
#2459 = EDGE_CURVE('',#2421,#2452,#2460,.T.);
#2460 = LINE('',#2461,#2462);
#2461 = CARTESIAN_POINT('',(54.,6.,18.6));
#2462 = VECTOR('',#2463,1.);
#2463 = DIRECTION('',(0.,1.,0.));
#2464 = PLANE('',#2465);
#2465 = AXIS2_PLACEMENT_3D('',#2466,#2467,#2468);
#2466 = CARTESIAN_POINT('',(54.,6.,18.6));
#2467 = DIRECTION('',(-1.,0.,0.));
#2468 = DIRECTION('',(0.,1.,0.));
#2469 = ADVANCED_FACE('',(#2470),#2495,.F.);
#2470 = FACE_BOUND('',#2471,.F.);
#2471 = EDGE_LOOP('',(#2472,#2473,#2481,#2489));
#2472 = ORIENTED_EDGE('',*,*,#2451,.T.);
#2473 = ORIENTED_EDGE('',*,*,#2474,.T.);
#2474 = EDGE_CURVE('',#2444,#2475,#2477,.T.);
#2475 = VERTEX_POINT('',#2476);
#2476 = CARTESIAN_POINT('',(48.,82.,20.2));
#2477 = LINE('',#2478,#2479);
#2478 = CARTESIAN_POINT('',(54.,76.,20.2));
#2479 = VECTOR('',#2480,1.);
#2480 = DIRECTION('',(-0.707106781187,0.707106781187,0.));
#2481 = ORIENTED_EDGE('',*,*,#2482,.F.);
#2482 = EDGE_CURVE('',#2483,#2475,#2485,.T.);
#2483 = VERTEX_POINT('',#2484);
#2484 = CARTESIAN_POINT('',(48.,82.,18.6));
#2485 = LINE('',#2486,#2487);
#2486 = CARTESIAN_POINT('',(48.,82.,18.6));
#2487 = VECTOR('',#2488,1.);
#2488 = DIRECTION('',(0.,0.,1.));
#2489 = ORIENTED_EDGE('',*,*,#2490,.F.);
#2490 = EDGE_CURVE('',#2452,#2483,#2491,.T.);
#2491 = LINE('',#2492,#2493);
#2492 = CARTESIAN_POINT('',(54.,76.,18.6));
#2493 = VECTOR('',#2494,1.);
#2494 = DIRECTION('',(-0.707106781187,0.707106781187,0.));
#2495 = PLANE('',#2496);
#2496 = AXIS2_PLACEMENT_3D('',#2497,#2498,#2499);
#2497 = CARTESIAN_POINT('',(54.,76.,18.6));
#2498 = DIRECTION('',(-0.707106781187,-0.707106781187,0.));
#2499 = DIRECTION('',(-0.707106781187,0.707106781187,0.));
#2500 = ADVANCED_FACE('',(#2501),#2526,.F.);
#2501 = FACE_BOUND('',#2502,.F.);
#2502 = EDGE_LOOP('',(#2503,#2504,#2512,#2520));
#2503 = ORIENTED_EDGE('',*,*,#2482,.T.);
#2504 = ORIENTED_EDGE('',*,*,#2505,.T.);
#2505 = EDGE_CURVE('',#2475,#2506,#2508,.T.);
#2506 = VERTEX_POINT('',#2507);
#2507 = CARTESIAN_POINT('',(6.,82.,20.2));
#2508 = LINE('',#2509,#2510);
#2509 = CARTESIAN_POINT('',(48.,82.,20.2));
#2510 = VECTOR('',#2511,1.);
#2511 = DIRECTION('',(-1.,0.,0.));
#2512 = ORIENTED_EDGE('',*,*,#2513,.F.);
#2513 = EDGE_CURVE('',#2514,#2506,#2516,.T.);
#2514 = VERTEX_POINT('',#2515);
#2515 = CARTESIAN_POINT('',(6.,82.,18.6));
#2516 = LINE('',#2517,#2518);
#2517 = CARTESIAN_POINT('',(6.,82.,18.6));
#2518 = VECTOR('',#2519,1.);
#2519 = DIRECTION('',(0.,0.,1.));
#2520 = ORIENTED_EDGE('',*,*,#2521,.F.);
#2521 = EDGE_CURVE('',#2483,#2514,#2522,.T.);
#2522 = LINE('',#2523,#2524);
#2523 = CARTESIAN_POINT('',(48.,82.,18.6));
#2524 = VECTOR('',#2525,1.);
#2525 = DIRECTION('',(-1.,0.,0.));
#2526 = PLANE('',#2527);
#2527 = AXIS2_PLACEMENT_3D('',#2528,#2529,#2530);
#2528 = CARTESIAN_POINT('',(48.,82.,18.6));
#2529 = DIRECTION('',(0.,-1.,0.));
#2530 = DIRECTION('',(-1.,0.,0.));
#2531 = ADVANCED_FACE('',(#2532),#2557,.F.);
#2532 = FACE_BOUND('',#2533,.F.);
#2533 = EDGE_LOOP('',(#2534,#2535,#2543,#2551));
#2534 = ORIENTED_EDGE('',*,*,#2513,.T.);
#2535 = ORIENTED_EDGE('',*,*,#2536,.T.);
#2536 = EDGE_CURVE('',#2506,#2537,#2539,.T.);
#2537 = VERTEX_POINT('',#2538);
#2538 = CARTESIAN_POINT('',(0.,76.,20.2));
#2539 = LINE('',#2540,#2541);
#2540 = CARTESIAN_POINT('',(6.,82.,20.2));
#2541 = VECTOR('',#2542,1.);
#2542 = DIRECTION('',(-0.707106781187,-0.707106781187,0.));
#2543 = ORIENTED_EDGE('',*,*,#2544,.F.);
#2544 = EDGE_CURVE('',#2545,#2537,#2547,.T.);
#2545 = VERTEX_POINT('',#2546);
#2546 = CARTESIAN_POINT('',(0.,76.,18.6));
#2547 = LINE('',#2548,#2549);
#2548 = CARTESIAN_POINT('',(0.,76.,18.6));
#2549 = VECTOR('',#2550,1.);
#2550 = DIRECTION('',(0.,0.,1.));
#2551 = ORIENTED_EDGE('',*,*,#2552,.F.);
#2552 = EDGE_CURVE('',#2514,#2545,#2553,.T.);
#2553 = LINE('',#2554,#2555);
#2554 = CARTESIAN_POINT('',(6.,82.,18.6));
#2555 = VECTOR('',#2556,1.);
#2556 = DIRECTION('',(-0.707106781187,-0.707106781187,0.));
#2557 = PLANE('',#2558);
#2558 = AXIS2_PLACEMENT_3D('',#2559,#2560,#2561);
#2559 = CARTESIAN_POINT('',(6.,82.,18.6));
#2560 = DIRECTION('',(0.707106781187,-0.707106781187,0.));
#2561 = DIRECTION('',(-0.707106781187,-0.707106781187,0.));
#2562 = ADVANCED_FACE('',(#2563),#2588,.F.);
#2563 = FACE_BOUND('',#2564,.F.);
#2564 = EDGE_LOOP('',(#2565,#2566,#2574,#2582));
#2565 = ORIENTED_EDGE('',*,*,#2544,.T.);
#2566 = ORIENTED_EDGE('',*,*,#2567,.T.);
#2567 = EDGE_CURVE('',#2537,#2568,#2570,.T.);
#2568 = VERTEX_POINT('',#2569);
#2569 = CARTESIAN_POINT('',(0.,6.,20.2));
#2570 = LINE('',#2571,#2572);
#2571 = CARTESIAN_POINT('',(0.,76.,20.2));
#2572 = VECTOR('',#2573,1.);
#2573 = DIRECTION('',(0.,-1.,0.));
#2574 = ORIENTED_EDGE('',*,*,#2575,.F.);
#2575 = EDGE_CURVE('',#2576,#2568,#2578,.T.);
#2576 = VERTEX_POINT('',#2577);
#2577 = CARTESIAN_POINT('',(0.,6.,18.6));
#2578 = LINE('',#2579,#2580);
#2579 = CARTESIAN_POINT('',(0.,6.,18.6));
#2580 = VECTOR('',#2581,1.);
#2581 = DIRECTION('',(0.,0.,1.));
#2582 = ORIENTED_EDGE('',*,*,#2583,.F.);
#2583 = EDGE_CURVE('',#2545,#2576,#2584,.T.);
#2584 = LINE('',#2585,#2586);
#2585 = CARTESIAN_POINT('',(0.,76.,18.6));
#2586 = VECTOR('',#2587,1.);
#2587 = DIRECTION('',(0.,-1.,0.));
#2588 = PLANE('',#2589);
#2589 = AXIS2_PLACEMENT_3D('',#2590,#2591,#2592);
#2590 = CARTESIAN_POINT('',(0.,76.,18.6));
#2591 = DIRECTION('',(1.,0.,0.));
#2592 = DIRECTION('',(0.,-1.,0.));
#2593 = ADVANCED_FACE('',(#2594),#2610,.F.);
#2594 = FACE_BOUND('',#2595,.F.);
#2595 = EDGE_LOOP('',(#2596,#2597,#2603,#2604));
#2596 = ORIENTED_EDGE('',*,*,#2575,.T.);
#2597 = ORIENTED_EDGE('',*,*,#2598,.T.);
#2598 = EDGE_CURVE('',#2568,#2374,#2599,.T.);
#2599 = LINE('',#2600,#2601);
#2600 = CARTESIAN_POINT('',(0.,6.,20.2));
#2601 = VECTOR('',#2602,1.);
#2602 = DIRECTION('',(0.707106781187,-0.707106781187,0.));
#2603 = ORIENTED_EDGE('',*,*,#2371,.F.);
#2604 = ORIENTED_EDGE('',*,*,#2605,.F.);
#2605 = EDGE_CURVE('',#2576,#2372,#2606,.T.);
#2606 = LINE('',#2607,#2608);
#2607 = CARTESIAN_POINT('',(0.,6.,18.6));
#2608 = VECTOR('',#2609,1.);
#2609 = DIRECTION('',(0.707106781187,-0.707106781187,0.));
#2610 = PLANE('',#2611);
#2611 = AXIS2_PLACEMENT_3D('',#2612,#2613,#2614);
#2612 = CARTESIAN_POINT('',(0.,6.,18.6));
#2613 = DIRECTION('',(0.707106781187,0.707106781187,0.));
#2614 = DIRECTION('',(0.707106781187,-0.707106781187,0.));
#2615 = ADVANCED_FACE('',(#2616),#2626,.F.);
#2616 = FACE_BOUND('',#2617,.F.);
#2617 = EDGE_LOOP('',(#2618,#2619,#2620,#2621,#2622,#2623,#2624,#2625));
#2618 = ORIENTED_EDGE('',*,*,#2397,.T.);
#2619 = ORIENTED_EDGE('',*,*,#2428,.T.);
#2620 = ORIENTED_EDGE('',*,*,#2459,.T.);
#2621 = ORIENTED_EDGE('',*,*,#2490,.T.);
#2622 = ORIENTED_EDGE('',*,*,#2521,.T.);
#2623 = ORIENTED_EDGE('',*,*,#2552,.T.);
#2624 = ORIENTED_EDGE('',*,*,#2583,.T.);
#2625 = ORIENTED_EDGE('',*,*,#2605,.T.);
#2626 = PLANE('',#2627);
#2627 = AXIS2_PLACEMENT_3D('',#2628,#2629,#2630);
#2628 = CARTESIAN_POINT('',(27.,41.,18.6));
#2629 = DIRECTION('',(0.,0.,1.));
#2630 = DIRECTION('',(1.,0.,0.));
#2631 = ADVANCED_FACE('',(#2632),#2642,.T.);
#2632 = FACE_BOUND('',#2633,.T.);
#2633 = EDGE_LOOP('',(#2634,#2635,#2636,#2637,#2638,#2639,#2640,#2641));
#2634 = ORIENTED_EDGE('',*,*,#2381,.T.);
#2635 = ORIENTED_EDGE('',*,*,#2412,.T.);
#2636 = ORIENTED_EDGE('',*,*,#2443,.T.);
#2637 = ORIENTED_EDGE('',*,*,#2474,.T.);
#2638 = ORIENTED_EDGE('',*,*,#2505,.T.);
#2639 = ORIENTED_EDGE('',*,*,#2536,.T.);
#2640 = ORIENTED_EDGE('',*,*,#2567,.T.);
#2641 = ORIENTED_EDGE('',*,*,#2598,.T.);
#2642 = PLANE('',#2643);
#2643 = AXIS2_PLACEMENT_3D('',#2644,#2645,#2646);
#2644 = CARTESIAN_POINT('',(27.,41.,20.2));
#2645 = DIRECTION('',(0.,0.,1.));
#2646 = DIRECTION('',(1.,0.,0.));
#2647 = MANIFOLD_SOLID_BREP('',#2648);
#2648 = CLOSED_SHELL('',(#2649,#2689,#2720,#2810,#2841,#2858,#2870,#2909
    ,#2933,#2965,#2996,#3020,#3044,#3061,#3078,#3095,#3107));
#2649 = ADVANCED_FACE('',(#2650),#2684,.F.);
#2650 = FACE_BOUND('',#2651,.F.);
#2651 = EDGE_LOOP('',(#2652,#2662,#2670,#2678));
#2652 = ORIENTED_EDGE('',*,*,#2653,.F.);
#2653 = EDGE_CURVE('',#2654,#2656,#2658,.T.);
#2654 = VERTEX_POINT('',#2655);
#2655 = CARTESIAN_POINT('',(11.5,10.,20.2));
#2656 = VERTEX_POINT('',#2657);
#2657 = CARTESIAN_POINT('',(11.5,10.,21.8));
#2658 = LINE('',#2659,#2660);
#2659 = CARTESIAN_POINT('',(11.5,10.,20.2));
#2660 = VECTOR('',#2661,1.);
#2661 = DIRECTION('',(0.,0.,1.));
#2662 = ORIENTED_EDGE('',*,*,#2663,.T.);
#2663 = EDGE_CURVE('',#2654,#2664,#2666,.T.);
#2664 = VERTEX_POINT('',#2665);
#2665 = CARTESIAN_POINT('',(11.5,80.,20.2));
#2666 = LINE('',#2667,#2668);
#2667 = CARTESIAN_POINT('',(11.5,10.,20.2));
#2668 = VECTOR('',#2669,1.);
#2669 = DIRECTION('',(0.,1.,0.));
#2670 = ORIENTED_EDGE('',*,*,#2671,.T.);
#2671 = EDGE_CURVE('',#2664,#2672,#2674,.T.);
#2672 = VERTEX_POINT('',#2673);
#2673 = CARTESIAN_POINT('',(11.5,80.,21.8));
#2674 = LINE('',#2675,#2676);
#2675 = CARTESIAN_POINT('',(11.5,80.,20.2));
#2676 = VECTOR('',#2677,1.);
#2677 = DIRECTION('',(0.,0.,1.));
#2678 = ORIENTED_EDGE('',*,*,#2679,.F.);
#2679 = EDGE_CURVE('',#2656,#2672,#2680,.T.);
#2680 = LINE('',#2681,#2682);
#2681 = CARTESIAN_POINT('',(11.5,10.,21.8));
#2682 = VECTOR('',#2683,1.);
#2683 = DIRECTION('',(0.,1.,0.));
#2684 = PLANE('',#2685);
#2685 = AXIS2_PLACEMENT_3D('',#2686,#2687,#2688);
#2686 = CARTESIAN_POINT('',(11.5,10.,20.2));
#2687 = DIRECTION('',(1.,0.,0.));
#2688 = DIRECTION('',(0.,0.,1.));
#2689 = ADVANCED_FACE('',(#2690),#2715,.F.);
#2690 = FACE_BOUND('',#2691,.F.);
#2691 = EDGE_LOOP('',(#2692,#2700,#2701,#2709));
#2692 = ORIENTED_EDGE('',*,*,#2693,.F.);
#2693 = EDGE_CURVE('',#2654,#2694,#2696,.T.);
#2694 = VERTEX_POINT('',#2695);
#2695 = CARTESIAN_POINT('',(50.5,10.,20.2));
#2696 = LINE('',#2697,#2698);
#2697 = CARTESIAN_POINT('',(11.5,10.,20.2));
#2698 = VECTOR('',#2699,1.);
#2699 = DIRECTION('',(1.,0.,0.));
#2700 = ORIENTED_EDGE('',*,*,#2653,.T.);
#2701 = ORIENTED_EDGE('',*,*,#2702,.T.);
#2702 = EDGE_CURVE('',#2656,#2703,#2705,.T.);
#2703 = VERTEX_POINT('',#2704);
#2704 = CARTESIAN_POINT('',(50.5,10.,21.8));
#2705 = LINE('',#2706,#2707);
#2706 = CARTESIAN_POINT('',(11.5,10.,21.8));
#2707 = VECTOR('',#2708,1.);
#2708 = DIRECTION('',(1.,0.,0.));
#2709 = ORIENTED_EDGE('',*,*,#2710,.F.);
#2710 = EDGE_CURVE('',#2694,#2703,#2711,.T.);
#2711 = LINE('',#2712,#2713);
#2712 = CARTESIAN_POINT('',(50.5,10.,20.2));
#2713 = VECTOR('',#2714,1.);
#2714 = DIRECTION('',(0.,0.,1.));
#2715 = PLANE('',#2716);
#2716 = AXIS2_PLACEMENT_3D('',#2717,#2718,#2719);
#2717 = CARTESIAN_POINT('',(11.5,10.,20.2));
#2718 = DIRECTION('',(0.,1.,0.));
#2719 = DIRECTION('',(0.,0.,1.));
#2720 = ADVANCED_FACE('',(#2721,#2771),#2805,.T.);
#2721 = FACE_BOUND('',#2722,.T.);
#2722 = EDGE_LOOP('',(#2723,#2731,#2732,#2733,#2741,#2749,#2757,#2765));
#2723 = ORIENTED_EDGE('',*,*,#2724,.F.);
#2724 = EDGE_CURVE('',#2672,#2725,#2727,.T.);
#2725 = VERTEX_POINT('',#2726);
#2726 = CARTESIAN_POINT('',(27.,80.,21.8));
#2727 = LINE('',#2728,#2729);
#2728 = CARTESIAN_POINT('',(11.5,80.,21.8));
#2729 = VECTOR('',#2730,1.);
#2730 = DIRECTION('',(1.,0.,0.));
#2731 = ORIENTED_EDGE('',*,*,#2679,.F.);
#2732 = ORIENTED_EDGE('',*,*,#2702,.T.);
#2733 = ORIENTED_EDGE('',*,*,#2734,.T.);
#2734 = EDGE_CURVE('',#2703,#2735,#2737,.T.);
#2735 = VERTEX_POINT('',#2736);
#2736 = CARTESIAN_POINT('',(50.5,80.,21.8));
#2737 = LINE('',#2738,#2739);
#2738 = CARTESIAN_POINT('',(50.5,10.,21.8));
#2739 = VECTOR('',#2740,1.);
#2740 = DIRECTION('',(0.,1.,0.));
#2741 = ORIENTED_EDGE('',*,*,#2742,.F.);
#2742 = EDGE_CURVE('',#2743,#2735,#2745,.T.);
#2743 = VERTEX_POINT('',#2744);
#2744 = CARTESIAN_POINT('',(35.,80.,21.8));
#2745 = LINE('',#2746,#2747);
#2746 = CARTESIAN_POINT('',(11.5,80.,21.8));
#2747 = VECTOR('',#2748,1.);
#2748 = DIRECTION('',(1.,0.,0.));
#2749 = ORIENTED_EDGE('',*,*,#2750,.F.);
#2750 = EDGE_CURVE('',#2751,#2743,#2753,.T.);
#2751 = VERTEX_POINT('',#2752);
#2752 = CARTESIAN_POINT('',(35.,75.,21.8));
#2753 = LINE('',#2754,#2755);
#2754 = CARTESIAN_POINT('',(35.,75.,21.8));
#2755 = VECTOR('',#2756,1.);
#2756 = DIRECTION('',(0.,1.,0.));
#2757 = ORIENTED_EDGE('',*,*,#2758,.F.);
#2758 = EDGE_CURVE('',#2759,#2751,#2761,.T.);
#2759 = VERTEX_POINT('',#2760);
#2760 = CARTESIAN_POINT('',(27.,75.,21.8));
#2761 = LINE('',#2762,#2763);
#2762 = CARTESIAN_POINT('',(27.,75.,21.8));
#2763 = VECTOR('',#2764,1.);
#2764 = DIRECTION('',(1.,0.,0.));
#2765 = ORIENTED_EDGE('',*,*,#2766,.T.);
#2766 = EDGE_CURVE('',#2759,#2725,#2767,.T.);
#2767 = LINE('',#2768,#2769);
#2768 = CARTESIAN_POINT('',(27.,75.,21.8));
#2769 = VECTOR('',#2770,1.);
#2770 = DIRECTION('',(0.,1.,0.));
#2771 = FACE_BOUND('',#2772,.T.);
#2772 = EDGE_LOOP('',(#2773,#2783,#2791,#2799));
#2773 = ORIENTED_EDGE('',*,*,#2774,.F.);
#2774 = EDGE_CURVE('',#2775,#2777,#2779,.T.);
#2775 = VERTEX_POINT('',#2776);
#2776 = CARTESIAN_POINT('',(22.,28.,21.8));
#2777 = VERTEX_POINT('',#2778);
#2778 = CARTESIAN_POINT('',(40.,28.,21.8));
#2779 = LINE('',#2780,#2781);
#2780 = CARTESIAN_POINT('',(22.,28.,21.8));
#2781 = VECTOR('',#2782,1.);
#2782 = DIRECTION('',(1.,0.,0.));
#2783 = ORIENTED_EDGE('',*,*,#2784,.T.);
#2784 = EDGE_CURVE('',#2775,#2785,#2787,.T.);
#2785 = VERTEX_POINT('',#2786);
#2786 = CARTESIAN_POINT('',(22.,53.,21.8));
#2787 = LINE('',#2788,#2789);
#2788 = CARTESIAN_POINT('',(22.,28.,21.8));
#2789 = VECTOR('',#2790,1.);
#2790 = DIRECTION('',(0.,1.,0.));
#2791 = ORIENTED_EDGE('',*,*,#2792,.T.);
#2792 = EDGE_CURVE('',#2785,#2793,#2795,.T.);
#2793 = VERTEX_POINT('',#2794);
#2794 = CARTESIAN_POINT('',(40.,53.,21.8));
#2795 = LINE('',#2796,#2797);
#2796 = CARTESIAN_POINT('',(22.,53.,21.8));
#2797 = VECTOR('',#2798,1.);
#2798 = DIRECTION('',(1.,0.,0.));
#2799 = ORIENTED_EDGE('',*,*,#2800,.F.);
#2800 = EDGE_CURVE('',#2777,#2793,#2801,.T.);
#2801 = LINE('',#2802,#2803);
#2802 = CARTESIAN_POINT('',(40.,28.,21.8));
#2803 = VECTOR('',#2804,1.);
#2804 = DIRECTION('',(0.,1.,0.));
#2805 = PLANE('',#2806);
#2806 = AXIS2_PLACEMENT_3D('',#2807,#2808,#2809);
#2807 = CARTESIAN_POINT('',(11.5,10.,21.8));
#2808 = DIRECTION('',(0.,0.,1.));
#2809 = DIRECTION('',(1.,0.,0.));
#2810 = ADVANCED_FACE('',(#2811),#2836,.T.);
#2811 = FACE_BOUND('',#2812,.T.);
#2812 = EDGE_LOOP('',(#2813,#2821,#2822,#2823,#2829,#2830));
#2813 = ORIENTED_EDGE('',*,*,#2814,.F.);
#2814 = EDGE_CURVE('',#2664,#2815,#2817,.T.);
#2815 = VERTEX_POINT('',#2816);
#2816 = CARTESIAN_POINT('',(50.5,80.,20.2));
#2817 = LINE('',#2818,#2819);
#2818 = CARTESIAN_POINT('',(11.5,80.,20.2));
#2819 = VECTOR('',#2820,1.);
#2820 = DIRECTION('',(1.,0.,0.));
#2821 = ORIENTED_EDGE('',*,*,#2671,.T.);
#2822 = ORIENTED_EDGE('',*,*,#2724,.T.);
#2823 = ORIENTED_EDGE('',*,*,#2824,.T.);
#2824 = EDGE_CURVE('',#2725,#2743,#2825,.T.);
#2825 = LINE('',#2826,#2827);
#2826 = CARTESIAN_POINT('',(11.5,80.,21.8));
#2827 = VECTOR('',#2828,1.);
#2828 = DIRECTION('',(1.,0.,0.));
#2829 = ORIENTED_EDGE('',*,*,#2742,.T.);
#2830 = ORIENTED_EDGE('',*,*,#2831,.F.);
#2831 = EDGE_CURVE('',#2815,#2735,#2832,.T.);
#2832 = LINE('',#2833,#2834);
#2833 = CARTESIAN_POINT('',(50.5,80.,20.2));
#2834 = VECTOR('',#2835,1.);
#2835 = DIRECTION('',(0.,0.,1.));
#2836 = PLANE('',#2837);
#2837 = AXIS2_PLACEMENT_3D('',#2838,#2839,#2840);
#2838 = CARTESIAN_POINT('',(11.5,80.,20.2));
#2839 = DIRECTION('',(0.,1.,0.));
#2840 = DIRECTION('',(0.,0.,1.));
#2841 = ADVANCED_FACE('',(#2842),#2853,.F.);
#2842 = FACE_BOUND('',#2843,.F.);
#2843 = EDGE_LOOP('',(#2844,#2845,#2846,#2852));
#2844 = ORIENTED_EDGE('',*,*,#2663,.F.);
#2845 = ORIENTED_EDGE('',*,*,#2693,.T.);
#2846 = ORIENTED_EDGE('',*,*,#2847,.T.);
#2847 = EDGE_CURVE('',#2694,#2815,#2848,.T.);
#2848 = LINE('',#2849,#2850);
#2849 = CARTESIAN_POINT('',(50.5,10.,20.2));
#2850 = VECTOR('',#2851,1.);
#2851 = DIRECTION('',(0.,1.,0.));
#2852 = ORIENTED_EDGE('',*,*,#2814,.F.);
#2853 = PLANE('',#2854);
#2854 = AXIS2_PLACEMENT_3D('',#2855,#2856,#2857);
#2855 = CARTESIAN_POINT('',(11.5,10.,20.2));
#2856 = DIRECTION('',(0.,0.,1.));
#2857 = DIRECTION('',(1.,0.,0.));
#2858 = ADVANCED_FACE('',(#2859),#2865,.T.);
#2859 = FACE_BOUND('',#2860,.T.);
#2860 = EDGE_LOOP('',(#2861,#2862,#2863,#2864));
#2861 = ORIENTED_EDGE('',*,*,#2710,.F.);
#2862 = ORIENTED_EDGE('',*,*,#2847,.T.);
#2863 = ORIENTED_EDGE('',*,*,#2831,.T.);
#2864 = ORIENTED_EDGE('',*,*,#2734,.F.);
#2865 = PLANE('',#2866);
#2866 = AXIS2_PLACEMENT_3D('',#2867,#2868,#2869);
#2867 = CARTESIAN_POINT('',(50.5,10.,20.2));
#2868 = DIRECTION('',(1.,0.,0.));
#2869 = DIRECTION('',(0.,0.,1.));
#2870 = ADVANCED_FACE('',(#2871),#2904,.F.);
#2871 = FACE_BOUND('',#2872,.F.);
#2872 = EDGE_LOOP('',(#2873,#2881,#2882,#2890,#2898));
#2873 = ORIENTED_EDGE('',*,*,#2874,.F.);
#2874 = EDGE_CURVE('',#2759,#2875,#2877,.T.);
#2875 = VERTEX_POINT('',#2876);
#2876 = CARTESIAN_POINT('',(27.,75.,25.));
#2877 = LINE('',#2878,#2879);
#2878 = CARTESIAN_POINT('',(27.,75.,21.8));
#2879 = VECTOR('',#2880,1.);
#2880 = DIRECTION('',(0.,0.,1.));
#2881 = ORIENTED_EDGE('',*,*,#2766,.T.);
#2882 = ORIENTED_EDGE('',*,*,#2883,.T.);
#2883 = EDGE_CURVE('',#2725,#2884,#2886,.T.);
#2884 = VERTEX_POINT('',#2885);
#2885 = CARTESIAN_POINT('',(27.,82.,21.8));
#2886 = LINE('',#2887,#2888);
#2887 = CARTESIAN_POINT('',(27.,75.,21.8));
#2888 = VECTOR('',#2889,1.);
#2889 = DIRECTION('',(0.,1.,0.));
#2890 = ORIENTED_EDGE('',*,*,#2891,.T.);
#2891 = EDGE_CURVE('',#2884,#2892,#2894,.T.);
#2892 = VERTEX_POINT('',#2893);
#2893 = CARTESIAN_POINT('',(27.,82.,25.));
#2894 = LINE('',#2895,#2896);
#2895 = CARTESIAN_POINT('',(27.,82.,21.8));
#2896 = VECTOR('',#2897,1.);
#2897 = DIRECTION('',(0.,0.,1.));
#2898 = ORIENTED_EDGE('',*,*,#2899,.F.);
#2899 = EDGE_CURVE('',#2875,#2892,#2900,.T.);
#2900 = LINE('',#2901,#2902);
#2901 = CARTESIAN_POINT('',(27.,75.,25.));
#2902 = VECTOR('',#2903,1.);
#2903 = DIRECTION('',(0.,1.,0.));
#2904 = PLANE('',#2905);
#2905 = AXIS2_PLACEMENT_3D('',#2906,#2907,#2908);
#2906 = CARTESIAN_POINT('',(27.,75.,21.8));
#2907 = DIRECTION('',(1.,0.,0.));
#2908 = DIRECTION('',(0.,0.,1.));
#2909 = ADVANCED_FACE('',(#2910),#2928,.F.);
#2910 = FACE_BOUND('',#2911,.F.);
#2911 = EDGE_LOOP('',(#2912,#2913,#2914,#2922));
#2912 = ORIENTED_EDGE('',*,*,#2758,.F.);
#2913 = ORIENTED_EDGE('',*,*,#2874,.T.);
#2914 = ORIENTED_EDGE('',*,*,#2915,.T.);
#2915 = EDGE_CURVE('',#2875,#2916,#2918,.T.);
#2916 = VERTEX_POINT('',#2917);
#2917 = CARTESIAN_POINT('',(35.,75.,25.));
#2918 = LINE('',#2919,#2920);
#2919 = CARTESIAN_POINT('',(27.,75.,25.));
#2920 = VECTOR('',#2921,1.);
#2921 = DIRECTION('',(1.,0.,0.));
#2922 = ORIENTED_EDGE('',*,*,#2923,.F.);
#2923 = EDGE_CURVE('',#2751,#2916,#2924,.T.);
#2924 = LINE('',#2925,#2926);
#2925 = CARTESIAN_POINT('',(35.,75.,21.8));
#2926 = VECTOR('',#2927,1.);
#2927 = DIRECTION('',(0.,0.,1.));
#2928 = PLANE('',#2929);
#2929 = AXIS2_PLACEMENT_3D('',#2930,#2931,#2932);
#2930 = CARTESIAN_POINT('',(27.,75.,21.8));
#2931 = DIRECTION('',(0.,1.,0.));
#2932 = DIRECTION('',(0.,0.,1.));
#2933 = ADVANCED_FACE('',(#2934),#2960,.T.);
#2934 = FACE_BOUND('',#2935,.T.);
#2935 = EDGE_LOOP('',(#2936,#2937,#2938,#2946,#2954));
#2936 = ORIENTED_EDGE('',*,*,#2923,.F.);
#2937 = ORIENTED_EDGE('',*,*,#2750,.T.);
#2938 = ORIENTED_EDGE('',*,*,#2939,.T.);
#2939 = EDGE_CURVE('',#2743,#2940,#2942,.T.);
#2940 = VERTEX_POINT('',#2941);
#2941 = CARTESIAN_POINT('',(35.,82.,21.8));
#2942 = LINE('',#2943,#2944);
#2943 = CARTESIAN_POINT('',(35.,75.,21.8));
#2944 = VECTOR('',#2945,1.);
#2945 = DIRECTION('',(0.,1.,0.));
#2946 = ORIENTED_EDGE('',*,*,#2947,.T.);
#2947 = EDGE_CURVE('',#2940,#2948,#2950,.T.);
#2948 = VERTEX_POINT('',#2949);
#2949 = CARTESIAN_POINT('',(35.,82.,25.));
#2950 = LINE('',#2951,#2952);
#2951 = CARTESIAN_POINT('',(35.,82.,21.8));
#2952 = VECTOR('',#2953,1.);
#2953 = DIRECTION('',(0.,0.,1.));
#2954 = ORIENTED_EDGE('',*,*,#2955,.F.);
#2955 = EDGE_CURVE('',#2916,#2948,#2956,.T.);
#2956 = LINE('',#2957,#2958);
#2957 = CARTESIAN_POINT('',(35.,75.,25.));
#2958 = VECTOR('',#2959,1.);
#2959 = DIRECTION('',(0.,1.,0.));
#2960 = PLANE('',#2961);
#2961 = AXIS2_PLACEMENT_3D('',#2962,#2963,#2964);
#2962 = CARTESIAN_POINT('',(35.,75.,21.8));
#2963 = DIRECTION('',(1.,0.,0.));
#2964 = DIRECTION('',(0.,0.,1.));
#2965 = ADVANCED_FACE('',(#2966),#2991,.F.);
#2966 = FACE_BOUND('',#2967,.F.);
#2967 = EDGE_LOOP('',(#2968,#2969,#2977,#2985));
#2968 = ORIENTED_EDGE('',*,*,#2774,.F.);
#2969 = ORIENTED_EDGE('',*,*,#2970,.T.);
#2970 = EDGE_CURVE('',#2775,#2971,#2973,.T.);
#2971 = VERTEX_POINT('',#2972);
#2972 = CARTESIAN_POINT('',(22.,28.,24.3));
#2973 = LINE('',#2974,#2975);
#2974 = CARTESIAN_POINT('',(22.,28.,21.8));
#2975 = VECTOR('',#2976,1.);
#2976 = DIRECTION('',(0.,0.,1.));
#2977 = ORIENTED_EDGE('',*,*,#2978,.T.);
#2978 = EDGE_CURVE('',#2971,#2979,#2981,.T.);
#2979 = VERTEX_POINT('',#2980);
#2980 = CARTESIAN_POINT('',(40.,28.,24.3));
#2981 = LINE('',#2982,#2983);
#2982 = CARTESIAN_POINT('',(22.,28.,24.3));
#2983 = VECTOR('',#2984,1.);
#2984 = DIRECTION('',(1.,0.,0.));
#2985 = ORIENTED_EDGE('',*,*,#2986,.F.);
#2986 = EDGE_CURVE('',#2777,#2979,#2987,.T.);
#2987 = LINE('',#2988,#2989);
#2988 = CARTESIAN_POINT('',(40.,28.,21.8));
#2989 = VECTOR('',#2990,1.);
#2990 = DIRECTION('',(0.,0.,1.));
#2991 = PLANE('',#2992);
#2992 = AXIS2_PLACEMENT_3D('',#2993,#2994,#2995);
#2993 = CARTESIAN_POINT('',(22.,28.,21.8));
#2994 = DIRECTION('',(0.,1.,0.));
#2995 = DIRECTION('',(0.,0.,1.));
#2996 = ADVANCED_FACE('',(#2997),#3015,.F.);
#2997 = FACE_BOUND('',#2998,.F.);
#2998 = EDGE_LOOP('',(#2999,#3000,#3001,#3009));
#2999 = ORIENTED_EDGE('',*,*,#2970,.F.);
#3000 = ORIENTED_EDGE('',*,*,#2784,.T.);
#3001 = ORIENTED_EDGE('',*,*,#3002,.T.);
#3002 = EDGE_CURVE('',#2785,#3003,#3005,.T.);
#3003 = VERTEX_POINT('',#3004);
#3004 = CARTESIAN_POINT('',(22.,53.,24.3));
#3005 = LINE('',#3006,#3007);
#3006 = CARTESIAN_POINT('',(22.,53.,21.8));
#3007 = VECTOR('',#3008,1.);
#3008 = DIRECTION('',(0.,0.,1.));
#3009 = ORIENTED_EDGE('',*,*,#3010,.F.);
#3010 = EDGE_CURVE('',#2971,#3003,#3011,.T.);
#3011 = LINE('',#3012,#3013);
#3012 = CARTESIAN_POINT('',(22.,28.,24.3));
#3013 = VECTOR('',#3014,1.);
#3014 = DIRECTION('',(0.,1.,0.));
#3015 = PLANE('',#3016);
#3016 = AXIS2_PLACEMENT_3D('',#3017,#3018,#3019);
#3017 = CARTESIAN_POINT('',(22.,28.,21.8));
#3018 = DIRECTION('',(1.,0.,0.));
#3019 = DIRECTION('',(0.,0.,1.));
#3020 = ADVANCED_FACE('',(#3021),#3039,.T.);
#3021 = FACE_BOUND('',#3022,.T.);
#3022 = EDGE_LOOP('',(#3023,#3024,#3025,#3033));
#3023 = ORIENTED_EDGE('',*,*,#2986,.F.);
#3024 = ORIENTED_EDGE('',*,*,#2800,.T.);
#3025 = ORIENTED_EDGE('',*,*,#3026,.T.);
#3026 = EDGE_CURVE('',#2793,#3027,#3029,.T.);
#3027 = VERTEX_POINT('',#3028);
#3028 = CARTESIAN_POINT('',(40.,53.,24.3));
#3029 = LINE('',#3030,#3031);
#3030 = CARTESIAN_POINT('',(40.,53.,21.8));
#3031 = VECTOR('',#3032,1.);
#3032 = DIRECTION('',(0.,0.,1.));
#3033 = ORIENTED_EDGE('',*,*,#3034,.F.);
#3034 = EDGE_CURVE('',#2979,#3027,#3035,.T.);
#3035 = LINE('',#3036,#3037);
#3036 = CARTESIAN_POINT('',(40.,28.,24.3));
#3037 = VECTOR('',#3038,1.);
#3038 = DIRECTION('',(0.,1.,0.));
#3039 = PLANE('',#3040);
#3040 = AXIS2_PLACEMENT_3D('',#3041,#3042,#3043);
#3041 = CARTESIAN_POINT('',(40.,28.,21.8));
#3042 = DIRECTION('',(1.,0.,0.));
#3043 = DIRECTION('',(0.,0.,1.));
#3044 = ADVANCED_FACE('',(#3045),#3056,.T.);
#3045 = FACE_BOUND('',#3046,.T.);
#3046 = EDGE_LOOP('',(#3047,#3048,#3049,#3055));
#3047 = ORIENTED_EDGE('',*,*,#2792,.F.);
#3048 = ORIENTED_EDGE('',*,*,#3002,.T.);
#3049 = ORIENTED_EDGE('',*,*,#3050,.T.);
#3050 = EDGE_CURVE('',#3003,#3027,#3051,.T.);
#3051 = LINE('',#3052,#3053);
#3052 = CARTESIAN_POINT('',(22.,53.,24.3));
#3053 = VECTOR('',#3054,1.);
#3054 = DIRECTION('',(1.,0.,0.));
#3055 = ORIENTED_EDGE('',*,*,#3026,.F.);
#3056 = PLANE('',#3057);
#3057 = AXIS2_PLACEMENT_3D('',#3058,#3059,#3060);
#3058 = CARTESIAN_POINT('',(22.,53.,21.8));
#3059 = DIRECTION('',(0.,1.,0.));
#3060 = DIRECTION('',(0.,0.,1.));
#3061 = ADVANCED_FACE('',(#3062),#3073,.F.);
#3062 = FACE_BOUND('',#3063,.F.);
#3063 = EDGE_LOOP('',(#3064,#3065,#3066,#3067));
#3064 = ORIENTED_EDGE('',*,*,#2883,.F.);
#3065 = ORIENTED_EDGE('',*,*,#2824,.T.);
#3066 = ORIENTED_EDGE('',*,*,#2939,.T.);
#3067 = ORIENTED_EDGE('',*,*,#3068,.F.);
#3068 = EDGE_CURVE('',#2884,#2940,#3069,.T.);
#3069 = LINE('',#3070,#3071);
#3070 = CARTESIAN_POINT('',(27.,82.,21.8));
#3071 = VECTOR('',#3072,1.);
#3072 = DIRECTION('',(1.,0.,0.));
#3073 = PLANE('',#3074);
#3074 = AXIS2_PLACEMENT_3D('',#3075,#3076,#3077);
#3075 = CARTESIAN_POINT('',(27.,75.,21.8));
#3076 = DIRECTION('',(0.,0.,1.));
#3077 = DIRECTION('',(1.,0.,0.));
#3078 = ADVANCED_FACE('',(#3079),#3090,.T.);
#3079 = FACE_BOUND('',#3080,.T.);
#3080 = EDGE_LOOP('',(#3081,#3082,#3083,#3084));
#3081 = ORIENTED_EDGE('',*,*,#2899,.F.);
#3082 = ORIENTED_EDGE('',*,*,#2915,.T.);
#3083 = ORIENTED_EDGE('',*,*,#2955,.T.);
#3084 = ORIENTED_EDGE('',*,*,#3085,.F.);
#3085 = EDGE_CURVE('',#2892,#2948,#3086,.T.);
#3086 = LINE('',#3087,#3088);
#3087 = CARTESIAN_POINT('',(27.,82.,25.));
#3088 = VECTOR('',#3089,1.);
#3089 = DIRECTION('',(1.,0.,0.));
#3090 = PLANE('',#3091);
#3091 = AXIS2_PLACEMENT_3D('',#3092,#3093,#3094);
#3092 = CARTESIAN_POINT('',(27.,75.,25.));
#3093 = DIRECTION('',(0.,0.,1.));
#3094 = DIRECTION('',(1.,0.,0.));
#3095 = ADVANCED_FACE('',(#3096),#3102,.T.);
#3096 = FACE_BOUND('',#3097,.T.);
#3097 = EDGE_LOOP('',(#3098,#3099,#3100,#3101));
#3098 = ORIENTED_EDGE('',*,*,#3068,.F.);
#3099 = ORIENTED_EDGE('',*,*,#2891,.T.);
#3100 = ORIENTED_EDGE('',*,*,#3085,.T.);
#3101 = ORIENTED_EDGE('',*,*,#2947,.F.);
#3102 = PLANE('',#3103);
#3103 = AXIS2_PLACEMENT_3D('',#3104,#3105,#3106);
#3104 = CARTESIAN_POINT('',(27.,82.,21.8));
#3105 = DIRECTION('',(0.,1.,0.));
#3106 = DIRECTION('',(0.,0.,1.));
#3107 = ADVANCED_FACE('',(#3108),#3114,.T.);
#3108 = FACE_BOUND('',#3109,.T.);
#3109 = EDGE_LOOP('',(#3110,#3111,#3112,#3113));
#3110 = ORIENTED_EDGE('',*,*,#3010,.F.);
#3111 = ORIENTED_EDGE('',*,*,#2978,.T.);
#3112 = ORIENTED_EDGE('',*,*,#3034,.T.);
#3113 = ORIENTED_EDGE('',*,*,#3050,.F.);
#3114 = PLANE('',#3115);
#3115 = AXIS2_PLACEMENT_3D('',#3116,#3117,#3118);
#3116 = CARTESIAN_POINT('',(22.,28.,24.3));
#3117 = DIRECTION('',(0.,0.,1.));
#3118 = DIRECTION('',(1.,0.,0.));
#3119 = MANIFOLD_SOLID_BREP('',#3120);
#3120 = CLOSED_SHELL('',(#3121,#3161,#3201,#3223,#3245,#3257));
#3121 = ADVANCED_FACE('',(#3122),#3156,.F.);
#3122 = FACE_BOUND('',#3123,.F.);
#3123 = EDGE_LOOP('',(#3124,#3134,#3142,#3150));
#3124 = ORIENTED_EDGE('',*,*,#3125,.F.);
#3125 = EDGE_CURVE('',#3126,#3128,#3130,.T.);
#3126 = VERTEX_POINT('',#3127);
#3127 = CARTESIAN_POINT('',(12.5,14.,14.6));
#3128 = VERTEX_POINT('',#3129);
#3129 = CARTESIAN_POINT('',(12.5,14.,19.6));
#3130 = LINE('',#3131,#3132);
#3131 = CARTESIAN_POINT('',(12.5,14.,14.6));
#3132 = VECTOR('',#3133,1.);
#3133 = DIRECTION('',(0.,0.,1.));
#3134 = ORIENTED_EDGE('',*,*,#3135,.T.);
#3135 = EDGE_CURVE('',#3126,#3136,#3138,.T.);
#3136 = VERTEX_POINT('',#3137);
#3137 = CARTESIAN_POINT('',(12.5,76.,14.6));
#3138 = LINE('',#3139,#3140);
#3139 = CARTESIAN_POINT('',(12.5,14.,14.6));
#3140 = VECTOR('',#3141,1.);
#3141 = DIRECTION('',(0.,1.,0.));
#3142 = ORIENTED_EDGE('',*,*,#3143,.T.);
#3143 = EDGE_CURVE('',#3136,#3144,#3146,.T.);
#3144 = VERTEX_POINT('',#3145);
#3145 = CARTESIAN_POINT('',(12.5,76.,19.6));
#3146 = LINE('',#3147,#3148);
#3147 = CARTESIAN_POINT('',(12.5,76.,14.6));
#3148 = VECTOR('',#3149,1.);
#3149 = DIRECTION('',(0.,0.,1.));
#3150 = ORIENTED_EDGE('',*,*,#3151,.F.);
#3151 = EDGE_CURVE('',#3128,#3144,#3152,.T.);
#3152 = LINE('',#3153,#3154);
#3153 = CARTESIAN_POINT('',(12.5,14.,19.6));
#3154 = VECTOR('',#3155,1.);
#3155 = DIRECTION('',(0.,1.,0.));
#3156 = PLANE('',#3157);
#3157 = AXIS2_PLACEMENT_3D('',#3158,#3159,#3160);
#3158 = CARTESIAN_POINT('',(12.5,14.,14.6));
#3159 = DIRECTION('',(1.,0.,0.));
#3160 = DIRECTION('',(0.,0.,1.));
#3161 = ADVANCED_FACE('',(#3162),#3196,.T.);
#3162 = FACE_BOUND('',#3163,.T.);
#3163 = EDGE_LOOP('',(#3164,#3174,#3182,#3190));
#3164 = ORIENTED_EDGE('',*,*,#3165,.F.);
#3165 = EDGE_CURVE('',#3166,#3168,#3170,.T.);
#3166 = VERTEX_POINT('',#3167);
#3167 = CARTESIAN_POINT('',(15.,14.,14.6));
#3168 = VERTEX_POINT('',#3169);
#3169 = CARTESIAN_POINT('',(15.,14.,19.6));
#3170 = LINE('',#3171,#3172);
#3171 = CARTESIAN_POINT('',(15.,14.,14.6));
#3172 = VECTOR('',#3173,1.);
#3173 = DIRECTION('',(0.,0.,1.));
#3174 = ORIENTED_EDGE('',*,*,#3175,.T.);
#3175 = EDGE_CURVE('',#3166,#3176,#3178,.T.);
#3176 = VERTEX_POINT('',#3177);
#3177 = CARTESIAN_POINT('',(15.,76.,14.6));
#3178 = LINE('',#3179,#3180);
#3179 = CARTESIAN_POINT('',(15.,14.,14.6));
#3180 = VECTOR('',#3181,1.);
#3181 = DIRECTION('',(0.,1.,0.));
#3182 = ORIENTED_EDGE('',*,*,#3183,.T.);
#3183 = EDGE_CURVE('',#3176,#3184,#3186,.T.);
#3184 = VERTEX_POINT('',#3185);
#3185 = CARTESIAN_POINT('',(15.,76.,19.6));
#3186 = LINE('',#3187,#3188);
#3187 = CARTESIAN_POINT('',(15.,76.,14.6));
#3188 = VECTOR('',#3189,1.);
#3189 = DIRECTION('',(0.,0.,1.));
#3190 = ORIENTED_EDGE('',*,*,#3191,.F.);
#3191 = EDGE_CURVE('',#3168,#3184,#3192,.T.);
#3192 = LINE('',#3193,#3194);
#3193 = CARTESIAN_POINT('',(15.,14.,19.6));
#3194 = VECTOR('',#3195,1.);
#3195 = DIRECTION('',(0.,1.,0.));
#3196 = PLANE('',#3197);
#3197 = AXIS2_PLACEMENT_3D('',#3198,#3199,#3200);
#3198 = CARTESIAN_POINT('',(15.,14.,14.6));
#3199 = DIRECTION('',(1.,0.,0.));
#3200 = DIRECTION('',(0.,0.,1.));
#3201 = ADVANCED_FACE('',(#3202),#3218,.F.);
#3202 = FACE_BOUND('',#3203,.F.);
#3203 = EDGE_LOOP('',(#3204,#3210,#3211,#3217));
#3204 = ORIENTED_EDGE('',*,*,#3205,.F.);
#3205 = EDGE_CURVE('',#3126,#3166,#3206,.T.);
#3206 = LINE('',#3207,#3208);
#3207 = CARTESIAN_POINT('',(12.5,14.,14.6));
#3208 = VECTOR('',#3209,1.);
#3209 = DIRECTION('',(1.,0.,0.));
#3210 = ORIENTED_EDGE('',*,*,#3125,.T.);
#3211 = ORIENTED_EDGE('',*,*,#3212,.T.);
#3212 = EDGE_CURVE('',#3128,#3168,#3213,.T.);
#3213 = LINE('',#3214,#3215);
#3214 = CARTESIAN_POINT('',(12.5,14.,19.6));
#3215 = VECTOR('',#3216,1.);
#3216 = DIRECTION('',(1.,0.,0.));
#3217 = ORIENTED_EDGE('',*,*,#3165,.F.);
#3218 = PLANE('',#3219);
#3219 = AXIS2_PLACEMENT_3D('',#3220,#3221,#3222);
#3220 = CARTESIAN_POINT('',(12.5,14.,14.6));
#3221 = DIRECTION('',(0.,1.,0.));
#3222 = DIRECTION('',(0.,0.,1.));
#3223 = ADVANCED_FACE('',(#3224),#3240,.T.);
#3224 = FACE_BOUND('',#3225,.T.);
#3225 = EDGE_LOOP('',(#3226,#3232,#3233,#3239));
#3226 = ORIENTED_EDGE('',*,*,#3227,.F.);
#3227 = EDGE_CURVE('',#3136,#3176,#3228,.T.);
#3228 = LINE('',#3229,#3230);
#3229 = CARTESIAN_POINT('',(12.5,76.,14.6));
#3230 = VECTOR('',#3231,1.);
#3231 = DIRECTION('',(1.,0.,0.));
#3232 = ORIENTED_EDGE('',*,*,#3143,.T.);
#3233 = ORIENTED_EDGE('',*,*,#3234,.T.);
#3234 = EDGE_CURVE('',#3144,#3184,#3235,.T.);
#3235 = LINE('',#3236,#3237);
#3236 = CARTESIAN_POINT('',(12.5,76.,19.6));
#3237 = VECTOR('',#3238,1.);
#3238 = DIRECTION('',(1.,0.,0.));
#3239 = ORIENTED_EDGE('',*,*,#3183,.F.);
#3240 = PLANE('',#3241);
#3241 = AXIS2_PLACEMENT_3D('',#3242,#3243,#3244);
#3242 = CARTESIAN_POINT('',(12.5,76.,14.6));
#3243 = DIRECTION('',(0.,1.,0.));
#3244 = DIRECTION('',(0.,0.,1.));
#3245 = ADVANCED_FACE('',(#3246),#3252,.F.);
#3246 = FACE_BOUND('',#3247,.F.);
#3247 = EDGE_LOOP('',(#3248,#3249,#3250,#3251));
#3248 = ORIENTED_EDGE('',*,*,#3135,.F.);
#3249 = ORIENTED_EDGE('',*,*,#3205,.T.);
#3250 = ORIENTED_EDGE('',*,*,#3175,.T.);
#3251 = ORIENTED_EDGE('',*,*,#3227,.F.);
#3252 = PLANE('',#3253);
#3253 = AXIS2_PLACEMENT_3D('',#3254,#3255,#3256);
#3254 = CARTESIAN_POINT('',(12.5,14.,14.6));
#3255 = DIRECTION('',(0.,0.,1.));
#3256 = DIRECTION('',(1.,0.,0.));
#3257 = ADVANCED_FACE('',(#3258),#3264,.T.);
#3258 = FACE_BOUND('',#3259,.T.);
#3259 = EDGE_LOOP('',(#3260,#3261,#3262,#3263));
#3260 = ORIENTED_EDGE('',*,*,#3151,.F.);
#3261 = ORIENTED_EDGE('',*,*,#3212,.T.);
#3262 = ORIENTED_EDGE('',*,*,#3191,.T.);
#3263 = ORIENTED_EDGE('',*,*,#3234,.F.);
#3264 = PLANE('',#3265);
#3265 = AXIS2_PLACEMENT_3D('',#3266,#3267,#3268);
#3266 = CARTESIAN_POINT('',(12.5,14.,19.6));
#3267 = DIRECTION('',(0.,0.,1.));
#3268 = DIRECTION('',(1.,0.,0.));
#3269 = MANIFOLD_SOLID_BREP('',#3270);
#3270 = CLOSED_SHELL('',(#3271,#3311,#3351,#3373,#3395,#3407));
#3271 = ADVANCED_FACE('',(#3272),#3306,.F.);
#3272 = FACE_BOUND('',#3273,.F.);
#3273 = EDGE_LOOP('',(#3274,#3284,#3292,#3300));
#3274 = ORIENTED_EDGE('',*,*,#3275,.F.);
#3275 = EDGE_CURVE('',#3276,#3278,#3280,.T.);
#3276 = VERTEX_POINT('',#3277);
#3277 = CARTESIAN_POINT('',(47.,14.,14.6));
#3278 = VERTEX_POINT('',#3279);
#3279 = CARTESIAN_POINT('',(47.,14.,19.6));
#3280 = LINE('',#3281,#3282);
#3281 = CARTESIAN_POINT('',(47.,14.,14.6));
#3282 = VECTOR('',#3283,1.);
#3283 = DIRECTION('',(0.,0.,1.));
#3284 = ORIENTED_EDGE('',*,*,#3285,.T.);
#3285 = EDGE_CURVE('',#3276,#3286,#3288,.T.);
#3286 = VERTEX_POINT('',#3287);
#3287 = CARTESIAN_POINT('',(47.,76.,14.6));
#3288 = LINE('',#3289,#3290);
#3289 = CARTESIAN_POINT('',(47.,14.,14.6));
#3290 = VECTOR('',#3291,1.);
#3291 = DIRECTION('',(0.,1.,0.));
#3292 = ORIENTED_EDGE('',*,*,#3293,.T.);
#3293 = EDGE_CURVE('',#3286,#3294,#3296,.T.);
#3294 = VERTEX_POINT('',#3295);
#3295 = CARTESIAN_POINT('',(47.,76.,19.6));
#3296 = LINE('',#3297,#3298);
#3297 = CARTESIAN_POINT('',(47.,76.,14.6));
#3298 = VECTOR('',#3299,1.);
#3299 = DIRECTION('',(0.,0.,1.));
#3300 = ORIENTED_EDGE('',*,*,#3301,.F.);
#3301 = EDGE_CURVE('',#3278,#3294,#3302,.T.);
#3302 = LINE('',#3303,#3304);
#3303 = CARTESIAN_POINT('',(47.,14.,19.6));
#3304 = VECTOR('',#3305,1.);
#3305 = DIRECTION('',(0.,1.,0.));
#3306 = PLANE('',#3307);
#3307 = AXIS2_PLACEMENT_3D('',#3308,#3309,#3310);
#3308 = CARTESIAN_POINT('',(47.,14.,14.6));
#3309 = DIRECTION('',(1.,0.,0.));
#3310 = DIRECTION('',(0.,0.,1.));
#3311 = ADVANCED_FACE('',(#3312),#3346,.T.);
#3312 = FACE_BOUND('',#3313,.T.);
#3313 = EDGE_LOOP('',(#3314,#3324,#3332,#3340));
#3314 = ORIENTED_EDGE('',*,*,#3315,.F.);
#3315 = EDGE_CURVE('',#3316,#3318,#3320,.T.);
#3316 = VERTEX_POINT('',#3317);
#3317 = CARTESIAN_POINT('',(49.5,14.,14.6));
#3318 = VERTEX_POINT('',#3319);
#3319 = CARTESIAN_POINT('',(49.5,14.,19.6));
#3320 = LINE('',#3321,#3322);
#3321 = CARTESIAN_POINT('',(49.5,14.,14.6));
#3322 = VECTOR('',#3323,1.);
#3323 = DIRECTION('',(0.,0.,1.));
#3324 = ORIENTED_EDGE('',*,*,#3325,.T.);
#3325 = EDGE_CURVE('',#3316,#3326,#3328,.T.);
#3326 = VERTEX_POINT('',#3327);
#3327 = CARTESIAN_POINT('',(49.5,76.,14.6));
#3328 = LINE('',#3329,#3330);
#3329 = CARTESIAN_POINT('',(49.5,14.,14.6));
#3330 = VECTOR('',#3331,1.);
#3331 = DIRECTION('',(0.,1.,0.));
#3332 = ORIENTED_EDGE('',*,*,#3333,.T.);
#3333 = EDGE_CURVE('',#3326,#3334,#3336,.T.);
#3334 = VERTEX_POINT('',#3335);
#3335 = CARTESIAN_POINT('',(49.5,76.,19.6));
#3336 = LINE('',#3337,#3338);
#3337 = CARTESIAN_POINT('',(49.5,76.,14.6));
#3338 = VECTOR('',#3339,1.);
#3339 = DIRECTION('',(0.,0.,1.));
#3340 = ORIENTED_EDGE('',*,*,#3341,.F.);
#3341 = EDGE_CURVE('',#3318,#3334,#3342,.T.);
#3342 = LINE('',#3343,#3344);
#3343 = CARTESIAN_POINT('',(49.5,14.,19.6));
#3344 = VECTOR('',#3345,1.);
#3345 = DIRECTION('',(0.,1.,0.));
#3346 = PLANE('',#3347);
#3347 = AXIS2_PLACEMENT_3D('',#3348,#3349,#3350);
#3348 = CARTESIAN_POINT('',(49.5,14.,14.6));
#3349 = DIRECTION('',(1.,0.,0.));
#3350 = DIRECTION('',(0.,0.,1.));
#3351 = ADVANCED_FACE('',(#3352),#3368,.F.);
#3352 = FACE_BOUND('',#3353,.F.);
#3353 = EDGE_LOOP('',(#3354,#3360,#3361,#3367));
#3354 = ORIENTED_EDGE('',*,*,#3355,.F.);
#3355 = EDGE_CURVE('',#3276,#3316,#3356,.T.);
#3356 = LINE('',#3357,#3358);
#3357 = CARTESIAN_POINT('',(47.,14.,14.6));
#3358 = VECTOR('',#3359,1.);
#3359 = DIRECTION('',(1.,0.,0.));
#3360 = ORIENTED_EDGE('',*,*,#3275,.T.);
#3361 = ORIENTED_EDGE('',*,*,#3362,.T.);
#3362 = EDGE_CURVE('',#3278,#3318,#3363,.T.);
#3363 = LINE('',#3364,#3365);
#3364 = CARTESIAN_POINT('',(47.,14.,19.6));
#3365 = VECTOR('',#3366,1.);
#3366 = DIRECTION('',(1.,0.,0.));
#3367 = ORIENTED_EDGE('',*,*,#3315,.F.);
#3368 = PLANE('',#3369);
#3369 = AXIS2_PLACEMENT_3D('',#3370,#3371,#3372);
#3370 = CARTESIAN_POINT('',(47.,14.,14.6));
#3371 = DIRECTION('',(0.,1.,0.));
#3372 = DIRECTION('',(0.,0.,1.));
#3373 = ADVANCED_FACE('',(#3374),#3390,.T.);
#3374 = FACE_BOUND('',#3375,.T.);
#3375 = EDGE_LOOP('',(#3376,#3382,#3383,#3389));
#3376 = ORIENTED_EDGE('',*,*,#3377,.F.);
#3377 = EDGE_CURVE('',#3286,#3326,#3378,.T.);
#3378 = LINE('',#3379,#3380);
#3379 = CARTESIAN_POINT('',(47.,76.,14.6));
#3380 = VECTOR('',#3381,1.);
#3381 = DIRECTION('',(1.,0.,0.));
#3382 = ORIENTED_EDGE('',*,*,#3293,.T.);
#3383 = ORIENTED_EDGE('',*,*,#3384,.T.);
#3384 = EDGE_CURVE('',#3294,#3334,#3385,.T.);
#3385 = LINE('',#3386,#3387);
#3386 = CARTESIAN_POINT('',(47.,76.,19.6));
#3387 = VECTOR('',#3388,1.);
#3388 = DIRECTION('',(1.,0.,0.));
#3389 = ORIENTED_EDGE('',*,*,#3333,.F.);
#3390 = PLANE('',#3391);
#3391 = AXIS2_PLACEMENT_3D('',#3392,#3393,#3394);
#3392 = CARTESIAN_POINT('',(47.,76.,14.6));
#3393 = DIRECTION('',(0.,1.,0.));
#3394 = DIRECTION('',(0.,0.,1.));
#3395 = ADVANCED_FACE('',(#3396),#3402,.F.);
#3396 = FACE_BOUND('',#3397,.F.);
#3397 = EDGE_LOOP('',(#3398,#3399,#3400,#3401));
#3398 = ORIENTED_EDGE('',*,*,#3285,.F.);
#3399 = ORIENTED_EDGE('',*,*,#3355,.T.);
#3400 = ORIENTED_EDGE('',*,*,#3325,.T.);
#3401 = ORIENTED_EDGE('',*,*,#3377,.F.);
#3402 = PLANE('',#3403);
#3403 = AXIS2_PLACEMENT_3D('',#3404,#3405,#3406);
#3404 = CARTESIAN_POINT('',(47.,14.,14.6));
#3405 = DIRECTION('',(0.,0.,1.));
#3406 = DIRECTION('',(1.,0.,0.));
#3407 = ADVANCED_FACE('',(#3408),#3414,.T.);
#3408 = FACE_BOUND('',#3409,.T.);
#3409 = EDGE_LOOP('',(#3410,#3411,#3412,#3413));
#3410 = ORIENTED_EDGE('',*,*,#3301,.F.);
#3411 = ORIENTED_EDGE('',*,*,#3362,.T.);
#3412 = ORIENTED_EDGE('',*,*,#3341,.T.);
#3413 = ORIENTED_EDGE('',*,*,#3384,.F.);
#3414 = PLANE('',#3415);
#3415 = AXIS2_PLACEMENT_3D('',#3416,#3417,#3418);
#3416 = CARTESIAN_POINT('',(47.,14.,19.6));
#3417 = DIRECTION('',(0.,0.,1.));
#3418 = DIRECTION('',(1.,0.,0.));
#3419 = MANIFOLD_SOLID_BREP('',#3420);
#3420 = CLOSED_SHELL('',(#3421,#3454,#3463));
#3421 = ADVANCED_FACE('',(#3422),#3449,.T.);
#3422 = FACE_BOUND('',#3423,.T.);
#3423 = EDGE_LOOP('',(#3424,#3433,#3441,#3448));
#3424 = ORIENTED_EDGE('',*,*,#3425,.F.);
#3425 = EDGE_CURVE('',#3426,#3426,#3428,.T.);
#3426 = VERTEX_POINT('',#3427);
#3427 = CARTESIAN_POINT('',(10.,8.5,18.6));
#3428 = CIRCLE('',#3429,1.5);
#3429 = AXIS2_PLACEMENT_3D('',#3430,#3431,#3432);
#3430 = CARTESIAN_POINT('',(8.5,8.5,18.6));
#3431 = DIRECTION('',(0.,0.,1.));
#3432 = DIRECTION('',(1.,0.,0.));
#3433 = ORIENTED_EDGE('',*,*,#3434,.F.);
#3434 = EDGE_CURVE('',#3435,#3426,#3437,.T.);
#3435 = VERTEX_POINT('',#3436);
#3436 = CARTESIAN_POINT('',(10.,8.5,4.6));
#3437 = LINE('',#3438,#3439);
#3438 = CARTESIAN_POINT('',(10.,8.5,4.6));
#3439 = VECTOR('',#3440,1.);
#3440 = DIRECTION('',(0.,0.,1.));
#3441 = ORIENTED_EDGE('',*,*,#3442,.T.);
#3442 = EDGE_CURVE('',#3435,#3435,#3443,.T.);
#3443 = CIRCLE('',#3444,1.5);
#3444 = AXIS2_PLACEMENT_3D('',#3445,#3446,#3447);
#3445 = CARTESIAN_POINT('',(8.5,8.5,4.6));
#3446 = DIRECTION('',(0.,0.,1.));
#3447 = DIRECTION('',(1.,0.,0.));
#3448 = ORIENTED_EDGE('',*,*,#3434,.T.);
#3449 = CYLINDRICAL_SURFACE('',#3450,1.5);
#3450 = AXIS2_PLACEMENT_3D('',#3451,#3452,#3453);
#3451 = CARTESIAN_POINT('',(8.5,8.5,4.6));
#3452 = DIRECTION('',(0.,0.,1.));
#3453 = DIRECTION('',(1.,0.,0.));
#3454 = ADVANCED_FACE('',(#3455),#3458,.T.);
#3455 = FACE_BOUND('',#3456,.T.);
#3456 = EDGE_LOOP('',(#3457));
#3457 = ORIENTED_EDGE('',*,*,#3425,.T.);
#3458 = PLANE('',#3459);
#3459 = AXIS2_PLACEMENT_3D('',#3460,#3461,#3462);
#3460 = CARTESIAN_POINT('',(8.5,8.5,18.6));
#3461 = DIRECTION('',(0.,0.,1.));
#3462 = DIRECTION('',(1.,0.,0.));
#3463 = ADVANCED_FACE('',(#3464),#3467,.F.);
#3464 = FACE_BOUND('',#3465,.T.);
#3465 = EDGE_LOOP('',(#3466));
#3466 = ORIENTED_EDGE('',*,*,#3442,.F.);
#3467 = PLANE('',#3468);
#3468 = AXIS2_PLACEMENT_3D('',#3469,#3470,#3471);
#3469 = CARTESIAN_POINT('',(8.5,8.5,4.6));
#3470 = DIRECTION('',(0.,0.,1.));
#3471 = DIRECTION('',(1.,0.,0.));
#3472 = MANIFOLD_SOLID_BREP('',#3473);
#3473 = CLOSED_SHELL('',(#3474,#3507,#3516));
#3474 = ADVANCED_FACE('',(#3475),#3502,.T.);
#3475 = FACE_BOUND('',#3476,.T.);
#3476 = EDGE_LOOP('',(#3477,#3486,#3494,#3501));
#3477 = ORIENTED_EDGE('',*,*,#3478,.F.);
#3478 = EDGE_CURVE('',#3479,#3479,#3481,.T.);
#3479 = VERTEX_POINT('',#3480);
#3480 = CARTESIAN_POINT('',(55.,8.5,18.6));
#3481 = CIRCLE('',#3482,1.5);
#3482 = AXIS2_PLACEMENT_3D('',#3483,#3484,#3485);
#3483 = CARTESIAN_POINT('',(53.5,8.5,18.6));
#3484 = DIRECTION('',(0.,0.,1.));
#3485 = DIRECTION('',(1.,0.,0.));
#3486 = ORIENTED_EDGE('',*,*,#3487,.F.);
#3487 = EDGE_CURVE('',#3488,#3479,#3490,.T.);
#3488 = VERTEX_POINT('',#3489);
#3489 = CARTESIAN_POINT('',(55.,8.5,4.6));
#3490 = LINE('',#3491,#3492);
#3491 = CARTESIAN_POINT('',(55.,8.5,4.6));
#3492 = VECTOR('',#3493,1.);
#3493 = DIRECTION('',(0.,0.,1.));
#3494 = ORIENTED_EDGE('',*,*,#3495,.T.);
#3495 = EDGE_CURVE('',#3488,#3488,#3496,.T.);
#3496 = CIRCLE('',#3497,1.5);
#3497 = AXIS2_PLACEMENT_3D('',#3498,#3499,#3500);
#3498 = CARTESIAN_POINT('',(53.5,8.5,4.6));
#3499 = DIRECTION('',(0.,0.,1.));
#3500 = DIRECTION('',(1.,0.,0.));
#3501 = ORIENTED_EDGE('',*,*,#3487,.T.);
#3502 = CYLINDRICAL_SURFACE('',#3503,1.5);
#3503 = AXIS2_PLACEMENT_3D('',#3504,#3505,#3506);
#3504 = CARTESIAN_POINT('',(53.5,8.5,4.6));
#3505 = DIRECTION('',(0.,0.,1.));
#3506 = DIRECTION('',(1.,0.,0.));
#3507 = ADVANCED_FACE('',(#3508),#3511,.T.);
#3508 = FACE_BOUND('',#3509,.T.);
#3509 = EDGE_LOOP('',(#3510));
#3510 = ORIENTED_EDGE('',*,*,#3478,.T.);
#3511 = PLANE('',#3512);
#3512 = AXIS2_PLACEMENT_3D('',#3513,#3514,#3515);
#3513 = CARTESIAN_POINT('',(53.5,8.5,18.6));
#3514 = DIRECTION('',(0.,0.,1.));
#3515 = DIRECTION('',(1.,0.,0.));
#3516 = ADVANCED_FACE('',(#3517),#3520,.F.);
#3517 = FACE_BOUND('',#3518,.T.);
#3518 = EDGE_LOOP('',(#3519));
#3519 = ORIENTED_EDGE('',*,*,#3495,.F.);
#3520 = PLANE('',#3521);
#3521 = AXIS2_PLACEMENT_3D('',#3522,#3523,#3524);
#3522 = CARTESIAN_POINT('',(53.5,8.5,4.6));
#3523 = DIRECTION('',(0.,0.,1.));
#3524 = DIRECTION('',(1.,0.,0.));
#3525 = MANIFOLD_SOLID_BREP('',#3526);
#3526 = CLOSED_SHELL('',(#3527,#3560,#3569));
#3527 = ADVANCED_FACE('',(#3528),#3555,.T.);
#3528 = FACE_BOUND('',#3529,.T.);
#3529 = EDGE_LOOP('',(#3530,#3539,#3547,#3554));
#3530 = ORIENTED_EDGE('',*,*,#3531,.F.);
#3531 = EDGE_CURVE('',#3532,#3532,#3534,.T.);
#3532 = VERTEX_POINT('',#3533);
#3533 = CARTESIAN_POINT('',(10.,81.5,18.6));
#3534 = CIRCLE('',#3535,1.5);
#3535 = AXIS2_PLACEMENT_3D('',#3536,#3537,#3538);
#3536 = CARTESIAN_POINT('',(8.5,81.5,18.6));
#3537 = DIRECTION('',(0.,0.,1.));
#3538 = DIRECTION('',(1.,0.,0.));
#3539 = ORIENTED_EDGE('',*,*,#3540,.F.);
#3540 = EDGE_CURVE('',#3541,#3532,#3543,.T.);
#3541 = VERTEX_POINT('',#3542);
#3542 = CARTESIAN_POINT('',(10.,81.5,4.6));
#3543 = LINE('',#3544,#3545);
#3544 = CARTESIAN_POINT('',(10.,81.5,4.6));
#3545 = VECTOR('',#3546,1.);
#3546 = DIRECTION('',(0.,0.,1.));
#3547 = ORIENTED_EDGE('',*,*,#3548,.T.);
#3548 = EDGE_CURVE('',#3541,#3541,#3549,.T.);
#3549 = CIRCLE('',#3550,1.5);
#3550 = AXIS2_PLACEMENT_3D('',#3551,#3552,#3553);
#3551 = CARTESIAN_POINT('',(8.5,81.5,4.6));
#3552 = DIRECTION('',(0.,0.,1.));
#3553 = DIRECTION('',(1.,0.,0.));
#3554 = ORIENTED_EDGE('',*,*,#3540,.T.);
#3555 = CYLINDRICAL_SURFACE('',#3556,1.5);
#3556 = AXIS2_PLACEMENT_3D('',#3557,#3558,#3559);
#3557 = CARTESIAN_POINT('',(8.5,81.5,4.6));
#3558 = DIRECTION('',(0.,0.,1.));
#3559 = DIRECTION('',(1.,0.,0.));
#3560 = ADVANCED_FACE('',(#3561),#3564,.T.);
#3561 = FACE_BOUND('',#3562,.T.);
#3562 = EDGE_LOOP('',(#3563));
#3563 = ORIENTED_EDGE('',*,*,#3531,.T.);
#3564 = PLANE('',#3565);
#3565 = AXIS2_PLACEMENT_3D('',#3566,#3567,#3568);
#3566 = CARTESIAN_POINT('',(8.5,81.5,18.6));
#3567 = DIRECTION('',(0.,0.,1.));
#3568 = DIRECTION('',(1.,0.,0.));
#3569 = ADVANCED_FACE('',(#3570),#3573,.F.);
#3570 = FACE_BOUND('',#3571,.T.);
#3571 = EDGE_LOOP('',(#3572));
#3572 = ORIENTED_EDGE('',*,*,#3548,.F.);
#3573 = PLANE('',#3574);
#3574 = AXIS2_PLACEMENT_3D('',#3575,#3576,#3577);
#3575 = CARTESIAN_POINT('',(8.5,81.5,4.6));
#3576 = DIRECTION('',(0.,0.,1.));
#3577 = DIRECTION('',(1.,0.,0.));
#3578 = MANIFOLD_SOLID_BREP('',#3579);
#3579 = CLOSED_SHELL('',(#3580,#3613,#3622));
#3580 = ADVANCED_FACE('',(#3581),#3608,.T.);
#3581 = FACE_BOUND('',#3582,.T.);
#3582 = EDGE_LOOP('',(#3583,#3592,#3600,#3607));
#3583 = ORIENTED_EDGE('',*,*,#3584,.F.);
#3584 = EDGE_CURVE('',#3585,#3585,#3587,.T.);
#3585 = VERTEX_POINT('',#3586);
#3586 = CARTESIAN_POINT('',(55.,81.5,18.6));
#3587 = CIRCLE('',#3588,1.5);
#3588 = AXIS2_PLACEMENT_3D('',#3589,#3590,#3591);
#3589 = CARTESIAN_POINT('',(53.5,81.5,18.6));
#3590 = DIRECTION('',(0.,0.,1.));
#3591 = DIRECTION('',(1.,0.,0.));
#3592 = ORIENTED_EDGE('',*,*,#3593,.F.);
#3593 = EDGE_CURVE('',#3594,#3585,#3596,.T.);
#3594 = VERTEX_POINT('',#3595);
#3595 = CARTESIAN_POINT('',(55.,81.5,4.6));
#3596 = LINE('',#3597,#3598);
#3597 = CARTESIAN_POINT('',(55.,81.5,4.6));
#3598 = VECTOR('',#3599,1.);
#3599 = DIRECTION('',(0.,0.,1.));
#3600 = ORIENTED_EDGE('',*,*,#3601,.T.);
#3601 = EDGE_CURVE('',#3594,#3594,#3602,.T.);
#3602 = CIRCLE('',#3603,1.5);
#3603 = AXIS2_PLACEMENT_3D('',#3604,#3605,#3606);
#3604 = CARTESIAN_POINT('',(53.5,81.5,4.6));
#3605 = DIRECTION('',(0.,0.,1.));
#3606 = DIRECTION('',(1.,0.,0.));
#3607 = ORIENTED_EDGE('',*,*,#3593,.T.);
#3608 = CYLINDRICAL_SURFACE('',#3609,1.5);
#3609 = AXIS2_PLACEMENT_3D('',#3610,#3611,#3612);
#3610 = CARTESIAN_POINT('',(53.5,81.5,4.6));
#3611 = DIRECTION('',(0.,0.,1.));
#3612 = DIRECTION('',(1.,0.,0.));
#3613 = ADVANCED_FACE('',(#3614),#3617,.T.);
#3614 = FACE_BOUND('',#3615,.T.);
#3615 = EDGE_LOOP('',(#3616));
#3616 = ORIENTED_EDGE('',*,*,#3584,.T.);
#3617 = PLANE('',#3618);
#3618 = AXIS2_PLACEMENT_3D('',#3619,#3620,#3621);
#3619 = CARTESIAN_POINT('',(53.5,81.5,18.6));
#3620 = DIRECTION('',(0.,0.,1.));
#3621 = DIRECTION('',(1.,0.,0.));
#3622 = ADVANCED_FACE('',(#3623),#3626,.F.);
#3623 = FACE_BOUND('',#3624,.T.);
#3624 = EDGE_LOOP('',(#3625));
#3625 = ORIENTED_EDGE('',*,*,#3601,.F.);
#3626 = PLANE('',#3627);
#3627 = AXIS2_PLACEMENT_3D('',#3628,#3629,#3630);
#3628 = CARTESIAN_POINT('',(53.5,81.5,4.6));
#3629 = DIRECTION('',(0.,0.,1.));
#3630 = DIRECTION('',(1.,0.,0.));
#3631 = MANIFOLD_SOLID_BREP('',#3632);
#3632 = CLOSED_SHELL('',(#3633,#3673,#3704,#3735,#3766,#3797,#3828,#3859
    ,#3881,#3897));
#3633 = ADVANCED_FACE('',(#3634),#3668,.F.);
#3634 = FACE_BOUND('',#3635,.F.);
#3635 = EDGE_LOOP('',(#3636,#3646,#3654,#3662));
#3636 = ORIENTED_EDGE('',*,*,#3637,.T.);
#3637 = EDGE_CURVE('',#3638,#3640,#3642,.T.);
#3638 = VERTEX_POINT('',#3639);
#3639 = CARTESIAN_POINT('',(6.,0.,3.));
#3640 = VERTEX_POINT('',#3641);
#3641 = CARTESIAN_POINT('',(6.,0.,4.6));
#3642 = LINE('',#3643,#3644);
#3643 = CARTESIAN_POINT('',(6.,0.,3.));
#3644 = VECTOR('',#3645,1.);
#3645 = DIRECTION('',(0.,0.,1.));
#3646 = ORIENTED_EDGE('',*,*,#3647,.T.);
#3647 = EDGE_CURVE('',#3640,#3648,#3650,.T.);
#3648 = VERTEX_POINT('',#3649);
#3649 = CARTESIAN_POINT('',(48.,0.,4.6));
#3650 = LINE('',#3651,#3652);
#3651 = CARTESIAN_POINT('',(6.,0.,4.6));
#3652 = VECTOR('',#3653,1.);
#3653 = DIRECTION('',(1.,0.,0.));
#3654 = ORIENTED_EDGE('',*,*,#3655,.F.);
#3655 = EDGE_CURVE('',#3656,#3648,#3658,.T.);
#3656 = VERTEX_POINT('',#3657);
#3657 = CARTESIAN_POINT('',(48.,0.,3.));
#3658 = LINE('',#3659,#3660);
#3659 = CARTESIAN_POINT('',(48.,0.,3.));
#3660 = VECTOR('',#3661,1.);
#3661 = DIRECTION('',(0.,0.,1.));
#3662 = ORIENTED_EDGE('',*,*,#3663,.F.);
#3663 = EDGE_CURVE('',#3638,#3656,#3664,.T.);
#3664 = LINE('',#3665,#3666);
#3665 = CARTESIAN_POINT('',(6.,0.,3.));
#3666 = VECTOR('',#3667,1.);
#3667 = DIRECTION('',(1.,0.,0.));
#3668 = PLANE('',#3669);
#3669 = AXIS2_PLACEMENT_3D('',#3670,#3671,#3672);
#3670 = CARTESIAN_POINT('',(6.,0.,3.));
#3671 = DIRECTION('',(0.,1.,0.));
#3672 = DIRECTION('',(1.,0.,0.));
#3673 = ADVANCED_FACE('',(#3674),#3699,.F.);
#3674 = FACE_BOUND('',#3675,.F.);
#3675 = EDGE_LOOP('',(#3676,#3677,#3685,#3693));
#3676 = ORIENTED_EDGE('',*,*,#3655,.T.);
#3677 = ORIENTED_EDGE('',*,*,#3678,.T.);
#3678 = EDGE_CURVE('',#3648,#3679,#3681,.T.);
#3679 = VERTEX_POINT('',#3680);
#3680 = CARTESIAN_POINT('',(54.,6.,4.6));
#3681 = LINE('',#3682,#3683);
#3682 = CARTESIAN_POINT('',(48.,0.,4.6));
#3683 = VECTOR('',#3684,1.);
#3684 = DIRECTION('',(0.707106781187,0.707106781187,0.));
#3685 = ORIENTED_EDGE('',*,*,#3686,.F.);
#3686 = EDGE_CURVE('',#3687,#3679,#3689,.T.);
#3687 = VERTEX_POINT('',#3688);
#3688 = CARTESIAN_POINT('',(54.,6.,3.));
#3689 = LINE('',#3690,#3691);
#3690 = CARTESIAN_POINT('',(54.,6.,3.));
#3691 = VECTOR('',#3692,1.);
#3692 = DIRECTION('',(0.,0.,1.));
#3693 = ORIENTED_EDGE('',*,*,#3694,.F.);
#3694 = EDGE_CURVE('',#3656,#3687,#3695,.T.);
#3695 = LINE('',#3696,#3697);
#3696 = CARTESIAN_POINT('',(48.,0.,3.));
#3697 = VECTOR('',#3698,1.);
#3698 = DIRECTION('',(0.707106781187,0.707106781187,0.));
#3699 = PLANE('',#3700);
#3700 = AXIS2_PLACEMENT_3D('',#3701,#3702,#3703);
#3701 = CARTESIAN_POINT('',(48.,0.,3.));
#3702 = DIRECTION('',(-0.707106781187,0.707106781187,0.));
#3703 = DIRECTION('',(0.707106781187,0.707106781187,0.));
#3704 = ADVANCED_FACE('',(#3705),#3730,.F.);
#3705 = FACE_BOUND('',#3706,.F.);
#3706 = EDGE_LOOP('',(#3707,#3708,#3716,#3724));
#3707 = ORIENTED_EDGE('',*,*,#3686,.T.);
#3708 = ORIENTED_EDGE('',*,*,#3709,.T.);
#3709 = EDGE_CURVE('',#3679,#3710,#3712,.T.);
#3710 = VERTEX_POINT('',#3711);
#3711 = CARTESIAN_POINT('',(54.,76.,4.6));
#3712 = LINE('',#3713,#3714);
#3713 = CARTESIAN_POINT('',(54.,6.,4.6));
#3714 = VECTOR('',#3715,1.);
#3715 = DIRECTION('',(0.,1.,0.));
#3716 = ORIENTED_EDGE('',*,*,#3717,.F.);
#3717 = EDGE_CURVE('',#3718,#3710,#3720,.T.);
#3718 = VERTEX_POINT('',#3719);
#3719 = CARTESIAN_POINT('',(54.,76.,3.));
#3720 = LINE('',#3721,#3722);
#3721 = CARTESIAN_POINT('',(54.,76.,3.));
#3722 = VECTOR('',#3723,1.);
#3723 = DIRECTION('',(0.,0.,1.));
#3724 = ORIENTED_EDGE('',*,*,#3725,.F.);
#3725 = EDGE_CURVE('',#3687,#3718,#3726,.T.);
#3726 = LINE('',#3727,#3728);
#3727 = CARTESIAN_POINT('',(54.,6.,3.));
#3728 = VECTOR('',#3729,1.);
#3729 = DIRECTION('',(0.,1.,0.));
#3730 = PLANE('',#3731);
#3731 = AXIS2_PLACEMENT_3D('',#3732,#3733,#3734);
#3732 = CARTESIAN_POINT('',(54.,6.,3.));
#3733 = DIRECTION('',(-1.,0.,0.));
#3734 = DIRECTION('',(0.,1.,0.));
#3735 = ADVANCED_FACE('',(#3736),#3761,.F.);
#3736 = FACE_BOUND('',#3737,.F.);
#3737 = EDGE_LOOP('',(#3738,#3739,#3747,#3755));
#3738 = ORIENTED_EDGE('',*,*,#3717,.T.);
#3739 = ORIENTED_EDGE('',*,*,#3740,.T.);
#3740 = EDGE_CURVE('',#3710,#3741,#3743,.T.);
#3741 = VERTEX_POINT('',#3742);
#3742 = CARTESIAN_POINT('',(48.,82.,4.6));
#3743 = LINE('',#3744,#3745);
#3744 = CARTESIAN_POINT('',(54.,76.,4.6));
#3745 = VECTOR('',#3746,1.);
#3746 = DIRECTION('',(-0.707106781187,0.707106781187,0.));
#3747 = ORIENTED_EDGE('',*,*,#3748,.F.);
#3748 = EDGE_CURVE('',#3749,#3741,#3751,.T.);
#3749 = VERTEX_POINT('',#3750);
#3750 = CARTESIAN_POINT('',(48.,82.,3.));
#3751 = LINE('',#3752,#3753);
#3752 = CARTESIAN_POINT('',(48.,82.,3.));
#3753 = VECTOR('',#3754,1.);
#3754 = DIRECTION('',(0.,0.,1.));
#3755 = ORIENTED_EDGE('',*,*,#3756,.F.);
#3756 = EDGE_CURVE('',#3718,#3749,#3757,.T.);
#3757 = LINE('',#3758,#3759);
#3758 = CARTESIAN_POINT('',(54.,76.,3.));
#3759 = VECTOR('',#3760,1.);
#3760 = DIRECTION('',(-0.707106781187,0.707106781187,0.));
#3761 = PLANE('',#3762);
#3762 = AXIS2_PLACEMENT_3D('',#3763,#3764,#3765);
#3763 = CARTESIAN_POINT('',(54.,76.,3.));
#3764 = DIRECTION('',(-0.707106781187,-0.707106781187,0.));
#3765 = DIRECTION('',(-0.707106781187,0.707106781187,0.));
#3766 = ADVANCED_FACE('',(#3767),#3792,.F.);
#3767 = FACE_BOUND('',#3768,.F.);
#3768 = EDGE_LOOP('',(#3769,#3770,#3778,#3786));
#3769 = ORIENTED_EDGE('',*,*,#3748,.T.);
#3770 = ORIENTED_EDGE('',*,*,#3771,.T.);
#3771 = EDGE_CURVE('',#3741,#3772,#3774,.T.);
#3772 = VERTEX_POINT('',#3773);
#3773 = CARTESIAN_POINT('',(6.,82.,4.6));
#3774 = LINE('',#3775,#3776);
#3775 = CARTESIAN_POINT('',(48.,82.,4.6));
#3776 = VECTOR('',#3777,1.);
#3777 = DIRECTION('',(-1.,0.,0.));
#3778 = ORIENTED_EDGE('',*,*,#3779,.F.);
#3779 = EDGE_CURVE('',#3780,#3772,#3782,.T.);
#3780 = VERTEX_POINT('',#3781);
#3781 = CARTESIAN_POINT('',(6.,82.,3.));
#3782 = LINE('',#3783,#3784);
#3783 = CARTESIAN_POINT('',(6.,82.,3.));
#3784 = VECTOR('',#3785,1.);
#3785 = DIRECTION('',(0.,0.,1.));
#3786 = ORIENTED_EDGE('',*,*,#3787,.F.);
#3787 = EDGE_CURVE('',#3749,#3780,#3788,.T.);
#3788 = LINE('',#3789,#3790);
#3789 = CARTESIAN_POINT('',(48.,82.,3.));
#3790 = VECTOR('',#3791,1.);
#3791 = DIRECTION('',(-1.,0.,0.));
#3792 = PLANE('',#3793);
#3793 = AXIS2_PLACEMENT_3D('',#3794,#3795,#3796);
#3794 = CARTESIAN_POINT('',(48.,82.,3.));
#3795 = DIRECTION('',(0.,-1.,0.));
#3796 = DIRECTION('',(-1.,0.,0.));
#3797 = ADVANCED_FACE('',(#3798),#3823,.F.);
#3798 = FACE_BOUND('',#3799,.F.);
#3799 = EDGE_LOOP('',(#3800,#3801,#3809,#3817));
#3800 = ORIENTED_EDGE('',*,*,#3779,.T.);
#3801 = ORIENTED_EDGE('',*,*,#3802,.T.);
#3802 = EDGE_CURVE('',#3772,#3803,#3805,.T.);
#3803 = VERTEX_POINT('',#3804);
#3804 = CARTESIAN_POINT('',(0.,76.,4.6));
#3805 = LINE('',#3806,#3807);
#3806 = CARTESIAN_POINT('',(6.,82.,4.6));
#3807 = VECTOR('',#3808,1.);
#3808 = DIRECTION('',(-0.707106781187,-0.707106781187,0.));
#3809 = ORIENTED_EDGE('',*,*,#3810,.F.);
#3810 = EDGE_CURVE('',#3811,#3803,#3813,.T.);
#3811 = VERTEX_POINT('',#3812);
#3812 = CARTESIAN_POINT('',(0.,76.,3.));
#3813 = LINE('',#3814,#3815);
#3814 = CARTESIAN_POINT('',(0.,76.,3.));
#3815 = VECTOR('',#3816,1.);
#3816 = DIRECTION('',(0.,0.,1.));
#3817 = ORIENTED_EDGE('',*,*,#3818,.F.);
#3818 = EDGE_CURVE('',#3780,#3811,#3819,.T.);
#3819 = LINE('',#3820,#3821);
#3820 = CARTESIAN_POINT('',(6.,82.,3.));
#3821 = VECTOR('',#3822,1.);
#3822 = DIRECTION('',(-0.707106781187,-0.707106781187,0.));
#3823 = PLANE('',#3824);
#3824 = AXIS2_PLACEMENT_3D('',#3825,#3826,#3827);
#3825 = CARTESIAN_POINT('',(6.,82.,3.));
#3826 = DIRECTION('',(0.707106781187,-0.707106781187,0.));
#3827 = DIRECTION('',(-0.707106781187,-0.707106781187,0.));
#3828 = ADVANCED_FACE('',(#3829),#3854,.F.);
#3829 = FACE_BOUND('',#3830,.F.);
#3830 = EDGE_LOOP('',(#3831,#3832,#3840,#3848));
#3831 = ORIENTED_EDGE('',*,*,#3810,.T.);
#3832 = ORIENTED_EDGE('',*,*,#3833,.T.);
#3833 = EDGE_CURVE('',#3803,#3834,#3836,.T.);
#3834 = VERTEX_POINT('',#3835);
#3835 = CARTESIAN_POINT('',(0.,6.,4.6));
#3836 = LINE('',#3837,#3838);
#3837 = CARTESIAN_POINT('',(0.,76.,4.6));
#3838 = VECTOR('',#3839,1.);
#3839 = DIRECTION('',(0.,-1.,0.));
#3840 = ORIENTED_EDGE('',*,*,#3841,.F.);
#3841 = EDGE_CURVE('',#3842,#3834,#3844,.T.);
#3842 = VERTEX_POINT('',#3843);
#3843 = CARTESIAN_POINT('',(0.,6.,3.));
#3844 = LINE('',#3845,#3846);
#3845 = CARTESIAN_POINT('',(0.,6.,3.));
#3846 = VECTOR('',#3847,1.);
#3847 = DIRECTION('',(0.,0.,1.));
#3848 = ORIENTED_EDGE('',*,*,#3849,.F.);
#3849 = EDGE_CURVE('',#3811,#3842,#3850,.T.);
#3850 = LINE('',#3851,#3852);
#3851 = CARTESIAN_POINT('',(0.,76.,3.));
#3852 = VECTOR('',#3853,1.);
#3853 = DIRECTION('',(0.,-1.,0.));
#3854 = PLANE('',#3855);
#3855 = AXIS2_PLACEMENT_3D('',#3856,#3857,#3858);
#3856 = CARTESIAN_POINT('',(0.,76.,3.));
#3857 = DIRECTION('',(1.,0.,0.));
#3858 = DIRECTION('',(0.,-1.,0.));
#3859 = ADVANCED_FACE('',(#3860),#3876,.F.);
#3860 = FACE_BOUND('',#3861,.F.);
#3861 = EDGE_LOOP('',(#3862,#3863,#3869,#3870));
#3862 = ORIENTED_EDGE('',*,*,#3841,.T.);
#3863 = ORIENTED_EDGE('',*,*,#3864,.T.);
#3864 = EDGE_CURVE('',#3834,#3640,#3865,.T.);
#3865 = LINE('',#3866,#3867);
#3866 = CARTESIAN_POINT('',(0.,6.,4.6));
#3867 = VECTOR('',#3868,1.);
#3868 = DIRECTION('',(0.707106781187,-0.707106781187,0.));
#3869 = ORIENTED_EDGE('',*,*,#3637,.F.);
#3870 = ORIENTED_EDGE('',*,*,#3871,.F.);
#3871 = EDGE_CURVE('',#3842,#3638,#3872,.T.);
#3872 = LINE('',#3873,#3874);
#3873 = CARTESIAN_POINT('',(0.,6.,3.));
#3874 = VECTOR('',#3875,1.);
#3875 = DIRECTION('',(0.707106781187,-0.707106781187,0.));
#3876 = PLANE('',#3877);
#3877 = AXIS2_PLACEMENT_3D('',#3878,#3879,#3880);
#3878 = CARTESIAN_POINT('',(0.,6.,3.));
#3879 = DIRECTION('',(0.707106781187,0.707106781187,0.));
#3880 = DIRECTION('',(0.707106781187,-0.707106781187,0.));
#3881 = ADVANCED_FACE('',(#3882),#3892,.F.);
#3882 = FACE_BOUND('',#3883,.F.);
#3883 = EDGE_LOOP('',(#3884,#3885,#3886,#3887,#3888,#3889,#3890,#3891));
#3884 = ORIENTED_EDGE('',*,*,#3663,.T.);
#3885 = ORIENTED_EDGE('',*,*,#3694,.T.);
#3886 = ORIENTED_EDGE('',*,*,#3725,.T.);
#3887 = ORIENTED_EDGE('',*,*,#3756,.T.);
#3888 = ORIENTED_EDGE('',*,*,#3787,.T.);
#3889 = ORIENTED_EDGE('',*,*,#3818,.T.);
#3890 = ORIENTED_EDGE('',*,*,#3849,.T.);
#3891 = ORIENTED_EDGE('',*,*,#3871,.T.);
#3892 = PLANE('',#3893);
#3893 = AXIS2_PLACEMENT_3D('',#3894,#3895,#3896);
#3894 = CARTESIAN_POINT('',(27.,41.,3.));
#3895 = DIRECTION('',(0.,0.,1.));
#3896 = DIRECTION('',(1.,0.,0.));
#3897 = ADVANCED_FACE('',(#3898),#3908,.T.);
#3898 = FACE_BOUND('',#3899,.T.);
#3899 = EDGE_LOOP('',(#3900,#3901,#3902,#3903,#3904,#3905,#3906,#3907));
#3900 = ORIENTED_EDGE('',*,*,#3647,.T.);
#3901 = ORIENTED_EDGE('',*,*,#3678,.T.);
#3902 = ORIENTED_EDGE('',*,*,#3709,.T.);
#3903 = ORIENTED_EDGE('',*,*,#3740,.T.);
#3904 = ORIENTED_EDGE('',*,*,#3771,.T.);
#3905 = ORIENTED_EDGE('',*,*,#3802,.T.);
#3906 = ORIENTED_EDGE('',*,*,#3833,.T.);
#3907 = ORIENTED_EDGE('',*,*,#3864,.T.);
#3908 = PLANE('',#3909);
#3909 = AXIS2_PLACEMENT_3D('',#3910,#3911,#3912);
#3910 = CARTESIAN_POINT('',(27.,41.,4.6));
#3911 = DIRECTION('',(0.,0.,1.));
#3912 = DIRECTION('',(1.,0.,0.));
#3913 = MANIFOLD_SOLID_BREP('',#3914);
#3914 = CLOSED_SHELL('',(#3915,#3955,#3986,#4078,#4102,#4119,#4131,#4162
    ,#4186,#4210,#4227,#4258,#4282,#4306,#4323,#4335));
#3915 = ADVANCED_FACE('',(#3916),#3950,.F.);
#3916 = FACE_BOUND('',#3917,.F.);
#3917 = EDGE_LOOP('',(#3918,#3928,#3936,#3944));
#3918 = ORIENTED_EDGE('',*,*,#3919,.F.);
#3919 = EDGE_CURVE('',#3920,#3922,#3924,.T.);
#3920 = VERTEX_POINT('',#3921);
#3921 = CARTESIAN_POINT('',(7.,37.,4.6));
#3922 = VERTEX_POINT('',#3923);
#3923 = CARTESIAN_POINT('',(7.,37.,6.2));
#3924 = LINE('',#3925,#3926);
#3925 = CARTESIAN_POINT('',(7.,37.,4.6));
#3926 = VECTOR('',#3927,1.);
#3927 = DIRECTION('',(0.,0.,1.));
#3928 = ORIENTED_EDGE('',*,*,#3929,.T.);
#3929 = EDGE_CURVE('',#3920,#3930,#3932,.T.);
#3930 = VERTEX_POINT('',#3931);
#3931 = CARTESIAN_POINT('',(7.,82.,4.6));
#3932 = LINE('',#3933,#3934);
#3933 = CARTESIAN_POINT('',(7.,37.,4.6));
#3934 = VECTOR('',#3935,1.);
#3935 = DIRECTION('',(0.,1.,0.));
#3936 = ORIENTED_EDGE('',*,*,#3937,.T.);
#3937 = EDGE_CURVE('',#3930,#3938,#3940,.T.);
#3938 = VERTEX_POINT('',#3939);
#3939 = CARTESIAN_POINT('',(7.,82.,6.2));
#3940 = LINE('',#3941,#3942);
#3941 = CARTESIAN_POINT('',(7.,82.,4.6));
#3942 = VECTOR('',#3943,1.);
#3943 = DIRECTION('',(0.,0.,1.));
#3944 = ORIENTED_EDGE('',*,*,#3945,.F.);
#3945 = EDGE_CURVE('',#3922,#3938,#3946,.T.);
#3946 = LINE('',#3947,#3948);
#3947 = CARTESIAN_POINT('',(7.,37.,6.2));
#3948 = VECTOR('',#3949,1.);
#3949 = DIRECTION('',(0.,1.,0.));
#3950 = PLANE('',#3951);
#3951 = AXIS2_PLACEMENT_3D('',#3952,#3953,#3954);
#3952 = CARTESIAN_POINT('',(7.,37.,4.6));
#3953 = DIRECTION('',(1.,0.,0.));
#3954 = DIRECTION('',(0.,0.,1.));
#3955 = ADVANCED_FACE('',(#3956),#3981,.F.);
#3956 = FACE_BOUND('',#3957,.F.);
#3957 = EDGE_LOOP('',(#3958,#3966,#3967,#3975));
#3958 = ORIENTED_EDGE('',*,*,#3959,.F.);
#3959 = EDGE_CURVE('',#3920,#3960,#3962,.T.);
#3960 = VERTEX_POINT('',#3961);
#3961 = CARTESIAN_POINT('',(30.,37.,4.6));
#3962 = LINE('',#3963,#3964);
#3963 = CARTESIAN_POINT('',(7.,37.,4.6));
#3964 = VECTOR('',#3965,1.);
#3965 = DIRECTION('',(1.,0.,0.));
#3966 = ORIENTED_EDGE('',*,*,#3919,.T.);
#3967 = ORIENTED_EDGE('',*,*,#3968,.T.);
#3968 = EDGE_CURVE('',#3922,#3969,#3971,.T.);
#3969 = VERTEX_POINT('',#3970);
#3970 = CARTESIAN_POINT('',(30.,37.,6.2));
#3971 = LINE('',#3972,#3973);
#3972 = CARTESIAN_POINT('',(7.,37.,6.2));
#3973 = VECTOR('',#3974,1.);
#3974 = DIRECTION('',(1.,0.,0.));
#3975 = ORIENTED_EDGE('',*,*,#3976,.F.);
#3976 = EDGE_CURVE('',#3960,#3969,#3977,.T.);
#3977 = LINE('',#3978,#3979);
#3978 = CARTESIAN_POINT('',(30.,37.,4.6));
#3979 = VECTOR('',#3980,1.);
#3980 = DIRECTION('',(0.,0.,1.));
#3981 = PLANE('',#3982);
#3982 = AXIS2_PLACEMENT_3D('',#3983,#3984,#3985);
#3983 = CARTESIAN_POINT('',(7.,37.,4.6));
#3984 = DIRECTION('',(0.,1.,0.));
#3985 = DIRECTION('',(0.,0.,1.));
#3986 = ADVANCED_FACE('',(#3987,#4005,#4039),#4073,.T.);
#3987 = FACE_BOUND('',#3988,.T.);
#3988 = EDGE_LOOP('',(#3989,#3990,#3991,#3999));
#3989 = ORIENTED_EDGE('',*,*,#3945,.F.);
#3990 = ORIENTED_EDGE('',*,*,#3968,.T.);
#3991 = ORIENTED_EDGE('',*,*,#3992,.T.);
#3992 = EDGE_CURVE('',#3969,#3993,#3995,.T.);
#3993 = VERTEX_POINT('',#3994);
#3994 = CARTESIAN_POINT('',(30.,82.,6.2));
#3995 = LINE('',#3996,#3997);
#3996 = CARTESIAN_POINT('',(30.,37.,6.2));
#3997 = VECTOR('',#3998,1.);
#3998 = DIRECTION('',(0.,1.,0.));
#3999 = ORIENTED_EDGE('',*,*,#4000,.F.);
#4000 = EDGE_CURVE('',#3938,#3993,#4001,.T.);
#4001 = LINE('',#4002,#4003);
#4002 = CARTESIAN_POINT('',(7.,82.,6.2));
#4003 = VECTOR('',#4004,1.);
#4004 = DIRECTION('',(1.,0.,0.));
#4005 = FACE_BOUND('',#4006,.T.);
#4006 = EDGE_LOOP('',(#4007,#4017,#4025,#4033));
#4007 = ORIENTED_EDGE('',*,*,#4008,.F.);
#4008 = EDGE_CURVE('',#4009,#4011,#4013,.T.);
#4009 = VERTEX_POINT('',#4010);
#4010 = CARTESIAN_POINT('',(22.,49.,6.2));
#4011 = VERTEX_POINT('',#4012);
#4012 = CARTESIAN_POINT('',(28.,49.,6.2));
#4013 = LINE('',#4014,#4015);
#4014 = CARTESIAN_POINT('',(22.,49.,6.2));
#4015 = VECTOR('',#4016,1.);
#4016 = DIRECTION('',(1.,0.,0.));
#4017 = ORIENTED_EDGE('',*,*,#4018,.T.);
#4018 = EDGE_CURVE('',#4009,#4019,#4021,.T.);
#4019 = VERTEX_POINT('',#4020);
#4020 = CARTESIAN_POINT('',(22.,59.,6.2));
#4021 = LINE('',#4022,#4023);
#4022 = CARTESIAN_POINT('',(22.,49.,6.2));
#4023 = VECTOR('',#4024,1.);
#4024 = DIRECTION('',(0.,1.,0.));
#4025 = ORIENTED_EDGE('',*,*,#4026,.T.);
#4026 = EDGE_CURVE('',#4019,#4027,#4029,.T.);
#4027 = VERTEX_POINT('',#4028);
#4028 = CARTESIAN_POINT('',(28.,59.,6.2));
#4029 = LINE('',#4030,#4031);
#4030 = CARTESIAN_POINT('',(22.,59.,6.2));
#4031 = VECTOR('',#4032,1.);
#4032 = DIRECTION('',(1.,0.,0.));
#4033 = ORIENTED_EDGE('',*,*,#4034,.F.);
#4034 = EDGE_CURVE('',#4011,#4027,#4035,.T.);
#4035 = LINE('',#4036,#4037);
#4036 = CARTESIAN_POINT('',(28.,49.,6.2));
#4037 = VECTOR('',#4038,1.);
#4038 = DIRECTION('',(0.,1.,0.));
#4039 = FACE_BOUND('',#4040,.T.);
#4040 = EDGE_LOOP('',(#4041,#4051,#4059,#4067));
#4041 = ORIENTED_EDGE('',*,*,#4042,.F.);
#4042 = EDGE_CURVE('',#4043,#4045,#4047,.T.);
#4043 = VERTEX_POINT('',#4044);
#4044 = CARTESIAN_POINT('',(9.,49.,6.2));
#4045 = VERTEX_POINT('',#4046);
#4046 = CARTESIAN_POINT('',(21.,49.,6.2));
#4047 = LINE('',#4048,#4049);
#4048 = CARTESIAN_POINT('',(9.,49.,6.2));
#4049 = VECTOR('',#4050,1.);
#4050 = DIRECTION('',(1.,0.,0.));
#4051 = ORIENTED_EDGE('',*,*,#4052,.T.);
#4052 = EDGE_CURVE('',#4043,#4053,#4055,.T.);
#4053 = VERTEX_POINT('',#4054);
#4054 = CARTESIAN_POINT('',(9.,61.,6.2));
#4055 = LINE('',#4056,#4057);
#4056 = CARTESIAN_POINT('',(9.,49.,6.2));
#4057 = VECTOR('',#4058,1.);
#4058 = DIRECTION('',(0.,1.,0.));
#4059 = ORIENTED_EDGE('',*,*,#4060,.T.);
#4060 = EDGE_CURVE('',#4053,#4061,#4063,.T.);
#4061 = VERTEX_POINT('',#4062);
#4062 = CARTESIAN_POINT('',(21.,61.,6.2));
#4063 = LINE('',#4064,#4065);
#4064 = CARTESIAN_POINT('',(9.,61.,6.2));
#4065 = VECTOR('',#4066,1.);
#4066 = DIRECTION('',(1.,0.,0.));
#4067 = ORIENTED_EDGE('',*,*,#4068,.F.);
#4068 = EDGE_CURVE('',#4045,#4061,#4069,.T.);
#4069 = LINE('',#4070,#4071);
#4070 = CARTESIAN_POINT('',(21.,49.,6.2));
#4071 = VECTOR('',#4072,1.);
#4072 = DIRECTION('',(0.,1.,0.));
#4073 = PLANE('',#4074);
#4074 = AXIS2_PLACEMENT_3D('',#4075,#4076,#4077);
#4075 = CARTESIAN_POINT('',(7.,37.,6.2));
#4076 = DIRECTION('',(0.,0.,1.));
#4077 = DIRECTION('',(1.,0.,0.));
#4078 = ADVANCED_FACE('',(#4079),#4097,.T.);
#4079 = FACE_BOUND('',#4080,.T.);
#4080 = EDGE_LOOP('',(#4081,#4089,#4090,#4091));
#4081 = ORIENTED_EDGE('',*,*,#4082,.F.);
#4082 = EDGE_CURVE('',#3930,#4083,#4085,.T.);
#4083 = VERTEX_POINT('',#4084);
#4084 = CARTESIAN_POINT('',(30.,82.,4.6));
#4085 = LINE('',#4086,#4087);
#4086 = CARTESIAN_POINT('',(7.,82.,4.6));
#4087 = VECTOR('',#4088,1.);
#4088 = DIRECTION('',(1.,0.,0.));
#4089 = ORIENTED_EDGE('',*,*,#3937,.T.);
#4090 = ORIENTED_EDGE('',*,*,#4000,.T.);
#4091 = ORIENTED_EDGE('',*,*,#4092,.F.);
#4092 = EDGE_CURVE('',#4083,#3993,#4093,.T.);
#4093 = LINE('',#4094,#4095);
#4094 = CARTESIAN_POINT('',(30.,82.,4.6));
#4095 = VECTOR('',#4096,1.);
#4096 = DIRECTION('',(0.,0.,1.));
#4097 = PLANE('',#4098);
#4098 = AXIS2_PLACEMENT_3D('',#4099,#4100,#4101);
#4099 = CARTESIAN_POINT('',(7.,82.,4.6));
#4100 = DIRECTION('',(0.,1.,0.));
#4101 = DIRECTION('',(0.,0.,1.));
#4102 = ADVANCED_FACE('',(#4103),#4114,.F.);
#4103 = FACE_BOUND('',#4104,.F.);
#4104 = EDGE_LOOP('',(#4105,#4106,#4107,#4113));
#4105 = ORIENTED_EDGE('',*,*,#3929,.F.);
#4106 = ORIENTED_EDGE('',*,*,#3959,.T.);
#4107 = ORIENTED_EDGE('',*,*,#4108,.T.);
#4108 = EDGE_CURVE('',#3960,#4083,#4109,.T.);
#4109 = LINE('',#4110,#4111);
#4110 = CARTESIAN_POINT('',(30.,37.,4.6));
#4111 = VECTOR('',#4112,1.);
#4112 = DIRECTION('',(0.,1.,0.));
#4113 = ORIENTED_EDGE('',*,*,#4082,.F.);
#4114 = PLANE('',#4115);
#4115 = AXIS2_PLACEMENT_3D('',#4116,#4117,#4118);
#4116 = CARTESIAN_POINT('',(7.,37.,4.6));
#4117 = DIRECTION('',(0.,0.,1.));
#4118 = DIRECTION('',(1.,0.,0.));
#4119 = ADVANCED_FACE('',(#4120),#4126,.T.);
#4120 = FACE_BOUND('',#4121,.T.);
#4121 = EDGE_LOOP('',(#4122,#4123,#4124,#4125));
#4122 = ORIENTED_EDGE('',*,*,#3976,.F.);
#4123 = ORIENTED_EDGE('',*,*,#4108,.T.);
#4124 = ORIENTED_EDGE('',*,*,#4092,.T.);
#4125 = ORIENTED_EDGE('',*,*,#3992,.F.);
#4126 = PLANE('',#4127);
#4127 = AXIS2_PLACEMENT_3D('',#4128,#4129,#4130);
#4128 = CARTESIAN_POINT('',(30.,37.,4.6));
#4129 = DIRECTION('',(1.,0.,0.));
#4130 = DIRECTION('',(0.,0.,1.));
#4131 = ADVANCED_FACE('',(#4132),#4157,.F.);
#4132 = FACE_BOUND('',#4133,.F.);
#4133 = EDGE_LOOP('',(#4134,#4135,#4143,#4151));
#4134 = ORIENTED_EDGE('',*,*,#4008,.F.);
#4135 = ORIENTED_EDGE('',*,*,#4136,.T.);
#4136 = EDGE_CURVE('',#4009,#4137,#4139,.T.);
#4137 = VERTEX_POINT('',#4138);
#4138 = CARTESIAN_POINT('',(22.,49.,13.2));
#4139 = LINE('',#4140,#4141);
#4140 = CARTESIAN_POINT('',(22.,49.,6.2));
#4141 = VECTOR('',#4142,1.);
#4142 = DIRECTION('',(0.,0.,1.));
#4143 = ORIENTED_EDGE('',*,*,#4144,.T.);
#4144 = EDGE_CURVE('',#4137,#4145,#4147,.T.);
#4145 = VERTEX_POINT('',#4146);
#4146 = CARTESIAN_POINT('',(28.,49.,13.2));
#4147 = LINE('',#4148,#4149);
#4148 = CARTESIAN_POINT('',(22.,49.,13.2));
#4149 = VECTOR('',#4150,1.);
#4150 = DIRECTION('',(1.,0.,0.));
#4151 = ORIENTED_EDGE('',*,*,#4152,.F.);
#4152 = EDGE_CURVE('',#4011,#4145,#4153,.T.);
#4153 = LINE('',#4154,#4155);
#4154 = CARTESIAN_POINT('',(28.,49.,6.2));
#4155 = VECTOR('',#4156,1.);
#4156 = DIRECTION('',(0.,0.,1.));
#4157 = PLANE('',#4158);
#4158 = AXIS2_PLACEMENT_3D('',#4159,#4160,#4161);
#4159 = CARTESIAN_POINT('',(22.,49.,6.2));
#4160 = DIRECTION('',(0.,1.,0.));
#4161 = DIRECTION('',(0.,0.,1.));
#4162 = ADVANCED_FACE('',(#4163),#4181,.T.);
#4163 = FACE_BOUND('',#4164,.T.);
#4164 = EDGE_LOOP('',(#4165,#4166,#4167,#4175));
#4165 = ORIENTED_EDGE('',*,*,#4152,.F.);
#4166 = ORIENTED_EDGE('',*,*,#4034,.T.);
#4167 = ORIENTED_EDGE('',*,*,#4168,.T.);
#4168 = EDGE_CURVE('',#4027,#4169,#4171,.T.);
#4169 = VERTEX_POINT('',#4170);
#4170 = CARTESIAN_POINT('',(28.,59.,13.2));
#4171 = LINE('',#4172,#4173);
#4172 = CARTESIAN_POINT('',(28.,59.,6.2));
#4173 = VECTOR('',#4174,1.);
#4174 = DIRECTION('',(0.,0.,1.));
#4175 = ORIENTED_EDGE('',*,*,#4176,.F.);
#4176 = EDGE_CURVE('',#4145,#4169,#4177,.T.);
#4177 = LINE('',#4178,#4179);
#4178 = CARTESIAN_POINT('',(28.,49.,13.2));
#4179 = VECTOR('',#4180,1.);
#4180 = DIRECTION('',(0.,1.,0.));
#4181 = PLANE('',#4182);
#4182 = AXIS2_PLACEMENT_3D('',#4183,#4184,#4185);
#4183 = CARTESIAN_POINT('',(28.,49.,6.2));
#4184 = DIRECTION('',(1.,0.,0.));
#4185 = DIRECTION('',(0.,0.,1.));
#4186 = ADVANCED_FACE('',(#4187),#4205,.T.);
#4187 = FACE_BOUND('',#4188,.T.);
#4188 = EDGE_LOOP('',(#4189,#4190,#4198,#4204));
#4189 = ORIENTED_EDGE('',*,*,#4026,.F.);
#4190 = ORIENTED_EDGE('',*,*,#4191,.T.);
#4191 = EDGE_CURVE('',#4019,#4192,#4194,.T.);
#4192 = VERTEX_POINT('',#4193);
#4193 = CARTESIAN_POINT('',(22.,59.,13.2));
#4194 = LINE('',#4195,#4196);
#4195 = CARTESIAN_POINT('',(22.,59.,6.2));
#4196 = VECTOR('',#4197,1.);
#4197 = DIRECTION('',(0.,0.,1.));
#4198 = ORIENTED_EDGE('',*,*,#4199,.T.);
#4199 = EDGE_CURVE('',#4192,#4169,#4200,.T.);
#4200 = LINE('',#4201,#4202);
#4201 = CARTESIAN_POINT('',(22.,59.,13.2));
#4202 = VECTOR('',#4203,1.);
#4203 = DIRECTION('',(1.,0.,0.));
#4204 = ORIENTED_EDGE('',*,*,#4168,.F.);
#4205 = PLANE('',#4206);
#4206 = AXIS2_PLACEMENT_3D('',#4207,#4208,#4209);
#4207 = CARTESIAN_POINT('',(22.,59.,6.2));
#4208 = DIRECTION('',(0.,1.,0.));
#4209 = DIRECTION('',(0.,0.,1.));
#4210 = ADVANCED_FACE('',(#4211),#4222,.F.);
#4211 = FACE_BOUND('',#4212,.F.);
#4212 = EDGE_LOOP('',(#4213,#4214,#4215,#4216));
#4213 = ORIENTED_EDGE('',*,*,#4136,.F.);
#4214 = ORIENTED_EDGE('',*,*,#4018,.T.);
#4215 = ORIENTED_EDGE('',*,*,#4191,.T.);
#4216 = ORIENTED_EDGE('',*,*,#4217,.F.);
#4217 = EDGE_CURVE('',#4137,#4192,#4218,.T.);
#4218 = LINE('',#4219,#4220);
#4219 = CARTESIAN_POINT('',(22.,49.,13.2));
#4220 = VECTOR('',#4221,1.);
#4221 = DIRECTION('',(0.,1.,0.));
#4222 = PLANE('',#4223);
#4223 = AXIS2_PLACEMENT_3D('',#4224,#4225,#4226);
#4224 = CARTESIAN_POINT('',(22.,49.,6.2));
#4225 = DIRECTION('',(1.,0.,0.));
#4226 = DIRECTION('',(0.,0.,1.));
#4227 = ADVANCED_FACE('',(#4228),#4253,.F.);
#4228 = FACE_BOUND('',#4229,.F.);
#4229 = EDGE_LOOP('',(#4230,#4231,#4239,#4247));
#4230 = ORIENTED_EDGE('',*,*,#4042,.F.);
#4231 = ORIENTED_EDGE('',*,*,#4232,.T.);
#4232 = EDGE_CURVE('',#4043,#4233,#4235,.T.);
#4233 = VERTEX_POINT('',#4234);
#4234 = CARTESIAN_POINT('',(9.,49.,12.2));
#4235 = LINE('',#4236,#4237);
#4236 = CARTESIAN_POINT('',(9.,49.,6.2));
#4237 = VECTOR('',#4238,1.);
#4238 = DIRECTION('',(0.,0.,1.));
#4239 = ORIENTED_EDGE('',*,*,#4240,.T.);
#4240 = EDGE_CURVE('',#4233,#4241,#4243,.T.);
#4241 = VERTEX_POINT('',#4242);
#4242 = CARTESIAN_POINT('',(21.,49.,12.2));
#4243 = LINE('',#4244,#4245);
#4244 = CARTESIAN_POINT('',(9.,49.,12.2));
#4245 = VECTOR('',#4246,1.);
#4246 = DIRECTION('',(1.,0.,0.));
#4247 = ORIENTED_EDGE('',*,*,#4248,.F.);
#4248 = EDGE_CURVE('',#4045,#4241,#4249,.T.);
#4249 = LINE('',#4250,#4251);
#4250 = CARTESIAN_POINT('',(21.,49.,6.2));
#4251 = VECTOR('',#4252,1.);
#4252 = DIRECTION('',(0.,0.,1.));
#4253 = PLANE('',#4254);
#4254 = AXIS2_PLACEMENT_3D('',#4255,#4256,#4257);
#4255 = CARTESIAN_POINT('',(9.,49.,6.2));
#4256 = DIRECTION('',(0.,1.,0.));
#4257 = DIRECTION('',(0.,0.,1.));
#4258 = ADVANCED_FACE('',(#4259),#4277,.F.);
#4259 = FACE_BOUND('',#4260,.F.);
#4260 = EDGE_LOOP('',(#4261,#4262,#4263,#4271));
#4261 = ORIENTED_EDGE('',*,*,#4232,.F.);
#4262 = ORIENTED_EDGE('',*,*,#4052,.T.);
#4263 = ORIENTED_EDGE('',*,*,#4264,.T.);
#4264 = EDGE_CURVE('',#4053,#4265,#4267,.T.);
#4265 = VERTEX_POINT('',#4266);
#4266 = CARTESIAN_POINT('',(9.,61.,12.2));
#4267 = LINE('',#4268,#4269);
#4268 = CARTESIAN_POINT('',(9.,61.,6.2));
#4269 = VECTOR('',#4270,1.);
#4270 = DIRECTION('',(0.,0.,1.));
#4271 = ORIENTED_EDGE('',*,*,#4272,.F.);
#4272 = EDGE_CURVE('',#4233,#4265,#4273,.T.);
#4273 = LINE('',#4274,#4275);
#4274 = CARTESIAN_POINT('',(9.,49.,12.2));
#4275 = VECTOR('',#4276,1.);
#4276 = DIRECTION('',(0.,1.,0.));
#4277 = PLANE('',#4278);
#4278 = AXIS2_PLACEMENT_3D('',#4279,#4280,#4281);
#4279 = CARTESIAN_POINT('',(9.,49.,6.2));
#4280 = DIRECTION('',(1.,0.,0.));
#4281 = DIRECTION('',(0.,0.,1.));
#4282 = ADVANCED_FACE('',(#4283),#4301,.T.);
#4283 = FACE_BOUND('',#4284,.T.);
#4284 = EDGE_LOOP('',(#4285,#4286,#4287,#4295));
#4285 = ORIENTED_EDGE('',*,*,#4248,.F.);
#4286 = ORIENTED_EDGE('',*,*,#4068,.T.);
#4287 = ORIENTED_EDGE('',*,*,#4288,.T.);
#4288 = EDGE_CURVE('',#4061,#4289,#4291,.T.);
#4289 = VERTEX_POINT('',#4290);
#4290 = CARTESIAN_POINT('',(21.,61.,12.2));
#4291 = LINE('',#4292,#4293);
#4292 = CARTESIAN_POINT('',(21.,61.,6.2));
#4293 = VECTOR('',#4294,1.);
#4294 = DIRECTION('',(0.,0.,1.));
#4295 = ORIENTED_EDGE('',*,*,#4296,.F.);
#4296 = EDGE_CURVE('',#4241,#4289,#4297,.T.);
#4297 = LINE('',#4298,#4299);
#4298 = CARTESIAN_POINT('',(21.,49.,12.2));
#4299 = VECTOR('',#4300,1.);
#4300 = DIRECTION('',(0.,1.,0.));
#4301 = PLANE('',#4302);
#4302 = AXIS2_PLACEMENT_3D('',#4303,#4304,#4305);
#4303 = CARTESIAN_POINT('',(21.,49.,6.2));
#4304 = DIRECTION('',(1.,0.,0.));
#4305 = DIRECTION('',(0.,0.,1.));
#4306 = ADVANCED_FACE('',(#4307),#4318,.T.);
#4307 = FACE_BOUND('',#4308,.T.);
#4308 = EDGE_LOOP('',(#4309,#4310,#4311,#4317));
#4309 = ORIENTED_EDGE('',*,*,#4060,.F.);
#4310 = ORIENTED_EDGE('',*,*,#4264,.T.);
#4311 = ORIENTED_EDGE('',*,*,#4312,.T.);
#4312 = EDGE_CURVE('',#4265,#4289,#4313,.T.);
#4313 = LINE('',#4314,#4315);
#4314 = CARTESIAN_POINT('',(9.,61.,12.2));
#4315 = VECTOR('',#4316,1.);
#4316 = DIRECTION('',(1.,0.,0.));
#4317 = ORIENTED_EDGE('',*,*,#4288,.F.);
#4318 = PLANE('',#4319);
#4319 = AXIS2_PLACEMENT_3D('',#4320,#4321,#4322);
#4320 = CARTESIAN_POINT('',(9.,61.,6.2));
#4321 = DIRECTION('',(0.,1.,0.));
#4322 = DIRECTION('',(0.,0.,1.));
#4323 = ADVANCED_FACE('',(#4324),#4330,.T.);
#4324 = FACE_BOUND('',#4325,.T.);
#4325 = EDGE_LOOP('',(#4326,#4327,#4328,#4329));
#4326 = ORIENTED_EDGE('',*,*,#4217,.F.);
#4327 = ORIENTED_EDGE('',*,*,#4144,.T.);
#4328 = ORIENTED_EDGE('',*,*,#4176,.T.);
#4329 = ORIENTED_EDGE('',*,*,#4199,.F.);
#4330 = PLANE('',#4331);
#4331 = AXIS2_PLACEMENT_3D('',#4332,#4333,#4334);
#4332 = CARTESIAN_POINT('',(22.,49.,13.2));
#4333 = DIRECTION('',(0.,0.,1.));
#4334 = DIRECTION('',(1.,0.,0.));
#4335 = ADVANCED_FACE('',(#4336),#4342,.T.);
#4336 = FACE_BOUND('',#4337,.T.);
#4337 = EDGE_LOOP('',(#4338,#4339,#4340,#4341));
#4338 = ORIENTED_EDGE('',*,*,#4272,.F.);
#4339 = ORIENTED_EDGE('',*,*,#4240,.T.);
#4340 = ORIENTED_EDGE('',*,*,#4296,.T.);
#4341 = ORIENTED_EDGE('',*,*,#4312,.F.);
#4342 = PLANE('',#4343);
#4343 = AXIS2_PLACEMENT_3D('',#4344,#4345,#4346);
#4344 = CARTESIAN_POINT('',(9.,49.,12.2));
#4345 = DIRECTION('',(0.,0.,1.));
#4346 = DIRECTION('',(1.,0.,0.));
#4347 = MANIFOLD_SOLID_BREP('',#4348);
#4348 = CLOSED_SHELL('',(#4349,#4389,#4420,#4476,#4500,#4517,#4552,#4592
    ,#4616,#4649,#4666,#4683));
#4349 = ADVANCED_FACE('',(#4350),#4384,.F.);
#4350 = FACE_BOUND('',#4351,.F.);
#4351 = EDGE_LOOP('',(#4352,#4362,#4370,#4378));
#4352 = ORIENTED_EDGE('',*,*,#4353,.F.);
#4353 = EDGE_CURVE('',#4354,#4356,#4358,.T.);
#4354 = VERTEX_POINT('',#4355);
#4355 = CARTESIAN_POINT('',(37.,44.5,4.6));
#4356 = VERTEX_POINT('',#4357);
#4357 = CARTESIAN_POINT('',(37.,44.5,6.2));
#4358 = LINE('',#4359,#4360);
#4359 = CARTESIAN_POINT('',(37.,44.5,4.6));
#4360 = VECTOR('',#4361,1.);
#4361 = DIRECTION('',(0.,0.,1.));
#4362 = ORIENTED_EDGE('',*,*,#4363,.T.);
#4363 = EDGE_CURVE('',#4354,#4364,#4366,.T.);
#4364 = VERTEX_POINT('',#4365);
#4365 = CARTESIAN_POINT('',(37.,74.5,4.6));
#4366 = LINE('',#4367,#4368);
#4367 = CARTESIAN_POINT('',(37.,44.5,4.6));
#4368 = VECTOR('',#4369,1.);
#4369 = DIRECTION('',(0.,1.,0.));
#4370 = ORIENTED_EDGE('',*,*,#4371,.T.);
#4371 = EDGE_CURVE('',#4364,#4372,#4374,.T.);
#4372 = VERTEX_POINT('',#4373);
#4373 = CARTESIAN_POINT('',(37.,74.5,6.2));
#4374 = LINE('',#4375,#4376);
#4375 = CARTESIAN_POINT('',(37.,74.5,4.6));
#4376 = VECTOR('',#4377,1.);
#4377 = DIRECTION('',(0.,0.,1.));
#4378 = ORIENTED_EDGE('',*,*,#4379,.F.);
#4379 = EDGE_CURVE('',#4356,#4372,#4380,.T.);
#4380 = LINE('',#4381,#4382);
#4381 = CARTESIAN_POINT('',(37.,44.5,6.2));
#4382 = VECTOR('',#4383,1.);
#4383 = DIRECTION('',(0.,1.,0.));
#4384 = PLANE('',#4385);
#4385 = AXIS2_PLACEMENT_3D('',#4386,#4387,#4388);
#4386 = CARTESIAN_POINT('',(37.,44.5,4.6));
#4387 = DIRECTION('',(1.,0.,0.));
#4388 = DIRECTION('',(0.,0.,1.));
#4389 = ADVANCED_FACE('',(#4390),#4415,.F.);
#4390 = FACE_BOUND('',#4391,.F.);
#4391 = EDGE_LOOP('',(#4392,#4400,#4401,#4409));
#4392 = ORIENTED_EDGE('',*,*,#4393,.F.);
#4393 = EDGE_CURVE('',#4354,#4394,#4396,.T.);
#4394 = VERTEX_POINT('',#4395);
#4395 = CARTESIAN_POINT('',(55.,44.5,4.6));
#4396 = LINE('',#4397,#4398);
#4397 = CARTESIAN_POINT('',(37.,44.5,4.6));
#4398 = VECTOR('',#4399,1.);
#4399 = DIRECTION('',(1.,0.,0.));
#4400 = ORIENTED_EDGE('',*,*,#4353,.T.);
#4401 = ORIENTED_EDGE('',*,*,#4402,.T.);
#4402 = EDGE_CURVE('',#4356,#4403,#4405,.T.);
#4403 = VERTEX_POINT('',#4404);
#4404 = CARTESIAN_POINT('',(55.,44.5,6.2));
#4405 = LINE('',#4406,#4407);
#4406 = CARTESIAN_POINT('',(37.,44.5,6.2));
#4407 = VECTOR('',#4408,1.);
#4408 = DIRECTION('',(1.,0.,0.));
#4409 = ORIENTED_EDGE('',*,*,#4410,.F.);
#4410 = EDGE_CURVE('',#4394,#4403,#4411,.T.);
#4411 = LINE('',#4412,#4413);
#4412 = CARTESIAN_POINT('',(55.,44.5,4.6));
#4413 = VECTOR('',#4414,1.);
#4414 = DIRECTION('',(0.,0.,1.));
#4415 = PLANE('',#4416);
#4416 = AXIS2_PLACEMENT_3D('',#4417,#4418,#4419);
#4417 = CARTESIAN_POINT('',(37.,44.5,4.6));
#4418 = DIRECTION('',(0.,1.,0.));
#4419 = DIRECTION('',(0.,0.,1.));
#4420 = ADVANCED_FACE('',(#4421),#4471,.T.);
#4421 = FACE_BOUND('',#4422,.T.);
#4422 = EDGE_LOOP('',(#4423,#4431,#4432,#4433,#4441,#4449,#4457,#4465));
#4423 = ORIENTED_EDGE('',*,*,#4424,.F.);
#4424 = EDGE_CURVE('',#4372,#4425,#4427,.T.);
#4425 = VERTEX_POINT('',#4426);
#4426 = CARTESIAN_POINT('',(55.,74.5,6.2));
#4427 = LINE('',#4428,#4429);
#4428 = CARTESIAN_POINT('',(37.,74.5,6.2));
#4429 = VECTOR('',#4430,1.);
#4430 = DIRECTION('',(1.,0.,0.));
#4431 = ORIENTED_EDGE('',*,*,#4379,.F.);
#4432 = ORIENTED_EDGE('',*,*,#4402,.T.);
#4433 = ORIENTED_EDGE('',*,*,#4434,.T.);
#4434 = EDGE_CURVE('',#4403,#4435,#4437,.T.);
#4435 = VERTEX_POINT('',#4436);
#4436 = CARTESIAN_POINT('',(55.,55.,6.2));
#4437 = LINE('',#4438,#4439);
#4438 = CARTESIAN_POINT('',(55.,44.5,6.2));
#4439 = VECTOR('',#4440,1.);
#4440 = DIRECTION('',(0.,1.,0.));
#4441 = ORIENTED_EDGE('',*,*,#4442,.T.);
#4442 = EDGE_CURVE('',#4435,#4443,#4445,.T.);
#4443 = VERTEX_POINT('',#4444);
#4444 = CARTESIAN_POINT('',(51.,55.,6.2));
#4445 = LINE('',#4446,#4447);
#4446 = CARTESIAN_POINT('',(44.,55.,6.2));
#4447 = VECTOR('',#4448,1.);
#4448 = DIRECTION('',(-1.,0.,0.));
#4449 = ORIENTED_EDGE('',*,*,#4450,.T.);
#4450 = EDGE_CURVE('',#4443,#4451,#4453,.T.);
#4451 = VERTEX_POINT('',#4452);
#4452 = CARTESIAN_POINT('',(51.,64.,6.2));
#4453 = LINE('',#4454,#4455);
#4454 = CARTESIAN_POINT('',(51.,49.75,6.2));
#4455 = VECTOR('',#4456,1.);
#4456 = DIRECTION('',(0.,1.,0.));
#4457 = ORIENTED_EDGE('',*,*,#4458,.F.);
#4458 = EDGE_CURVE('',#4459,#4451,#4461,.T.);
#4459 = VERTEX_POINT('',#4460);
#4460 = CARTESIAN_POINT('',(55.,64.,6.2));
#4461 = LINE('',#4462,#4463);
#4462 = CARTESIAN_POINT('',(44.,64.,6.2));
#4463 = VECTOR('',#4464,1.);
#4464 = DIRECTION('',(-1.,0.,0.));
#4465 = ORIENTED_EDGE('',*,*,#4466,.T.);
#4466 = EDGE_CURVE('',#4459,#4425,#4467,.T.);
#4467 = LINE('',#4468,#4469);
#4468 = CARTESIAN_POINT('',(55.,44.5,6.2));
#4469 = VECTOR('',#4470,1.);
#4470 = DIRECTION('',(0.,1.,0.));
#4471 = PLANE('',#4472);
#4472 = AXIS2_PLACEMENT_3D('',#4473,#4474,#4475);
#4473 = CARTESIAN_POINT('',(37.,44.5,6.2));
#4474 = DIRECTION('',(0.,0.,1.));
#4475 = DIRECTION('',(1.,0.,0.));
#4476 = ADVANCED_FACE('',(#4477),#4495,.T.);
#4477 = FACE_BOUND('',#4478,.T.);
#4478 = EDGE_LOOP('',(#4479,#4487,#4488,#4489));
#4479 = ORIENTED_EDGE('',*,*,#4480,.F.);
#4480 = EDGE_CURVE('',#4364,#4481,#4483,.T.);
#4481 = VERTEX_POINT('',#4482);
#4482 = CARTESIAN_POINT('',(55.,74.5,4.6));
#4483 = LINE('',#4484,#4485);
#4484 = CARTESIAN_POINT('',(37.,74.5,4.6));
#4485 = VECTOR('',#4486,1.);
#4486 = DIRECTION('',(1.,0.,0.));
#4487 = ORIENTED_EDGE('',*,*,#4371,.T.);
#4488 = ORIENTED_EDGE('',*,*,#4424,.T.);
#4489 = ORIENTED_EDGE('',*,*,#4490,.F.);
#4490 = EDGE_CURVE('',#4481,#4425,#4491,.T.);
#4491 = LINE('',#4492,#4493);
#4492 = CARTESIAN_POINT('',(55.,74.5,4.6));
#4493 = VECTOR('',#4494,1.);
#4494 = DIRECTION('',(0.,0.,1.));
#4495 = PLANE('',#4496);
#4496 = AXIS2_PLACEMENT_3D('',#4497,#4498,#4499);
#4497 = CARTESIAN_POINT('',(37.,74.5,4.6));
#4498 = DIRECTION('',(0.,1.,0.));
#4499 = DIRECTION('',(0.,0.,1.));
#4500 = ADVANCED_FACE('',(#4501),#4512,.F.);
#4501 = FACE_BOUND('',#4502,.F.);
#4502 = EDGE_LOOP('',(#4503,#4504,#4505,#4511));
#4503 = ORIENTED_EDGE('',*,*,#4363,.F.);
#4504 = ORIENTED_EDGE('',*,*,#4393,.T.);
#4505 = ORIENTED_EDGE('',*,*,#4506,.T.);
#4506 = EDGE_CURVE('',#4394,#4481,#4507,.T.);
#4507 = LINE('',#4508,#4509);
#4508 = CARTESIAN_POINT('',(55.,44.5,4.6));
#4509 = VECTOR('',#4510,1.);
#4510 = DIRECTION('',(0.,1.,0.));
#4511 = ORIENTED_EDGE('',*,*,#4480,.F.);
#4512 = PLANE('',#4513);
#4513 = AXIS2_PLACEMENT_3D('',#4514,#4515,#4516);
#4514 = CARTESIAN_POINT('',(37.,44.5,4.6));
#4515 = DIRECTION('',(0.,0.,1.));
#4516 = DIRECTION('',(1.,0.,0.));
#4517 = ADVANCED_FACE('',(#4518),#4547,.T.);
#4518 = FACE_BOUND('',#4519,.T.);
#4519 = EDGE_LOOP('',(#4520,#4521,#4522,#4523,#4524,#4525,#4533,#4541));
#4520 = ORIENTED_EDGE('',*,*,#4434,.F.);
#4521 = ORIENTED_EDGE('',*,*,#4410,.F.);
#4522 = ORIENTED_EDGE('',*,*,#4506,.T.);
#4523 = ORIENTED_EDGE('',*,*,#4490,.T.);
#4524 = ORIENTED_EDGE('',*,*,#4466,.F.);
#4525 = ORIENTED_EDGE('',*,*,#4526,.F.);
#4526 = EDGE_CURVE('',#4527,#4459,#4529,.T.);
#4527 = VERTEX_POINT('',#4528);
#4528 = CARTESIAN_POINT('',(55.,64.,5.6));
#4529 = LINE('',#4530,#4531);
#4530 = CARTESIAN_POINT('',(55.,64.,5.1));
#4531 = VECTOR('',#4532,1.);
#4532 = DIRECTION('',(0.,0.,1.));
#4533 = ORIENTED_EDGE('',*,*,#4534,.T.);
#4534 = EDGE_CURVE('',#4527,#4535,#4537,.T.);
#4535 = VERTEX_POINT('',#4536);
#4536 = CARTESIAN_POINT('',(55.,55.,5.6));
#4537 = LINE('',#4538,#4539);
#4538 = CARTESIAN_POINT('',(55.,49.75,5.6));
#4539 = VECTOR('',#4540,1.);
#4540 = DIRECTION('',(0.,-1.,0.));
#4541 = ORIENTED_EDGE('',*,*,#4542,.T.);
#4542 = EDGE_CURVE('',#4535,#4435,#4543,.T.);
#4543 = LINE('',#4544,#4545);
#4544 = CARTESIAN_POINT('',(55.,55.,5.1));
#4545 = VECTOR('',#4546,1.);
#4546 = DIRECTION('',(0.,0.,1.));
#4547 = PLANE('',#4548);
#4548 = AXIS2_PLACEMENT_3D('',#4549,#4550,#4551);
#4549 = CARTESIAN_POINT('',(55.,44.5,4.6));
#4550 = DIRECTION('',(1.,0.,0.));
#4551 = DIRECTION('',(0.,0.,1.));
#4552 = ADVANCED_FACE('',(#4553),#4587,.T.);
#4553 = FACE_BOUND('',#4554,.T.);
#4554 = EDGE_LOOP('',(#4555,#4563,#4564,#4565,#4573,#4581));
#4555 = ORIENTED_EDGE('',*,*,#4556,.F.);
#4556 = EDGE_CURVE('',#4527,#4557,#4559,.T.);
#4557 = VERTEX_POINT('',#4558);
#4558 = CARTESIAN_POINT('',(59.,64.,5.6));
#4559 = LINE('',#4560,#4561);
#4560 = CARTESIAN_POINT('',(51.,64.,5.6));
#4561 = VECTOR('',#4562,1.);
#4562 = DIRECTION('',(1.,0.,0.));
#4563 = ORIENTED_EDGE('',*,*,#4526,.T.);
#4564 = ORIENTED_EDGE('',*,*,#4458,.T.);
#4565 = ORIENTED_EDGE('',*,*,#4566,.T.);
#4566 = EDGE_CURVE('',#4451,#4567,#4569,.T.);
#4567 = VERTEX_POINT('',#4568);
#4568 = CARTESIAN_POINT('',(51.,64.,8.8));
#4569 = LINE('',#4570,#4571);
#4570 = CARTESIAN_POINT('',(51.,64.,5.6));
#4571 = VECTOR('',#4572,1.);
#4572 = DIRECTION('',(0.,0.,1.));
#4573 = ORIENTED_EDGE('',*,*,#4574,.T.);
#4574 = EDGE_CURVE('',#4567,#4575,#4577,.T.);
#4575 = VERTEX_POINT('',#4576);
#4576 = CARTESIAN_POINT('',(59.,64.,8.8));
#4577 = LINE('',#4578,#4579);
#4578 = CARTESIAN_POINT('',(51.,64.,8.8));
#4579 = VECTOR('',#4580,1.);
#4580 = DIRECTION('',(1.,0.,0.));
#4581 = ORIENTED_EDGE('',*,*,#4582,.F.);
#4582 = EDGE_CURVE('',#4557,#4575,#4583,.T.);
#4583 = LINE('',#4584,#4585);
#4584 = CARTESIAN_POINT('',(59.,64.,5.6));
#4585 = VECTOR('',#4586,1.);
#4586 = DIRECTION('',(0.,0.,1.));
#4587 = PLANE('',#4588);
#4588 = AXIS2_PLACEMENT_3D('',#4589,#4590,#4591);
#4589 = CARTESIAN_POINT('',(51.,64.,5.6));
#4590 = DIRECTION('',(0.,1.,0.));
#4591 = DIRECTION('',(0.,0.,1.));
#4592 = ADVANCED_FACE('',(#4593),#4611,.F.);
#4593 = FACE_BOUND('',#4594,.F.);
#4594 = EDGE_LOOP('',(#4595,#4603,#4604,#4605));
#4595 = ORIENTED_EDGE('',*,*,#4596,.F.);
#4596 = EDGE_CURVE('',#4443,#4597,#4599,.T.);
#4597 = VERTEX_POINT('',#4598);
#4598 = CARTESIAN_POINT('',(51.,55.,8.8));
#4599 = LINE('',#4600,#4601);
#4600 = CARTESIAN_POINT('',(51.,55.,5.6));
#4601 = VECTOR('',#4602,1.);
#4602 = DIRECTION('',(0.,0.,1.));
#4603 = ORIENTED_EDGE('',*,*,#4450,.T.);
#4604 = ORIENTED_EDGE('',*,*,#4566,.T.);
#4605 = ORIENTED_EDGE('',*,*,#4606,.F.);
#4606 = EDGE_CURVE('',#4597,#4567,#4607,.T.);
#4607 = LINE('',#4608,#4609);
#4608 = CARTESIAN_POINT('',(51.,55.,8.8));
#4609 = VECTOR('',#4610,1.);
#4610 = DIRECTION('',(0.,1.,0.));
#4611 = PLANE('',#4612);
#4612 = AXIS2_PLACEMENT_3D('',#4613,#4614,#4615);
#4613 = CARTESIAN_POINT('',(51.,55.,5.6));
#4614 = DIRECTION('',(1.,0.,0.));
#4615 = DIRECTION('',(0.,0.,1.));
#4616 = ADVANCED_FACE('',(#4617),#4644,.F.);
#4617 = FACE_BOUND('',#4618,.F.);
#4618 = EDGE_LOOP('',(#4619,#4627,#4628,#4629,#4630,#4638));
#4619 = ORIENTED_EDGE('',*,*,#4620,.F.);
#4620 = EDGE_CURVE('',#4535,#4621,#4623,.T.);
#4621 = VERTEX_POINT('',#4622);
#4622 = CARTESIAN_POINT('',(59.,55.,5.6));
#4623 = LINE('',#4624,#4625);
#4624 = CARTESIAN_POINT('',(51.,55.,5.6));
#4625 = VECTOR('',#4626,1.);
#4626 = DIRECTION('',(1.,0.,0.));
#4627 = ORIENTED_EDGE('',*,*,#4542,.T.);
#4628 = ORIENTED_EDGE('',*,*,#4442,.T.);
#4629 = ORIENTED_EDGE('',*,*,#4596,.T.);
#4630 = ORIENTED_EDGE('',*,*,#4631,.T.);
#4631 = EDGE_CURVE('',#4597,#4632,#4634,.T.);
#4632 = VERTEX_POINT('',#4633);
#4633 = CARTESIAN_POINT('',(59.,55.,8.8));
#4634 = LINE('',#4635,#4636);
#4635 = CARTESIAN_POINT('',(51.,55.,8.8));
#4636 = VECTOR('',#4637,1.);
#4637 = DIRECTION('',(1.,0.,0.));
#4638 = ORIENTED_EDGE('',*,*,#4639,.F.);
#4639 = EDGE_CURVE('',#4621,#4632,#4640,.T.);
#4640 = LINE('',#4641,#4642);
#4641 = CARTESIAN_POINT('',(59.,55.,5.6));
#4642 = VECTOR('',#4643,1.);
#4643 = DIRECTION('',(0.,0.,1.));
#4644 = PLANE('',#4645);
#4645 = AXIS2_PLACEMENT_3D('',#4646,#4647,#4648);
#4646 = CARTESIAN_POINT('',(51.,55.,5.6));
#4647 = DIRECTION('',(0.,1.,0.));
#4648 = DIRECTION('',(0.,0.,1.));
#4649 = ADVANCED_FACE('',(#4650),#4661,.F.);
#4650 = FACE_BOUND('',#4651,.F.);
#4651 = EDGE_LOOP('',(#4652,#4653,#4654,#4655));
#4652 = ORIENTED_EDGE('',*,*,#4556,.F.);
#4653 = ORIENTED_EDGE('',*,*,#4534,.T.);
#4654 = ORIENTED_EDGE('',*,*,#4620,.T.);
#4655 = ORIENTED_EDGE('',*,*,#4656,.T.);
#4656 = EDGE_CURVE('',#4621,#4557,#4657,.T.);
#4657 = LINE('',#4658,#4659);
#4658 = CARTESIAN_POINT('',(59.,55.,5.6));
#4659 = VECTOR('',#4660,1.);
#4660 = DIRECTION('',(0.,1.,0.));
#4661 = PLANE('',#4662);
#4662 = AXIS2_PLACEMENT_3D('',#4663,#4664,#4665);
#4663 = CARTESIAN_POINT('',(51.,55.,5.6));
#4664 = DIRECTION('',(0.,0.,1.));
#4665 = DIRECTION('',(1.,0.,0.));
#4666 = ADVANCED_FACE('',(#4667),#4678,.T.);
#4667 = FACE_BOUND('',#4668,.T.);
#4668 = EDGE_LOOP('',(#4669,#4670,#4671,#4672));
#4669 = ORIENTED_EDGE('',*,*,#4639,.F.);
#4670 = ORIENTED_EDGE('',*,*,#4656,.T.);
#4671 = ORIENTED_EDGE('',*,*,#4582,.T.);
#4672 = ORIENTED_EDGE('',*,*,#4673,.F.);
#4673 = EDGE_CURVE('',#4632,#4575,#4674,.T.);
#4674 = LINE('',#4675,#4676);
#4675 = CARTESIAN_POINT('',(59.,55.,8.8));
#4676 = VECTOR('',#4677,1.);
#4677 = DIRECTION('',(0.,1.,0.));
#4678 = PLANE('',#4679);
#4679 = AXIS2_PLACEMENT_3D('',#4680,#4681,#4682);
#4680 = CARTESIAN_POINT('',(59.,55.,5.6));
#4681 = DIRECTION('',(1.,0.,0.));
#4682 = DIRECTION('',(0.,0.,1.));
#4683 = ADVANCED_FACE('',(#4684),#4690,.T.);
#4684 = FACE_BOUND('',#4685,.T.);
#4685 = EDGE_LOOP('',(#4686,#4687,#4688,#4689));
#4686 = ORIENTED_EDGE('',*,*,#4606,.F.);
#4687 = ORIENTED_EDGE('',*,*,#4631,.T.);
#4688 = ORIENTED_EDGE('',*,*,#4673,.T.);
#4689 = ORIENTED_EDGE('',*,*,#4574,.F.);
#4690 = PLANE('',#4691);
#4691 = AXIS2_PLACEMENT_3D('',#4692,#4693,#4694);
#4692 = CARTESIAN_POINT('',(51.,55.,8.8));
#4693 = DIRECTION('',(0.,0.,1.));
#4694 = DIRECTION('',(1.,0.,0.));
#4695 = MANIFOLD_SOLID_BREP('',#4696);
#4696 = CLOSED_SHELL('',(#4697,#4737,#4768,#4826,#4850,#4867,#4879,#4910
    ,#4934,#4958,#4975,#5021,#5052,#5076,#5100,#5117));
#4697 = ADVANCED_FACE('',(#4698),#4732,.F.);
#4698 = FACE_BOUND('',#4699,.F.);
#4699 = EDGE_LOOP('',(#4700,#4710,#4718,#4726));
#4700 = ORIENTED_EDGE('',*,*,#4701,.F.);
#4701 = EDGE_CURVE('',#4702,#4704,#4706,.T.);
#4702 = VERTEX_POINT('',#4703);
#4703 = CARTESIAN_POINT('',(18.5,8.,4.6));
#4704 = VERTEX_POINT('',#4705);
#4705 = CARTESIAN_POINT('',(18.5,8.,6.6));
#4706 = LINE('',#4707,#4708);
#4707 = CARTESIAN_POINT('',(18.5,8.,4.6));
#4708 = VECTOR('',#4709,1.);
#4709 = DIRECTION('',(0.,0.,1.));
#4710 = ORIENTED_EDGE('',*,*,#4711,.T.);
#4711 = EDGE_CURVE('',#4702,#4712,#4714,.T.);
#4712 = VERTEX_POINT('',#4713);
#4713 = CARTESIAN_POINT('',(18.5,45.,4.6));
#4714 = LINE('',#4715,#4716);
#4715 = CARTESIAN_POINT('',(18.5,8.,4.6));
#4716 = VECTOR('',#4717,1.);
#4717 = DIRECTION('',(0.,1.,0.));
#4718 = ORIENTED_EDGE('',*,*,#4719,.T.);
#4719 = EDGE_CURVE('',#4712,#4720,#4722,.T.);
#4720 = VERTEX_POINT('',#4721);
#4721 = CARTESIAN_POINT('',(18.5,45.,6.6));
#4722 = LINE('',#4723,#4724);
#4723 = CARTESIAN_POINT('',(18.5,45.,4.6));
#4724 = VECTOR('',#4725,1.);
#4725 = DIRECTION('',(0.,0.,1.));
#4726 = ORIENTED_EDGE('',*,*,#4727,.T.);
#4727 = EDGE_CURVE('',#4720,#4704,#4728,.T.);
#4728 = LINE('',#4729,#4730);
#4729 = CARTESIAN_POINT('',(18.5,7.25,6.6));
#4730 = VECTOR('',#4731,1.);
#4731 = DIRECTION('',(0.,-1.,0.));
#4732 = PLANE('',#4733);
#4733 = AXIS2_PLACEMENT_3D('',#4734,#4735,#4736);
#4734 = CARTESIAN_POINT('',(18.5,8.,4.6));
#4735 = DIRECTION('',(1.,0.,0.));
#4736 = DIRECTION('',(0.,0.,1.));
#4737 = ADVANCED_FACE('',(#4738),#4763,.F.);
#4738 = FACE_BOUND('',#4739,.F.);
#4739 = EDGE_LOOP('',(#4740,#4750,#4756,#4757));
#4740 = ORIENTED_EDGE('',*,*,#4741,.F.);
#4741 = EDGE_CURVE('',#4742,#4744,#4746,.T.);
#4742 = VERTEX_POINT('',#4743);
#4743 = CARTESIAN_POINT('',(43.5,8.,4.6));
#4744 = VERTEX_POINT('',#4745);
#4745 = CARTESIAN_POINT('',(43.5,8.,6.6));
#4746 = LINE('',#4747,#4748);
#4747 = CARTESIAN_POINT('',(43.5,8.,4.6));
#4748 = VECTOR('',#4749,1.);
#4749 = DIRECTION('',(0.,0.,1.));
#4750 = ORIENTED_EDGE('',*,*,#4751,.F.);
#4751 = EDGE_CURVE('',#4702,#4742,#4752,.T.);
#4752 = LINE('',#4753,#4754);
#4753 = CARTESIAN_POINT('',(18.5,8.,4.6));
#4754 = VECTOR('',#4755,1.);
#4755 = DIRECTION('',(1.,0.,0.));
#4756 = ORIENTED_EDGE('',*,*,#4701,.T.);
#4757 = ORIENTED_EDGE('',*,*,#4758,.T.);
#4758 = EDGE_CURVE('',#4704,#4744,#4759,.T.);
#4759 = LINE('',#4760,#4761);
#4760 = CARTESIAN_POINT('',(17.75,8.,6.6));
#4761 = VECTOR('',#4762,1.);
#4762 = DIRECTION('',(1.,0.,0.));
#4763 = PLANE('',#4764);
#4764 = AXIS2_PLACEMENT_3D('',#4765,#4766,#4767);
#4765 = CARTESIAN_POINT('',(18.5,8.,4.6));
#4766 = DIRECTION('',(0.,1.,0.));
#4767 = DIRECTION('',(0.,0.,1.));
#4768 = ADVANCED_FACE('',(#4769,#4803),#4821,.F.);
#4769 = FACE_BOUND('',#4770,.F.);
#4770 = EDGE_LOOP('',(#4771,#4781,#4789,#4797));
#4771 = ORIENTED_EDGE('',*,*,#4772,.F.);
#4772 = EDGE_CURVE('',#4773,#4775,#4777,.T.);
#4773 = VERTEX_POINT('',#4774);
#4774 = CARTESIAN_POINT('',(17.,6.5,6.6));
#4775 = VERTEX_POINT('',#4776);
#4776 = CARTESIAN_POINT('',(17.,46.5,6.6));
#4777 = LINE('',#4778,#4779);
#4778 = CARTESIAN_POINT('',(17.,6.5,6.6));
#4779 = VECTOR('',#4780,1.);
#4780 = DIRECTION('',(0.,1.,0.));
#4781 = ORIENTED_EDGE('',*,*,#4782,.T.);
#4782 = EDGE_CURVE('',#4773,#4783,#4785,.T.);
#4783 = VERTEX_POINT('',#4784);
#4784 = CARTESIAN_POINT('',(45.,6.5,6.6));
#4785 = LINE('',#4786,#4787);
#4786 = CARTESIAN_POINT('',(17.,6.5,6.6));
#4787 = VECTOR('',#4788,1.);
#4788 = DIRECTION('',(1.,0.,0.));
#4789 = ORIENTED_EDGE('',*,*,#4790,.T.);
#4790 = EDGE_CURVE('',#4783,#4791,#4793,.T.);
#4791 = VERTEX_POINT('',#4792);
#4792 = CARTESIAN_POINT('',(45.,46.5,6.6));
#4793 = LINE('',#4794,#4795);
#4794 = CARTESIAN_POINT('',(45.,6.5,6.6));
#4795 = VECTOR('',#4796,1.);
#4796 = DIRECTION('',(0.,1.,0.));
#4797 = ORIENTED_EDGE('',*,*,#4798,.F.);
#4798 = EDGE_CURVE('',#4775,#4791,#4799,.T.);
#4799 = LINE('',#4800,#4801);
#4800 = CARTESIAN_POINT('',(17.,46.5,6.6));
#4801 = VECTOR('',#4802,1.);
#4802 = DIRECTION('',(1.,0.,0.));
#4803 = FACE_BOUND('',#4804,.F.);
#4804 = EDGE_LOOP('',(#4805,#4806,#4814,#4820));
#4805 = ORIENTED_EDGE('',*,*,#4727,.F.);
#4806 = ORIENTED_EDGE('',*,*,#4807,.T.);
#4807 = EDGE_CURVE('',#4720,#4808,#4810,.T.);
#4808 = VERTEX_POINT('',#4809);
#4809 = CARTESIAN_POINT('',(43.5,45.,6.6));
#4810 = LINE('',#4811,#4812);
#4811 = CARTESIAN_POINT('',(17.75,45.,6.6));
#4812 = VECTOR('',#4813,1.);
#4813 = DIRECTION('',(1.,0.,0.));
#4814 = ORIENTED_EDGE('',*,*,#4815,.T.);
#4815 = EDGE_CURVE('',#4808,#4744,#4816,.T.);
#4816 = LINE('',#4817,#4818);
#4817 = CARTESIAN_POINT('',(43.5,7.25,6.6));
#4818 = VECTOR('',#4819,1.);
#4819 = DIRECTION('',(0.,-1.,0.));
#4820 = ORIENTED_EDGE('',*,*,#4758,.F.);
#4821 = PLANE('',#4822);
#4822 = AXIS2_PLACEMENT_3D('',#4823,#4824,#4825);
#4823 = CARTESIAN_POINT('',(17.,6.5,6.6));
#4824 = DIRECTION('',(0.,0.,1.));
#4825 = DIRECTION('',(1.,0.,0.));
#4826 = ADVANCED_FACE('',(#4827),#4845,.T.);
#4827 = FACE_BOUND('',#4828,.T.);
#4828 = EDGE_LOOP('',(#4829,#4837,#4843,#4844));
#4829 = ORIENTED_EDGE('',*,*,#4830,.F.);
#4830 = EDGE_CURVE('',#4831,#4808,#4833,.T.);
#4831 = VERTEX_POINT('',#4832);
#4832 = CARTESIAN_POINT('',(43.5,45.,4.6));
#4833 = LINE('',#4834,#4835);
#4834 = CARTESIAN_POINT('',(43.5,45.,4.6));
#4835 = VECTOR('',#4836,1.);
#4836 = DIRECTION('',(0.,0.,1.));
#4837 = ORIENTED_EDGE('',*,*,#4838,.F.);
#4838 = EDGE_CURVE('',#4712,#4831,#4839,.T.);
#4839 = LINE('',#4840,#4841);
#4840 = CARTESIAN_POINT('',(18.5,45.,4.6));
#4841 = VECTOR('',#4842,1.);
#4842 = DIRECTION('',(1.,0.,0.));
#4843 = ORIENTED_EDGE('',*,*,#4719,.T.);
#4844 = ORIENTED_EDGE('',*,*,#4807,.T.);
#4845 = PLANE('',#4846);
#4846 = AXIS2_PLACEMENT_3D('',#4847,#4848,#4849);
#4847 = CARTESIAN_POINT('',(18.5,45.,4.6));
#4848 = DIRECTION('',(0.,1.,0.));
#4849 = DIRECTION('',(0.,0.,1.));
#4850 = ADVANCED_FACE('',(#4851),#4862,.F.);
#4851 = FACE_BOUND('',#4852,.F.);
#4852 = EDGE_LOOP('',(#4853,#4854,#4855,#4861));
#4853 = ORIENTED_EDGE('',*,*,#4711,.F.);
#4854 = ORIENTED_EDGE('',*,*,#4751,.T.);
#4855 = ORIENTED_EDGE('',*,*,#4856,.T.);
#4856 = EDGE_CURVE('',#4742,#4831,#4857,.T.);
#4857 = LINE('',#4858,#4859);
#4858 = CARTESIAN_POINT('',(43.5,8.,4.6));
#4859 = VECTOR('',#4860,1.);
#4860 = DIRECTION('',(0.,1.,0.));
#4861 = ORIENTED_EDGE('',*,*,#4838,.F.);
#4862 = PLANE('',#4863);
#4863 = AXIS2_PLACEMENT_3D('',#4864,#4865,#4866);
#4864 = CARTESIAN_POINT('',(18.5,8.,4.6));
#4865 = DIRECTION('',(0.,0.,1.));
#4866 = DIRECTION('',(1.,0.,0.));
#4867 = ADVANCED_FACE('',(#4868),#4874,.T.);
#4868 = FACE_BOUND('',#4869,.T.);
#4869 = EDGE_LOOP('',(#4870,#4871,#4872,#4873));
#4870 = ORIENTED_EDGE('',*,*,#4741,.F.);
#4871 = ORIENTED_EDGE('',*,*,#4856,.T.);
#4872 = ORIENTED_EDGE('',*,*,#4830,.T.);
#4873 = ORIENTED_EDGE('',*,*,#4815,.T.);
#4874 = PLANE('',#4875);
#4875 = AXIS2_PLACEMENT_3D('',#4876,#4877,#4878);
#4876 = CARTESIAN_POINT('',(43.5,8.,4.6));
#4877 = DIRECTION('',(1.,0.,0.));
#4878 = DIRECTION('',(0.,0.,1.));
#4879 = ADVANCED_FACE('',(#4880),#4905,.F.);
#4880 = FACE_BOUND('',#4881,.F.);
#4881 = EDGE_LOOP('',(#4882,#4890,#4891,#4899));
#4882 = ORIENTED_EDGE('',*,*,#4883,.F.);
#4883 = EDGE_CURVE('',#4773,#4884,#4886,.T.);
#4884 = VERTEX_POINT('',#4885);
#4885 = CARTESIAN_POINT('',(17.,6.5,7.4));
#4886 = LINE('',#4887,#4888);
#4887 = CARTESIAN_POINT('',(17.,6.5,6.6));
#4888 = VECTOR('',#4889,1.);
#4889 = DIRECTION('',(0.,0.,1.));
#4890 = ORIENTED_EDGE('',*,*,#4772,.T.);
#4891 = ORIENTED_EDGE('',*,*,#4892,.T.);
#4892 = EDGE_CURVE('',#4775,#4893,#4895,.T.);
#4893 = VERTEX_POINT('',#4894);
#4894 = CARTESIAN_POINT('',(17.,46.5,7.4));
#4895 = LINE('',#4896,#4897);
#4896 = CARTESIAN_POINT('',(17.,46.5,6.6));
#4897 = VECTOR('',#4898,1.);
#4898 = DIRECTION('',(0.,0.,1.));
#4899 = ORIENTED_EDGE('',*,*,#4900,.F.);
#4900 = EDGE_CURVE('',#4884,#4893,#4901,.T.);
#4901 = LINE('',#4902,#4903);
#4902 = CARTESIAN_POINT('',(17.,6.5,7.4));
#4903 = VECTOR('',#4904,1.);
#4904 = DIRECTION('',(0.,1.,0.));
#4905 = PLANE('',#4906);
#4906 = AXIS2_PLACEMENT_3D('',#4907,#4908,#4909);
#4907 = CARTESIAN_POINT('',(17.,6.5,6.6));
#4908 = DIRECTION('',(1.,0.,0.));
#4909 = DIRECTION('',(0.,0.,1.));
#4910 = ADVANCED_FACE('',(#4911),#4929,.T.);
#4911 = FACE_BOUND('',#4912,.T.);
#4912 = EDGE_LOOP('',(#4913,#4914,#4915,#4923));
#4913 = ORIENTED_EDGE('',*,*,#4798,.F.);
#4914 = ORIENTED_EDGE('',*,*,#4892,.T.);
#4915 = ORIENTED_EDGE('',*,*,#4916,.T.);
#4916 = EDGE_CURVE('',#4893,#4917,#4919,.T.);
#4917 = VERTEX_POINT('',#4918);
#4918 = CARTESIAN_POINT('',(45.,46.5,7.4));
#4919 = LINE('',#4920,#4921);
#4920 = CARTESIAN_POINT('',(17.,46.5,7.4));
#4921 = VECTOR('',#4922,1.);
#4922 = DIRECTION('',(1.,0.,0.));
#4923 = ORIENTED_EDGE('',*,*,#4924,.F.);
#4924 = EDGE_CURVE('',#4791,#4917,#4925,.T.);
#4925 = LINE('',#4926,#4927);
#4926 = CARTESIAN_POINT('',(45.,46.5,6.6));
#4927 = VECTOR('',#4928,1.);
#4928 = DIRECTION('',(0.,0.,1.));
#4929 = PLANE('',#4930);
#4930 = AXIS2_PLACEMENT_3D('',#4931,#4932,#4933);
#4931 = CARTESIAN_POINT('',(17.,46.5,6.6));
#4932 = DIRECTION('',(0.,1.,0.));
#4933 = DIRECTION('',(0.,0.,1.));
#4934 = ADVANCED_FACE('',(#4935),#4953,.F.);
#4935 = FACE_BOUND('',#4936,.F.);
#4936 = EDGE_LOOP('',(#4937,#4938,#4939,#4947));
#4937 = ORIENTED_EDGE('',*,*,#4782,.F.);
#4938 = ORIENTED_EDGE('',*,*,#4883,.T.);
#4939 = ORIENTED_EDGE('',*,*,#4940,.T.);
#4940 = EDGE_CURVE('',#4884,#4941,#4943,.T.);
#4941 = VERTEX_POINT('',#4942);
#4942 = CARTESIAN_POINT('',(45.,6.5,7.4));
#4943 = LINE('',#4944,#4945);
#4944 = CARTESIAN_POINT('',(17.,6.5,7.4));
#4945 = VECTOR('',#4946,1.);
#4946 = DIRECTION('',(1.,0.,0.));
#4947 = ORIENTED_EDGE('',*,*,#4948,.F.);
#4948 = EDGE_CURVE('',#4783,#4941,#4949,.T.);
#4949 = LINE('',#4950,#4951);
#4950 = CARTESIAN_POINT('',(45.,6.5,6.6));
#4951 = VECTOR('',#4952,1.);
#4952 = DIRECTION('',(0.,0.,1.));
#4953 = PLANE('',#4954);
#4954 = AXIS2_PLACEMENT_3D('',#4955,#4956,#4957);
#4955 = CARTESIAN_POINT('',(17.,6.5,6.6));
#4956 = DIRECTION('',(0.,1.,0.));
#4957 = DIRECTION('',(0.,0.,1.));
#4958 = ADVANCED_FACE('',(#4959),#4970,.T.);
#4959 = FACE_BOUND('',#4960,.T.);
#4960 = EDGE_LOOP('',(#4961,#4962,#4963,#4964));
#4961 = ORIENTED_EDGE('',*,*,#4948,.F.);
#4962 = ORIENTED_EDGE('',*,*,#4790,.T.);
#4963 = ORIENTED_EDGE('',*,*,#4924,.T.);
#4964 = ORIENTED_EDGE('',*,*,#4965,.F.);
#4965 = EDGE_CURVE('',#4941,#4917,#4966,.T.);
#4966 = LINE('',#4967,#4968);
#4967 = CARTESIAN_POINT('',(45.,6.5,7.4));
#4968 = VECTOR('',#4969,1.);
#4969 = DIRECTION('',(0.,1.,0.));
#4970 = PLANE('',#4971);
#4971 = AXIS2_PLACEMENT_3D('',#4972,#4973,#4974);
#4972 = CARTESIAN_POINT('',(45.,6.5,6.6));
#4973 = DIRECTION('',(1.,0.,0.));
#4974 = DIRECTION('',(0.,0.,1.));
#4975 = ADVANCED_FACE('',(#4976,#4982),#5016,.T.);
#4976 = FACE_BOUND('',#4977,.T.);
#4977 = EDGE_LOOP('',(#4978,#4979,#4980,#4981));
#4978 = ORIENTED_EDGE('',*,*,#4900,.F.);
#4979 = ORIENTED_EDGE('',*,*,#4940,.T.);
#4980 = ORIENTED_EDGE('',*,*,#4965,.T.);
#4981 = ORIENTED_EDGE('',*,*,#4916,.F.);
#4982 = FACE_BOUND('',#4983,.T.);
#4983 = EDGE_LOOP('',(#4984,#4994,#5002,#5010));
#4984 = ORIENTED_EDGE('',*,*,#4985,.F.);
#4985 = EDGE_CURVE('',#4986,#4988,#4990,.T.);
#4986 = VERTEX_POINT('',#4987);
#4987 = CARTESIAN_POINT('',(18.5,45.,7.4));
#4988 = VERTEX_POINT('',#4989);
#4989 = CARTESIAN_POINT('',(18.5,8.,7.4));
#4990 = LINE('',#4991,#4992);
#4991 = CARTESIAN_POINT('',(18.5,7.25,7.4));
#4992 = VECTOR('',#4993,1.);
#4993 = DIRECTION('',(0.,-1.,0.));
#4994 = ORIENTED_EDGE('',*,*,#4995,.T.);
#4995 = EDGE_CURVE('',#4986,#4996,#4998,.T.);
#4996 = VERTEX_POINT('',#4997);
#4997 = CARTESIAN_POINT('',(43.5,45.,7.4));
#4998 = LINE('',#4999,#5000);
#4999 = CARTESIAN_POINT('',(17.75,45.,7.4));
#5000 = VECTOR('',#5001,1.);
#5001 = DIRECTION('',(1.,0.,0.));
#5002 = ORIENTED_EDGE('',*,*,#5003,.T.);
#5003 = EDGE_CURVE('',#4996,#5004,#5006,.T.);
#5004 = VERTEX_POINT('',#5005);
#5005 = CARTESIAN_POINT('',(43.5,8.,7.4));
#5006 = LINE('',#5007,#5008);
#5007 = CARTESIAN_POINT('',(43.5,7.25,7.4));
#5008 = VECTOR('',#5009,1.);
#5009 = DIRECTION('',(0.,-1.,0.));
#5010 = ORIENTED_EDGE('',*,*,#5011,.F.);
#5011 = EDGE_CURVE('',#4988,#5004,#5012,.T.);
#5012 = LINE('',#5013,#5014);
#5013 = CARTESIAN_POINT('',(17.75,8.,7.4));
#5014 = VECTOR('',#5015,1.);
#5015 = DIRECTION('',(1.,0.,0.));
#5016 = PLANE('',#5017);
#5017 = AXIS2_PLACEMENT_3D('',#5018,#5019,#5020);
#5018 = CARTESIAN_POINT('',(17.,6.5,7.4));
#5019 = DIRECTION('',(0.,0.,1.));
#5020 = DIRECTION('',(1.,0.,0.));
#5021 = ADVANCED_FACE('',(#5022),#5047,.F.);
#5022 = FACE_BOUND('',#5023,.F.);
#5023 = EDGE_LOOP('',(#5024,#5032,#5033,#5041));
#5024 = ORIENTED_EDGE('',*,*,#5025,.F.);
#5025 = EDGE_CURVE('',#4988,#5026,#5028,.T.);
#5026 = VERTEX_POINT('',#5027);
#5027 = CARTESIAN_POINT('',(18.5,8.,9.6));
#5028 = LINE('',#5029,#5030);
#5029 = CARTESIAN_POINT('',(18.5,8.,4.6));
#5030 = VECTOR('',#5031,1.);
#5031 = DIRECTION('',(0.,0.,1.));
#5032 = ORIENTED_EDGE('',*,*,#4985,.F.);
#5033 = ORIENTED_EDGE('',*,*,#5034,.T.);
#5034 = EDGE_CURVE('',#4986,#5035,#5037,.T.);
#5035 = VERTEX_POINT('',#5036);
#5036 = CARTESIAN_POINT('',(18.5,45.,9.6));
#5037 = LINE('',#5038,#5039);
#5038 = CARTESIAN_POINT('',(18.5,45.,4.6));
#5039 = VECTOR('',#5040,1.);
#5040 = DIRECTION('',(0.,0.,1.));
#5041 = ORIENTED_EDGE('',*,*,#5042,.F.);
#5042 = EDGE_CURVE('',#5026,#5035,#5043,.T.);
#5043 = LINE('',#5044,#5045);
#5044 = CARTESIAN_POINT('',(18.5,8.,9.6));
#5045 = VECTOR('',#5046,1.);
#5046 = DIRECTION('',(0.,1.,0.));
#5047 = PLANE('',#5048);
#5048 = AXIS2_PLACEMENT_3D('',#5049,#5050,#5051);
#5049 = CARTESIAN_POINT('',(18.5,8.,4.6));
#5050 = DIRECTION('',(1.,0.,0.));
#5051 = DIRECTION('',(0.,0.,1.));
#5052 = ADVANCED_FACE('',(#5053),#5071,.F.);
#5053 = FACE_BOUND('',#5054,.F.);
#5054 = EDGE_LOOP('',(#5055,#5063,#5064,#5065));
#5055 = ORIENTED_EDGE('',*,*,#5056,.F.);
#5056 = EDGE_CURVE('',#5004,#5057,#5059,.T.);
#5057 = VERTEX_POINT('',#5058);
#5058 = CARTESIAN_POINT('',(43.5,8.,9.6));
#5059 = LINE('',#5060,#5061);
#5060 = CARTESIAN_POINT('',(43.5,8.,4.6));
#5061 = VECTOR('',#5062,1.);
#5062 = DIRECTION('',(0.,0.,1.));
#5063 = ORIENTED_EDGE('',*,*,#5011,.F.);
#5064 = ORIENTED_EDGE('',*,*,#5025,.T.);
#5065 = ORIENTED_EDGE('',*,*,#5066,.T.);
#5066 = EDGE_CURVE('',#5026,#5057,#5067,.T.);
#5067 = LINE('',#5068,#5069);
#5068 = CARTESIAN_POINT('',(18.5,8.,9.6));
#5069 = VECTOR('',#5070,1.);
#5070 = DIRECTION('',(1.,0.,0.));
#5071 = PLANE('',#5072);
#5072 = AXIS2_PLACEMENT_3D('',#5073,#5074,#5075);
#5073 = CARTESIAN_POINT('',(18.5,8.,4.6));
#5074 = DIRECTION('',(0.,1.,0.));
#5075 = DIRECTION('',(0.,0.,1.));
#5076 = ADVANCED_FACE('',(#5077),#5095,.T.);
#5077 = FACE_BOUND('',#5078,.T.);
#5078 = EDGE_LOOP('',(#5079,#5080,#5081,#5089));
#5079 = ORIENTED_EDGE('',*,*,#5056,.F.);
#5080 = ORIENTED_EDGE('',*,*,#5003,.F.);
#5081 = ORIENTED_EDGE('',*,*,#5082,.T.);
#5082 = EDGE_CURVE('',#4996,#5083,#5085,.T.);
#5083 = VERTEX_POINT('',#5084);
#5084 = CARTESIAN_POINT('',(43.5,45.,9.6));
#5085 = LINE('',#5086,#5087);
#5086 = CARTESIAN_POINT('',(43.5,45.,4.6));
#5087 = VECTOR('',#5088,1.);
#5088 = DIRECTION('',(0.,0.,1.));
#5089 = ORIENTED_EDGE('',*,*,#5090,.F.);
#5090 = EDGE_CURVE('',#5057,#5083,#5091,.T.);
#5091 = LINE('',#5092,#5093);
#5092 = CARTESIAN_POINT('',(43.5,8.,9.6));
#5093 = VECTOR('',#5094,1.);
#5094 = DIRECTION('',(0.,1.,0.));
#5095 = PLANE('',#5096);
#5096 = AXIS2_PLACEMENT_3D('',#5097,#5098,#5099);
#5097 = CARTESIAN_POINT('',(43.5,8.,4.6));
#5098 = DIRECTION('',(1.,0.,0.));
#5099 = DIRECTION('',(0.,0.,1.));
#5100 = ADVANCED_FACE('',(#5101),#5112,.T.);
#5101 = FACE_BOUND('',#5102,.T.);
#5102 = EDGE_LOOP('',(#5103,#5104,#5105,#5106));
#5103 = ORIENTED_EDGE('',*,*,#5082,.F.);
#5104 = ORIENTED_EDGE('',*,*,#4995,.F.);
#5105 = ORIENTED_EDGE('',*,*,#5034,.T.);
#5106 = ORIENTED_EDGE('',*,*,#5107,.T.);
#5107 = EDGE_CURVE('',#5035,#5083,#5108,.T.);
#5108 = LINE('',#5109,#5110);
#5109 = CARTESIAN_POINT('',(18.5,45.,9.6));
#5110 = VECTOR('',#5111,1.);
#5111 = DIRECTION('',(1.,0.,0.));
#5112 = PLANE('',#5113);
#5113 = AXIS2_PLACEMENT_3D('',#5114,#5115,#5116);
#5114 = CARTESIAN_POINT('',(18.5,45.,4.6));
#5115 = DIRECTION('',(0.,1.,0.));
#5116 = DIRECTION('',(0.,0.,1.));
#5117 = ADVANCED_FACE('',(#5118),#5124,.T.);
#5118 = FACE_BOUND('',#5119,.T.);
#5119 = EDGE_LOOP('',(#5120,#5121,#5122,#5123));
#5120 = ORIENTED_EDGE('',*,*,#5042,.F.);
#5121 = ORIENTED_EDGE('',*,*,#5066,.T.);
#5122 = ORIENTED_EDGE('',*,*,#5090,.T.);
#5123 = ORIENTED_EDGE('',*,*,#5107,.F.);
#5124 = PLANE('',#5125);
#5125 = AXIS2_PLACEMENT_3D('',#5126,#5127,#5128);
#5126 = CARTESIAN_POINT('',(18.5,8.,9.6));
#5127 = DIRECTION('',(0.,0.,1.));
#5128 = DIRECTION('',(1.,0.,0.));
#5129 = MANIFOLD_SOLID_BREP('',#5130);
#5130 = CLOSED_SHELL('',(#5131,#5171,#5202,#5233,#5282,#5427,#5444,#5518
    ,#5535,#5552,#5564,#5588,#5667,#5691,#5715,#5739,#5763,#5787,#5811,
    #5828,#5845,#5857,#5879,#5896,#5913,#5930,#5969));
#5131 = ADVANCED_FACE('',(#5132),#5166,.F.);
#5132 = FACE_BOUND('',#5133,.F.);
#5133 = EDGE_LOOP('',(#5134,#5144,#5152,#5160));
#5134 = ORIENTED_EDGE('',*,*,#5135,.T.);
#5135 = EDGE_CURVE('',#5136,#5138,#5140,.T.);
#5136 = VERTEX_POINT('',#5137);
#5137 = CARTESIAN_POINT('',(8.,0.,2.));
#5138 = VERTEX_POINT('',#5139);
#5139 = CARTESIAN_POINT('',(8.,0.,36.));
#5140 = LINE('',#5141,#5142);
#5141 = CARTESIAN_POINT('',(8.,0.,2.));
#5142 = VECTOR('',#5143,1.);
#5143 = DIRECTION('',(0.,0.,1.));
#5144 = ORIENTED_EDGE('',*,*,#5145,.T.);
#5145 = EDGE_CURVE('',#5138,#5146,#5148,.T.);
#5146 = VERTEX_POINT('',#5147);
#5147 = CARTESIAN_POINT('',(54.,0.,36.));
#5148 = LINE('',#5149,#5150);
#5149 = CARTESIAN_POINT('',(8.,0.,36.));
#5150 = VECTOR('',#5151,1.);
#5151 = DIRECTION('',(1.,0.,0.));
#5152 = ORIENTED_EDGE('',*,*,#5153,.F.);
#5153 = EDGE_CURVE('',#5154,#5146,#5156,.T.);
#5154 = VERTEX_POINT('',#5155);
#5155 = CARTESIAN_POINT('',(54.,0.,2.));
#5156 = LINE('',#5157,#5158);
#5157 = CARTESIAN_POINT('',(54.,0.,2.));
#5158 = VECTOR('',#5159,1.);
#5159 = DIRECTION('',(0.,0.,1.));
#5160 = ORIENTED_EDGE('',*,*,#5161,.F.);
#5161 = EDGE_CURVE('',#5136,#5154,#5162,.T.);
#5162 = LINE('',#5163,#5164);
#5163 = CARTESIAN_POINT('',(8.,0.,2.));
#5164 = VECTOR('',#5165,1.);
#5165 = DIRECTION('',(1.,0.,0.));
#5166 = PLANE('',#5167);
#5167 = AXIS2_PLACEMENT_3D('',#5168,#5169,#5170);
#5168 = CARTESIAN_POINT('',(8.,0.,2.));
#5169 = DIRECTION('',(0.,1.,0.));
#5170 = DIRECTION('',(1.,0.,0.));
#5171 = ADVANCED_FACE('',(#5172),#5197,.F.);
#5172 = FACE_BOUND('',#5173,.F.);
#5173 = EDGE_LOOP('',(#5174,#5184,#5190,#5191));
#5174 = ORIENTED_EDGE('',*,*,#5175,.T.);
#5175 = EDGE_CURVE('',#5176,#5178,#5180,.T.);
#5176 = VERTEX_POINT('',#5177);
#5177 = CARTESIAN_POINT('',(0.,8.,2.));
#5178 = VERTEX_POINT('',#5179);
#5179 = CARTESIAN_POINT('',(0.,8.,36.));
#5180 = LINE('',#5181,#5182);
#5181 = CARTESIAN_POINT('',(0.,8.,2.));
#5182 = VECTOR('',#5183,1.);
#5183 = DIRECTION('',(0.,0.,1.));
#5184 = ORIENTED_EDGE('',*,*,#5185,.T.);
#5185 = EDGE_CURVE('',#5178,#5138,#5186,.T.);
#5186 = LINE('',#5187,#5188);
#5187 = CARTESIAN_POINT('',(0.,8.,36.));
#5188 = VECTOR('',#5189,1.);
#5189 = DIRECTION('',(0.707106781187,-0.707106781187,0.));
#5190 = ORIENTED_EDGE('',*,*,#5135,.F.);
#5191 = ORIENTED_EDGE('',*,*,#5192,.F.);
#5192 = EDGE_CURVE('',#5176,#5136,#5193,.T.);
#5193 = LINE('',#5194,#5195);
#5194 = CARTESIAN_POINT('',(0.,8.,2.));
#5195 = VECTOR('',#5196,1.);
#5196 = DIRECTION('',(0.707106781187,-0.707106781187,0.));
#5197 = PLANE('',#5198);
#5198 = AXIS2_PLACEMENT_3D('',#5199,#5200,#5201);
#5199 = CARTESIAN_POINT('',(0.,8.,2.));
#5200 = DIRECTION('',(0.707106781187,0.707106781187,0.));
#5201 = DIRECTION('',(0.707106781187,-0.707106781187,0.));
#5202 = ADVANCED_FACE('',(#5203),#5228,.F.);
#5203 = FACE_BOUND('',#5204,.F.);
#5204 = EDGE_LOOP('',(#5205,#5206,#5214,#5222));
#5205 = ORIENTED_EDGE('',*,*,#5153,.T.);
#5206 = ORIENTED_EDGE('',*,*,#5207,.T.);
#5207 = EDGE_CURVE('',#5146,#5208,#5210,.T.);
#5208 = VERTEX_POINT('',#5209);
#5209 = CARTESIAN_POINT('',(62.,8.,36.));
#5210 = LINE('',#5211,#5212);
#5211 = CARTESIAN_POINT('',(54.,0.,36.));
#5212 = VECTOR('',#5213,1.);
#5213 = DIRECTION('',(0.707106781187,0.707106781187,0.));
#5214 = ORIENTED_EDGE('',*,*,#5215,.F.);
#5215 = EDGE_CURVE('',#5216,#5208,#5218,.T.);
#5216 = VERTEX_POINT('',#5217);
#5217 = CARTESIAN_POINT('',(62.,8.,2.));
#5218 = LINE('',#5219,#5220);
#5219 = CARTESIAN_POINT('',(62.,8.,2.));
#5220 = VECTOR('',#5221,1.);
#5221 = DIRECTION('',(0.,0.,1.));
#5222 = ORIENTED_EDGE('',*,*,#5223,.F.);
#5223 = EDGE_CURVE('',#5154,#5216,#5224,.T.);
#5224 = LINE('',#5225,#5226);
#5225 = CARTESIAN_POINT('',(54.,0.,2.));
#5226 = VECTOR('',#5227,1.);
#5227 = DIRECTION('',(0.707106781187,0.707106781187,0.));
#5228 = PLANE('',#5229);
#5229 = AXIS2_PLACEMENT_3D('',#5230,#5231,#5232);
#5230 = CARTESIAN_POINT('',(54.,0.,2.));
#5231 = DIRECTION('',(-0.707106781187,0.707106781187,0.));
#5232 = DIRECTION('',(0.707106781187,0.707106781187,0.));
#5233 = ADVANCED_FACE('',(#5234),#5277,.F.);
#5234 = FACE_BOUND('',#5235,.F.);
#5235 = EDGE_LOOP('',(#5236,#5237,#5238,#5246,#5254,#5262,#5270,#5276));
#5236 = ORIENTED_EDGE('',*,*,#5161,.T.);
#5237 = ORIENTED_EDGE('',*,*,#5223,.T.);
#5238 = ORIENTED_EDGE('',*,*,#5239,.T.);
#5239 = EDGE_CURVE('',#5216,#5240,#5242,.T.);
#5240 = VERTEX_POINT('',#5241);
#5241 = CARTESIAN_POINT('',(62.,82.,2.));
#5242 = LINE('',#5243,#5244);
#5243 = CARTESIAN_POINT('',(62.,8.,2.));
#5244 = VECTOR('',#5245,1.);
#5245 = DIRECTION('',(0.,1.,0.));
#5246 = ORIENTED_EDGE('',*,*,#5247,.T.);
#5247 = EDGE_CURVE('',#5240,#5248,#5250,.T.);
#5248 = VERTEX_POINT('',#5249);
#5249 = CARTESIAN_POINT('',(54.,90.,2.));
#5250 = LINE('',#5251,#5252);
#5251 = CARTESIAN_POINT('',(62.,82.,2.));
#5252 = VECTOR('',#5253,1.);
#5253 = DIRECTION('',(-0.707106781187,0.707106781187,0.));
#5254 = ORIENTED_EDGE('',*,*,#5255,.T.);
#5255 = EDGE_CURVE('',#5248,#5256,#5258,.T.);
#5256 = VERTEX_POINT('',#5257);
#5257 = CARTESIAN_POINT('',(8.,90.,2.));
#5258 = LINE('',#5259,#5260);
#5259 = CARTESIAN_POINT('',(54.,90.,2.));
#5260 = VECTOR('',#5261,1.);
#5261 = DIRECTION('',(-1.,0.,0.));
#5262 = ORIENTED_EDGE('',*,*,#5263,.T.);
#5263 = EDGE_CURVE('',#5256,#5264,#5266,.T.);
#5264 = VERTEX_POINT('',#5265);
#5265 = CARTESIAN_POINT('',(0.,82.,2.));
#5266 = LINE('',#5267,#5268);
#5267 = CARTESIAN_POINT('',(8.,90.,2.));
#5268 = VECTOR('',#5269,1.);
#5269 = DIRECTION('',(-0.707106781187,-0.707106781187,0.));
#5270 = ORIENTED_EDGE('',*,*,#5271,.T.);
#5271 = EDGE_CURVE('',#5264,#5176,#5272,.T.);
#5272 = LINE('',#5273,#5274);
#5273 = CARTESIAN_POINT('',(0.,82.,2.));
#5274 = VECTOR('',#5275,1.);
#5275 = DIRECTION('',(0.,-1.,0.));
#5276 = ORIENTED_EDGE('',*,*,#5192,.T.);
#5277 = PLANE('',#5278);
#5278 = AXIS2_PLACEMENT_3D('',#5279,#5280,#5281);
#5279 = CARTESIAN_POINT('',(31.,45.,2.));
#5280 = DIRECTION('',(0.,0.,1.));
#5281 = DIRECTION('',(1.,0.,0.));
#5282 = ADVANCED_FACE('',(#5283),#5422,.T.);
#5283 = FACE_BOUND('',#5284,.T.);
#5284 = EDGE_LOOP('',(#5285,#5286,#5287,#5288,#5296,#5304,#5312,#5320,
    #5328,#5336,#5344,#5352,#5360,#5368,#5376,#5384,#5392,#5400,#5408,
    #5416));
#5285 = ORIENTED_EDGE('',*,*,#5185,.T.);
#5286 = ORIENTED_EDGE('',*,*,#5145,.T.);
#5287 = ORIENTED_EDGE('',*,*,#5207,.T.);
#5288 = ORIENTED_EDGE('',*,*,#5289,.T.);
#5289 = EDGE_CURVE('',#5208,#5290,#5292,.T.);
#5290 = VERTEX_POINT('',#5291);
#5291 = CARTESIAN_POINT('',(62.,14.,36.));
#5292 = LINE('',#5293,#5294);
#5293 = CARTESIAN_POINT('',(62.,8.,36.));
#5294 = VECTOR('',#5295,1.);
#5295 = DIRECTION('',(0.,1.,0.));
#5296 = ORIENTED_EDGE('',*,*,#5297,.T.);
#5297 = EDGE_CURVE('',#5290,#5298,#5300,.T.);
#5298 = VERTEX_POINT('',#5299);
#5299 = CARTESIAN_POINT('',(60.,14.,36.));
#5300 = LINE('',#5301,#5302);
#5301 = CARTESIAN_POINT('',(45.,14.,36.));
#5302 = VECTOR('',#5303,1.);
#5303 = DIRECTION('',(-1.,0.,0.));
#5304 = ORIENTED_EDGE('',*,*,#5305,.T.);
#5305 = EDGE_CURVE('',#5298,#5306,#5308,.T.);
#5306 = VERTEX_POINT('',#5307);
#5307 = CARTESIAN_POINT('',(60.,8.,36.));
#5308 = LINE('',#5309,#5310);
#5309 = CARTESIAN_POINT('',(60.,26.5,36.));
#5310 = VECTOR('',#5311,1.);
#5311 = DIRECTION('',(0.,-1.,0.));
#5312 = ORIENTED_EDGE('',*,*,#5313,.T.);
#5313 = EDGE_CURVE('',#5306,#5314,#5316,.T.);
#5314 = VERTEX_POINT('',#5315);
#5315 = CARTESIAN_POINT('',(54.,2.,36.));
#5316 = LINE('',#5317,#5318);
#5317 = CARTESIAN_POINT('',(59.,7.,36.));
#5318 = VECTOR('',#5319,1.);
#5319 = DIRECTION('',(-0.707106781187,-0.707106781187,0.));
#5320 = ORIENTED_EDGE('',*,*,#5321,.T.);
#5321 = EDGE_CURVE('',#5314,#5322,#5324,.T.);
#5322 = VERTEX_POINT('',#5323);
#5323 = CARTESIAN_POINT('',(8.,2.,36.));
#5324 = LINE('',#5325,#5326);
#5325 = CARTESIAN_POINT('',(19.5,2.,36.));
#5326 = VECTOR('',#5327,1.);
#5327 = DIRECTION('',(-1.,0.,0.));
#5328 = ORIENTED_EDGE('',*,*,#5329,.T.);
#5329 = EDGE_CURVE('',#5322,#5330,#5332,.T.);
#5330 = VERTEX_POINT('',#5331);
#5331 = CARTESIAN_POINT('',(2.,8.,36.));
#5332 = LINE('',#5333,#5334);
#5333 = CARTESIAN_POINT('',(-5.33E-15,10.,36.));
#5334 = VECTOR('',#5335,1.);
#5335 = DIRECTION('',(-0.707106781187,0.707106781187,0.));
#5336 = ORIENTED_EDGE('',*,*,#5337,.T.);
#5337 = EDGE_CURVE('',#5330,#5338,#5340,.T.);
#5338 = VERTEX_POINT('',#5339);
#5339 = CARTESIAN_POINT('',(2.,82.,36.));
#5340 = LINE('',#5341,#5342);
#5341 = CARTESIAN_POINT('',(2.,63.5,36.));
#5342 = VECTOR('',#5343,1.);
#5343 = DIRECTION('',(0.,1.,0.));
#5344 = ORIENTED_EDGE('',*,*,#5345,.T.);
#5345 = EDGE_CURVE('',#5338,#5346,#5348,.T.);
#5346 = VERTEX_POINT('',#5347);
#5347 = CARTESIAN_POINT('',(8.,88.,36.));
#5348 = LINE('',#5349,#5350);
#5349 = CARTESIAN_POINT('',(3.,83.,36.));
#5350 = VECTOR('',#5351,1.);
#5351 = DIRECTION('',(0.707106781187,0.707106781187,0.));
#5352 = ORIENTED_EDGE('',*,*,#5353,.T.);
#5353 = EDGE_CURVE('',#5346,#5354,#5356,.T.);
#5354 = VERTEX_POINT('',#5355);
#5355 = CARTESIAN_POINT('',(54.,88.,36.));
#5356 = LINE('',#5357,#5358);
#5357 = CARTESIAN_POINT('',(42.5,88.,36.));
#5358 = VECTOR('',#5359,1.);
#5359 = DIRECTION('',(1.,0.,0.));
#5360 = ORIENTED_EDGE('',*,*,#5361,.T.);
#5361 = EDGE_CURVE('',#5354,#5362,#5364,.T.);
#5362 = VERTEX_POINT('',#5363);
#5363 = CARTESIAN_POINT('',(60.,82.,36.));
#5364 = LINE('',#5365,#5366);
#5365 = CARTESIAN_POINT('',(62.,80.,36.));
#5366 = VECTOR('',#5367,1.);
#5367 = DIRECTION('',(0.707106781187,-0.707106781187,0.));
#5368 = ORIENTED_EDGE('',*,*,#5369,.T.);
#5369 = EDGE_CURVE('',#5362,#5370,#5372,.T.);
#5370 = VERTEX_POINT('',#5371);
#5371 = CARTESIAN_POINT('',(60.,28.,36.));
#5372 = LINE('',#5373,#5374);
#5373 = CARTESIAN_POINT('',(60.,26.5,36.));
#5374 = VECTOR('',#5375,1.);
#5375 = DIRECTION('',(0.,-1.,0.));
#5376 = ORIENTED_EDGE('',*,*,#5377,.F.);
#5377 = EDGE_CURVE('',#5378,#5370,#5380,.T.);
#5378 = VERTEX_POINT('',#5379);
#5379 = CARTESIAN_POINT('',(62.,28.,36.));
#5380 = LINE('',#5381,#5382);
#5381 = CARTESIAN_POINT('',(45.,28.,36.));
#5382 = VECTOR('',#5383,1.);
#5383 = DIRECTION('',(-1.,0.,0.));
#5384 = ORIENTED_EDGE('',*,*,#5385,.T.);
#5385 = EDGE_CURVE('',#5378,#5386,#5388,.T.);
#5386 = VERTEX_POINT('',#5387);
#5387 = CARTESIAN_POINT('',(62.,82.,36.));
#5388 = LINE('',#5389,#5390);
#5389 = CARTESIAN_POINT('',(62.,8.,36.));
#5390 = VECTOR('',#5391,1.);
#5391 = DIRECTION('',(0.,1.,0.));
#5392 = ORIENTED_EDGE('',*,*,#5393,.T.);
#5393 = EDGE_CURVE('',#5386,#5394,#5396,.T.);
#5394 = VERTEX_POINT('',#5395);
#5395 = CARTESIAN_POINT('',(54.,90.,36.));
#5396 = LINE('',#5397,#5398);
#5397 = CARTESIAN_POINT('',(62.,82.,36.));
#5398 = VECTOR('',#5399,1.);
#5399 = DIRECTION('',(-0.707106781187,0.707106781187,0.));
#5400 = ORIENTED_EDGE('',*,*,#5401,.T.);
#5401 = EDGE_CURVE('',#5394,#5402,#5404,.T.);
#5402 = VERTEX_POINT('',#5403);
#5403 = CARTESIAN_POINT('',(8.,90.,36.));
#5404 = LINE('',#5405,#5406);
#5405 = CARTESIAN_POINT('',(54.,90.,36.));
#5406 = VECTOR('',#5407,1.);
#5407 = DIRECTION('',(-1.,0.,0.));
#5408 = ORIENTED_EDGE('',*,*,#5409,.T.);
#5409 = EDGE_CURVE('',#5402,#5410,#5412,.T.);
#5410 = VERTEX_POINT('',#5411);
#5411 = CARTESIAN_POINT('',(0.,82.,36.));
#5412 = LINE('',#5413,#5414);
#5413 = CARTESIAN_POINT('',(8.,90.,36.));
#5414 = VECTOR('',#5415,1.);
#5415 = DIRECTION('',(-0.707106781187,-0.707106781187,0.));
#5416 = ORIENTED_EDGE('',*,*,#5417,.T.);
#5417 = EDGE_CURVE('',#5410,#5178,#5418,.T.);
#5418 = LINE('',#5419,#5420);
#5419 = CARTESIAN_POINT('',(0.,82.,36.));
#5420 = VECTOR('',#5421,1.);
#5421 = DIRECTION('',(0.,-1.,0.));
#5422 = PLANE('',#5423);
#5423 = AXIS2_PLACEMENT_3D('',#5424,#5425,#5426);
#5424 = CARTESIAN_POINT('',(31.,45.,36.));
#5425 = DIRECTION('',(0.,0.,1.));
#5426 = DIRECTION('',(1.,0.,0.));
#5427 = ADVANCED_FACE('',(#5428),#5439,.F.);
#5428 = FACE_BOUND('',#5429,.F.);
#5429 = EDGE_LOOP('',(#5430,#5436,#5437,#5438));
#5430 = ORIENTED_EDGE('',*,*,#5431,.T.);
#5431 = EDGE_CURVE('',#5264,#5410,#5432,.T.);
#5432 = LINE('',#5433,#5434);
#5433 = CARTESIAN_POINT('',(0.,82.,2.));
#5434 = VECTOR('',#5435,1.);
#5435 = DIRECTION('',(0.,0.,1.));
#5436 = ORIENTED_EDGE('',*,*,#5417,.T.);
#5437 = ORIENTED_EDGE('',*,*,#5175,.F.);
#5438 = ORIENTED_EDGE('',*,*,#5271,.F.);
#5439 = PLANE('',#5440);
#5440 = AXIS2_PLACEMENT_3D('',#5441,#5442,#5443);
#5441 = CARTESIAN_POINT('',(0.,82.,2.));
#5442 = DIRECTION('',(1.,0.,0.));
#5443 = DIRECTION('',(0.,-1.,0.));
#5444 = ADVANCED_FACE('',(#5445,#5479),#5513,.F.);
#5445 = FACE_BOUND('',#5446,.F.);
#5446 = EDGE_LOOP('',(#5447,#5448,#5449,#5450,#5458,#5466,#5472,#5473));
#5447 = ORIENTED_EDGE('',*,*,#5239,.F.);
#5448 = ORIENTED_EDGE('',*,*,#5215,.T.);
#5449 = ORIENTED_EDGE('',*,*,#5289,.T.);
#5450 = ORIENTED_EDGE('',*,*,#5451,.T.);
#5451 = EDGE_CURVE('',#5290,#5452,#5454,.T.);
#5452 = VERTEX_POINT('',#5453);
#5453 = CARTESIAN_POINT('',(62.,14.,32.2));
#5454 = LINE('',#5455,#5456);
#5455 = CARTESIAN_POINT('',(62.,14.,17.1));
#5456 = VECTOR('',#5457,1.);
#5457 = DIRECTION('',(0.,0.,-1.));
#5458 = ORIENTED_EDGE('',*,*,#5459,.T.);
#5459 = EDGE_CURVE('',#5452,#5460,#5462,.T.);
#5460 = VERTEX_POINT('',#5461);
#5461 = CARTESIAN_POINT('',(62.,28.,32.2));
#5462 = LINE('',#5463,#5464);
#5463 = CARTESIAN_POINT('',(62.,11.,32.2));
#5464 = VECTOR('',#5465,1.);
#5465 = DIRECTION('',(0.,1.,0.));
#5466 = ORIENTED_EDGE('',*,*,#5467,.F.);
#5467 = EDGE_CURVE('',#5378,#5460,#5468,.T.);
#5468 = LINE('',#5469,#5470);
#5469 = CARTESIAN_POINT('',(62.,28.,17.1));
#5470 = VECTOR('',#5471,1.);
#5471 = DIRECTION('',(0.,0.,-1.));
#5472 = ORIENTED_EDGE('',*,*,#5385,.T.);
#5473 = ORIENTED_EDGE('',*,*,#5474,.F.);
#5474 = EDGE_CURVE('',#5240,#5386,#5475,.T.);
#5475 = LINE('',#5476,#5477);
#5476 = CARTESIAN_POINT('',(62.,82.,2.));
#5477 = VECTOR('',#5478,1.);
#5478 = DIRECTION('',(0.,0.,1.));
#5479 = FACE_BOUND('',#5480,.F.);
#5480 = EDGE_LOOP('',(#5481,#5491,#5499,#5507));
#5481 = ORIENTED_EDGE('',*,*,#5482,.F.);
#5482 = EDGE_CURVE('',#5483,#5485,#5487,.T.);
#5483 = VERTEX_POINT('',#5484);
#5484 = CARTESIAN_POINT('',(62.,54.,10.5));
#5485 = VERTEX_POINT('',#5486);
#5486 = CARTESIAN_POINT('',(62.,65.,10.5));
#5487 = LINE('',#5488,#5489);
#5488 = CARTESIAN_POINT('',(62.,31.,10.5));
#5489 = VECTOR('',#5490,1.);
#5490 = DIRECTION('',(0.,1.,0.));
#5491 = ORIENTED_EDGE('',*,*,#5492,.T.);
#5492 = EDGE_CURVE('',#5483,#5493,#5495,.T.);
#5493 = VERTEX_POINT('',#5494);
#5494 = CARTESIAN_POINT('',(62.,54.,4.));
#5495 = LINE('',#5496,#5497);
#5496 = CARTESIAN_POINT('',(62.,54.,3.));
#5497 = VECTOR('',#5498,1.);
#5498 = DIRECTION('',(0.,0.,-1.));
#5499 = ORIENTED_EDGE('',*,*,#5500,.T.);
#5500 = EDGE_CURVE('',#5493,#5501,#5503,.T.);
#5501 = VERTEX_POINT('',#5502);
#5502 = CARTESIAN_POINT('',(62.,65.,4.));
#5503 = LINE('',#5504,#5505);
#5504 = CARTESIAN_POINT('',(62.,31.,4.));
#5505 = VECTOR('',#5506,1.);
#5506 = DIRECTION('',(0.,1.,0.));
#5507 = ORIENTED_EDGE('',*,*,#5508,.F.);
#5508 = EDGE_CURVE('',#5485,#5501,#5509,.T.);
#5509 = LINE('',#5510,#5511);
#5510 = CARTESIAN_POINT('',(62.,65.,3.));
#5511 = VECTOR('',#5512,1.);
#5512 = DIRECTION('',(0.,0.,-1.));
#5513 = PLANE('',#5514);
#5514 = AXIS2_PLACEMENT_3D('',#5515,#5516,#5517);
#5515 = CARTESIAN_POINT('',(62.,8.,2.));
#5516 = DIRECTION('',(-1.,0.,0.));
#5517 = DIRECTION('',(0.,1.,0.));
#5518 = ADVANCED_FACE('',(#5519),#5530,.F.);
#5519 = FACE_BOUND('',#5520,.F.);
#5520 = EDGE_LOOP('',(#5521,#5522,#5523,#5529));
#5521 = ORIENTED_EDGE('',*,*,#5474,.T.);
#5522 = ORIENTED_EDGE('',*,*,#5393,.T.);
#5523 = ORIENTED_EDGE('',*,*,#5524,.F.);
#5524 = EDGE_CURVE('',#5248,#5394,#5525,.T.);
#5525 = LINE('',#5526,#5527);
#5526 = CARTESIAN_POINT('',(54.,90.,2.));
#5527 = VECTOR('',#5528,1.);
#5528 = DIRECTION('',(0.,0.,1.));
#5529 = ORIENTED_EDGE('',*,*,#5247,.F.);
#5530 = PLANE('',#5531);
#5531 = AXIS2_PLACEMENT_3D('',#5532,#5533,#5534);
#5532 = CARTESIAN_POINT('',(62.,82.,2.));
#5533 = DIRECTION('',(-0.707106781187,-0.707106781187,0.));
#5534 = DIRECTION('',(-0.707106781187,0.707106781187,0.));
#5535 = ADVANCED_FACE('',(#5536),#5547,.F.);
#5536 = FACE_BOUND('',#5537,.F.);
#5537 = EDGE_LOOP('',(#5538,#5539,#5540,#5546));
#5538 = ORIENTED_EDGE('',*,*,#5524,.T.);
#5539 = ORIENTED_EDGE('',*,*,#5401,.T.);
#5540 = ORIENTED_EDGE('',*,*,#5541,.F.);
#5541 = EDGE_CURVE('',#5256,#5402,#5542,.T.);
#5542 = LINE('',#5543,#5544);
#5543 = CARTESIAN_POINT('',(8.,90.,2.));
#5544 = VECTOR('',#5545,1.);
#5545 = DIRECTION('',(0.,0.,1.));
#5546 = ORIENTED_EDGE('',*,*,#5255,.F.);
#5547 = PLANE('',#5548);
#5548 = AXIS2_PLACEMENT_3D('',#5549,#5550,#5551);
#5549 = CARTESIAN_POINT('',(54.,90.,2.));
#5550 = DIRECTION('',(0.,-1.,0.));
#5551 = DIRECTION('',(-1.,0.,0.));
#5552 = ADVANCED_FACE('',(#5553),#5559,.F.);
#5553 = FACE_BOUND('',#5554,.F.);
#5554 = EDGE_LOOP('',(#5555,#5556,#5557,#5558));
#5555 = ORIENTED_EDGE('',*,*,#5541,.T.);
#5556 = ORIENTED_EDGE('',*,*,#5409,.T.);
#5557 = ORIENTED_EDGE('',*,*,#5431,.F.);
#5558 = ORIENTED_EDGE('',*,*,#5263,.F.);
#5559 = PLANE('',#5560);
#5560 = AXIS2_PLACEMENT_3D('',#5561,#5562,#5563);
#5561 = CARTESIAN_POINT('',(8.,90.,2.));
#5562 = DIRECTION('',(0.707106781187,-0.707106781187,0.));
#5563 = DIRECTION('',(-0.707106781187,-0.707106781187,0.));
#5564 = ADVANCED_FACE('',(#5565),#5583,.F.);
#5565 = FACE_BOUND('',#5566,.F.);
#5566 = EDGE_LOOP('',(#5567,#5575,#5581,#5582));
#5567 = ORIENTED_EDGE('',*,*,#5568,.F.);
#5568 = EDGE_CURVE('',#5569,#5460,#5571,.T.);
#5569 = VERTEX_POINT('',#5570);
#5570 = CARTESIAN_POINT('',(60.,28.,32.2));
#5571 = LINE('',#5572,#5573);
#5572 = CARTESIAN_POINT('',(59.,28.,32.2));
#5573 = VECTOR('',#5574,1.);
#5574 = DIRECTION('',(1.,0.,0.));
#5575 = ORIENTED_EDGE('',*,*,#5576,.F.);
#5576 = EDGE_CURVE('',#5370,#5569,#5577,.T.);
#5577 = LINE('',#5578,#5579);
#5578 = CARTESIAN_POINT('',(60.,28.,18.1));
#5579 = VECTOR('',#5580,1.);
#5580 = DIRECTION('',(0.,0.,-1.));
#5581 = ORIENTED_EDGE('',*,*,#5377,.F.);
#5582 = ORIENTED_EDGE('',*,*,#5467,.T.);
#5583 = PLANE('',#5584);
#5584 = AXIS2_PLACEMENT_3D('',#5585,#5586,#5587);
#5585 = CARTESIAN_POINT('',(59.,28.,32.2));
#5586 = DIRECTION('',(0.,1.,0.));
#5587 = DIRECTION('',(0.,0.,1.));
#5588 = ADVANCED_FACE('',(#5589),#5662,.T.);
#5589 = FACE_BOUND('',#5590,.T.);
#5590 = EDGE_LOOP('',(#5591,#5601,#5607,#5608,#5616,#5622,#5623,#5624,
    #5632,#5640,#5648,#5656));
#5591 = ORIENTED_EDGE('',*,*,#5592,.F.);
#5592 = EDGE_CURVE('',#5593,#5595,#5597,.T.);
#5593 = VERTEX_POINT('',#5594);
#5594 = CARTESIAN_POINT('',(60.,8.,4.));
#5595 = VERTEX_POINT('',#5596);
#5596 = CARTESIAN_POINT('',(60.,54.,4.));
#5597 = LINE('',#5598,#5599);
#5598 = CARTESIAN_POINT('',(60.,8.,4.));
#5599 = VECTOR('',#5600,1.);
#5600 = DIRECTION('',(0.,1.,0.));
#5601 = ORIENTED_EDGE('',*,*,#5602,.T.);
#5602 = EDGE_CURVE('',#5593,#5306,#5603,.T.);
#5603 = LINE('',#5604,#5605);
#5604 = CARTESIAN_POINT('',(60.,8.,4.));
#5605 = VECTOR('',#5606,1.);
#5606 = DIRECTION('',(0.,0.,1.));
#5607 = ORIENTED_EDGE('',*,*,#5305,.F.);
#5608 = ORIENTED_EDGE('',*,*,#5609,.T.);
#5609 = EDGE_CURVE('',#5298,#5610,#5612,.T.);
#5610 = VERTEX_POINT('',#5611);
#5611 = CARTESIAN_POINT('',(60.,14.,32.2));
#5612 = LINE('',#5613,#5614);
#5613 = CARTESIAN_POINT('',(60.,14.,18.1));
#5614 = VECTOR('',#5615,1.);
#5615 = DIRECTION('',(0.,0.,-1.));
#5616 = ORIENTED_EDGE('',*,*,#5617,.T.);
#5617 = EDGE_CURVE('',#5610,#5569,#5618,.T.);
#5618 = LINE('',#5619,#5620);
#5619 = CARTESIAN_POINT('',(60.,11.,32.2));
#5620 = VECTOR('',#5621,1.);
#5621 = DIRECTION('',(0.,1.,0.));
#5622 = ORIENTED_EDGE('',*,*,#5576,.F.);
#5623 = ORIENTED_EDGE('',*,*,#5369,.F.);
#5624 = ORIENTED_EDGE('',*,*,#5625,.F.);
#5625 = EDGE_CURVE('',#5626,#5362,#5628,.T.);
#5626 = VERTEX_POINT('',#5627);
#5627 = CARTESIAN_POINT('',(60.,82.,4.));
#5628 = LINE('',#5629,#5630);
#5629 = CARTESIAN_POINT('',(60.,82.,4.));
#5630 = VECTOR('',#5631,1.);
#5631 = DIRECTION('',(0.,0.,1.));
#5632 = ORIENTED_EDGE('',*,*,#5633,.F.);
#5633 = EDGE_CURVE('',#5634,#5626,#5636,.T.);
#5634 = VERTEX_POINT('',#5635);
#5635 = CARTESIAN_POINT('',(60.,65.,4.));
#5636 = LINE('',#5637,#5638);
#5637 = CARTESIAN_POINT('',(60.,8.,4.));
#5638 = VECTOR('',#5639,1.);
#5639 = DIRECTION('',(0.,1.,0.));
#5640 = ORIENTED_EDGE('',*,*,#5641,.F.);
#5641 = EDGE_CURVE('',#5642,#5634,#5644,.T.);
#5642 = VERTEX_POINT('',#5643);
#5643 = CARTESIAN_POINT('',(60.,65.,10.5));
#5644 = LINE('',#5645,#5646);
#5645 = CARTESIAN_POINT('',(60.,65.,4.));
#5646 = VECTOR('',#5647,1.);
#5647 = DIRECTION('',(0.,0.,-1.));
#5648 = ORIENTED_EDGE('',*,*,#5649,.F.);
#5649 = EDGE_CURVE('',#5650,#5642,#5652,.T.);
#5650 = VERTEX_POINT('',#5651);
#5651 = CARTESIAN_POINT('',(60.,54.,10.5));
#5652 = LINE('',#5653,#5654);
#5653 = CARTESIAN_POINT('',(60.,31.,10.5));
#5654 = VECTOR('',#5655,1.);
#5655 = DIRECTION('',(0.,1.,0.));
#5656 = ORIENTED_EDGE('',*,*,#5657,.T.);
#5657 = EDGE_CURVE('',#5650,#5595,#5658,.T.);
#5658 = LINE('',#5659,#5660);
#5659 = CARTESIAN_POINT('',(60.,54.,4.));
#5660 = VECTOR('',#5661,1.);
#5661 = DIRECTION('',(0.,0.,-1.));
#5662 = PLANE('',#5663);
#5663 = AXIS2_PLACEMENT_3D('',#5664,#5665,#5666);
#5664 = CARTESIAN_POINT('',(60.,8.,4.));
#5665 = DIRECTION('',(-1.,0.,0.));
#5666 = DIRECTION('',(0.,1.,0.));
#5667 = ADVANCED_FACE('',(#5668),#5686,.T.);
#5668 = FACE_BOUND('',#5669,.T.);
#5669 = EDGE_LOOP('',(#5670,#5678,#5679,#5680));
#5670 = ORIENTED_EDGE('',*,*,#5671,.F.);
#5671 = EDGE_CURVE('',#5626,#5672,#5674,.T.);
#5672 = VERTEX_POINT('',#5673);
#5673 = CARTESIAN_POINT('',(54.,88.,4.));
#5674 = LINE('',#5675,#5676);
#5675 = CARTESIAN_POINT('',(60.,82.,4.));
#5676 = VECTOR('',#5677,1.);
#5677 = DIRECTION('',(-0.707106781187,0.707106781187,0.));
#5678 = ORIENTED_EDGE('',*,*,#5625,.T.);
#5679 = ORIENTED_EDGE('',*,*,#5361,.F.);
#5680 = ORIENTED_EDGE('',*,*,#5681,.F.);
#5681 = EDGE_CURVE('',#5672,#5354,#5682,.T.);
#5682 = LINE('',#5683,#5684);
#5683 = CARTESIAN_POINT('',(54.,88.,4.));
#5684 = VECTOR('',#5685,1.);
#5685 = DIRECTION('',(0.,0.,1.));
#5686 = PLANE('',#5687);
#5687 = AXIS2_PLACEMENT_3D('',#5688,#5689,#5690);
#5688 = CARTESIAN_POINT('',(60.,82.,4.));
#5689 = DIRECTION('',(-0.707106781187,-0.707106781187,0.));
#5690 = DIRECTION('',(-0.707106781187,0.707106781187,0.));
#5691 = ADVANCED_FACE('',(#5692),#5710,.T.);
#5692 = FACE_BOUND('',#5693,.T.);
#5693 = EDGE_LOOP('',(#5694,#5702,#5703,#5704));
#5694 = ORIENTED_EDGE('',*,*,#5695,.F.);
#5695 = EDGE_CURVE('',#5672,#5696,#5698,.T.);
#5696 = VERTEX_POINT('',#5697);
#5697 = CARTESIAN_POINT('',(8.,88.,4.));
#5698 = LINE('',#5699,#5700);
#5699 = CARTESIAN_POINT('',(54.,88.,4.));
#5700 = VECTOR('',#5701,1.);
#5701 = DIRECTION('',(-1.,0.,0.));
#5702 = ORIENTED_EDGE('',*,*,#5681,.T.);
#5703 = ORIENTED_EDGE('',*,*,#5353,.F.);
#5704 = ORIENTED_EDGE('',*,*,#5705,.F.);
#5705 = EDGE_CURVE('',#5696,#5346,#5706,.T.);
#5706 = LINE('',#5707,#5708);
#5707 = CARTESIAN_POINT('',(8.,88.,4.));
#5708 = VECTOR('',#5709,1.);
#5709 = DIRECTION('',(0.,0.,1.));
#5710 = PLANE('',#5711);
#5711 = AXIS2_PLACEMENT_3D('',#5712,#5713,#5714);
#5712 = CARTESIAN_POINT('',(54.,88.,4.));
#5713 = DIRECTION('',(0.,-1.,0.));
#5714 = DIRECTION('',(-1.,0.,0.));
#5715 = ADVANCED_FACE('',(#5716),#5734,.T.);
#5716 = FACE_BOUND('',#5717,.T.);
#5717 = EDGE_LOOP('',(#5718,#5726,#5727,#5728));
#5718 = ORIENTED_EDGE('',*,*,#5719,.F.);
#5719 = EDGE_CURVE('',#5696,#5720,#5722,.T.);
#5720 = VERTEX_POINT('',#5721);
#5721 = CARTESIAN_POINT('',(2.,82.,4.));
#5722 = LINE('',#5723,#5724);
#5723 = CARTESIAN_POINT('',(8.,88.,4.));
#5724 = VECTOR('',#5725,1.);
#5725 = DIRECTION('',(-0.707106781187,-0.707106781187,0.));
#5726 = ORIENTED_EDGE('',*,*,#5705,.T.);
#5727 = ORIENTED_EDGE('',*,*,#5345,.F.);
#5728 = ORIENTED_EDGE('',*,*,#5729,.F.);
#5729 = EDGE_CURVE('',#5720,#5338,#5730,.T.);
#5730 = LINE('',#5731,#5732);
#5731 = CARTESIAN_POINT('',(2.,82.,4.));
#5732 = VECTOR('',#5733,1.);
#5733 = DIRECTION('',(0.,0.,1.));
#5734 = PLANE('',#5735);
#5735 = AXIS2_PLACEMENT_3D('',#5736,#5737,#5738);
#5736 = CARTESIAN_POINT('',(8.,88.,4.));
#5737 = DIRECTION('',(0.707106781187,-0.707106781187,0.));
#5738 = DIRECTION('',(-0.707106781187,-0.707106781187,0.));
#5739 = ADVANCED_FACE('',(#5740),#5758,.T.);
#5740 = FACE_BOUND('',#5741,.T.);
#5741 = EDGE_LOOP('',(#5742,#5750,#5751,#5752));
#5742 = ORIENTED_EDGE('',*,*,#5743,.F.);
#5743 = EDGE_CURVE('',#5720,#5744,#5746,.T.);
#5744 = VERTEX_POINT('',#5745);
#5745 = CARTESIAN_POINT('',(2.,8.,4.));
#5746 = LINE('',#5747,#5748);
#5747 = CARTESIAN_POINT('',(2.,82.,4.));
#5748 = VECTOR('',#5749,1.);
#5749 = DIRECTION('',(0.,-1.,0.));
#5750 = ORIENTED_EDGE('',*,*,#5729,.T.);
#5751 = ORIENTED_EDGE('',*,*,#5337,.F.);
#5752 = ORIENTED_EDGE('',*,*,#5753,.F.);
#5753 = EDGE_CURVE('',#5744,#5330,#5754,.T.);
#5754 = LINE('',#5755,#5756);
#5755 = CARTESIAN_POINT('',(2.,8.,4.));
#5756 = VECTOR('',#5757,1.);
#5757 = DIRECTION('',(0.,0.,1.));
#5758 = PLANE('',#5759);
#5759 = AXIS2_PLACEMENT_3D('',#5760,#5761,#5762);
#5760 = CARTESIAN_POINT('',(2.,82.,4.));
#5761 = DIRECTION('',(1.,0.,0.));
#5762 = DIRECTION('',(0.,-1.,0.));
#5763 = ADVANCED_FACE('',(#5764),#5782,.T.);
#5764 = FACE_BOUND('',#5765,.T.);
#5765 = EDGE_LOOP('',(#5766,#5774,#5775,#5776));
#5766 = ORIENTED_EDGE('',*,*,#5767,.F.);
#5767 = EDGE_CURVE('',#5744,#5768,#5770,.T.);
#5768 = VERTEX_POINT('',#5769);
#5769 = CARTESIAN_POINT('',(8.,2.,4.));
#5770 = LINE('',#5771,#5772);
#5771 = CARTESIAN_POINT('',(2.,8.,4.));
#5772 = VECTOR('',#5773,1.);
#5773 = DIRECTION('',(0.707106781187,-0.707106781187,0.));
#5774 = ORIENTED_EDGE('',*,*,#5753,.T.);
#5775 = ORIENTED_EDGE('',*,*,#5329,.F.);
#5776 = ORIENTED_EDGE('',*,*,#5777,.F.);
#5777 = EDGE_CURVE('',#5768,#5322,#5778,.T.);
#5778 = LINE('',#5779,#5780);
#5779 = CARTESIAN_POINT('',(8.,2.,4.));
#5780 = VECTOR('',#5781,1.);
#5781 = DIRECTION('',(0.,0.,1.));
#5782 = PLANE('',#5783);
#5783 = AXIS2_PLACEMENT_3D('',#5784,#5785,#5786);
#5784 = CARTESIAN_POINT('',(2.,8.,4.));
#5785 = DIRECTION('',(0.707106781187,0.707106781187,0.));
#5786 = DIRECTION('',(0.707106781187,-0.707106781187,0.));
#5787 = ADVANCED_FACE('',(#5788),#5806,.T.);
#5788 = FACE_BOUND('',#5789,.T.);
#5789 = EDGE_LOOP('',(#5790,#5798,#5799,#5800));
#5790 = ORIENTED_EDGE('',*,*,#5791,.F.);
#5791 = EDGE_CURVE('',#5768,#5792,#5794,.T.);
#5792 = VERTEX_POINT('',#5793);
#5793 = CARTESIAN_POINT('',(54.,2.,4.));
#5794 = LINE('',#5795,#5796);
#5795 = CARTESIAN_POINT('',(8.,2.,4.));
#5796 = VECTOR('',#5797,1.);
#5797 = DIRECTION('',(1.,0.,0.));
#5798 = ORIENTED_EDGE('',*,*,#5777,.T.);
#5799 = ORIENTED_EDGE('',*,*,#5321,.F.);
#5800 = ORIENTED_EDGE('',*,*,#5801,.F.);
#5801 = EDGE_CURVE('',#5792,#5314,#5802,.T.);
#5802 = LINE('',#5803,#5804);
#5803 = CARTESIAN_POINT('',(54.,2.,4.));
#5804 = VECTOR('',#5805,1.);
#5805 = DIRECTION('',(0.,0.,1.));
#5806 = PLANE('',#5807);
#5807 = AXIS2_PLACEMENT_3D('',#5808,#5809,#5810);
#5808 = CARTESIAN_POINT('',(8.,2.,4.));
#5809 = DIRECTION('',(0.,1.,0.));
#5810 = DIRECTION('',(1.,0.,0.));
#5811 = ADVANCED_FACE('',(#5812),#5823,.T.);
#5812 = FACE_BOUND('',#5813,.T.);
#5813 = EDGE_LOOP('',(#5814,#5820,#5821,#5822));
#5814 = ORIENTED_EDGE('',*,*,#5815,.F.);
#5815 = EDGE_CURVE('',#5792,#5593,#5816,.T.);
#5816 = LINE('',#5817,#5818);
#5817 = CARTESIAN_POINT('',(54.,2.,4.));
#5818 = VECTOR('',#5819,1.);
#5819 = DIRECTION('',(0.707106781187,0.707106781187,0.));
#5820 = ORIENTED_EDGE('',*,*,#5801,.T.);
#5821 = ORIENTED_EDGE('',*,*,#5313,.F.);
#5822 = ORIENTED_EDGE('',*,*,#5602,.F.);
#5823 = PLANE('',#5824);
#5824 = AXIS2_PLACEMENT_3D('',#5825,#5826,#5827);
#5825 = CARTESIAN_POINT('',(54.,2.,4.));
#5826 = DIRECTION('',(-0.707106781187,0.707106781187,0.));
#5827 = DIRECTION('',(0.707106781187,0.707106781187,0.));
#5828 = ADVANCED_FACE('',(#5829),#5840,.T.);
#5829 = FACE_BOUND('',#5830,.T.);
#5830 = EDGE_LOOP('',(#5831,#5837,#5838,#5839));
#5831 = ORIENTED_EDGE('',*,*,#5832,.F.);
#5832 = EDGE_CURVE('',#5610,#5452,#5833,.T.);
#5833 = LINE('',#5834,#5835);
#5834 = CARTESIAN_POINT('',(59.,14.,32.2));
#5835 = VECTOR('',#5836,1.);
#5836 = DIRECTION('',(1.,0.,0.));
#5837 = ORIENTED_EDGE('',*,*,#5609,.F.);
#5838 = ORIENTED_EDGE('',*,*,#5297,.F.);
#5839 = ORIENTED_EDGE('',*,*,#5451,.T.);
#5840 = PLANE('',#5841);
#5841 = AXIS2_PLACEMENT_3D('',#5842,#5843,#5844);
#5842 = CARTESIAN_POINT('',(59.,14.,32.2));
#5843 = DIRECTION('',(0.,1.,0.));
#5844 = DIRECTION('',(0.,0.,1.));
#5845 = ADVANCED_FACE('',(#5846),#5852,.T.);
#5846 = FACE_BOUND('',#5847,.T.);
#5847 = EDGE_LOOP('',(#5848,#5849,#5850,#5851));
#5848 = ORIENTED_EDGE('',*,*,#5568,.F.);
#5849 = ORIENTED_EDGE('',*,*,#5617,.F.);
#5850 = ORIENTED_EDGE('',*,*,#5832,.T.);
#5851 = ORIENTED_EDGE('',*,*,#5459,.T.);
#5852 = PLANE('',#5853);
#5853 = AXIS2_PLACEMENT_3D('',#5854,#5855,#5856);
#5854 = CARTESIAN_POINT('',(59.,14.,32.2));
#5855 = DIRECTION('',(0.,0.,1.));
#5856 = DIRECTION('',(1.,0.,0.));
#5857 = ADVANCED_FACE('',(#5858),#5874,.F.);
#5858 = FACE_BOUND('',#5859,.F.);
#5859 = EDGE_LOOP('',(#5860,#5866,#5867,#5873));
#5860 = ORIENTED_EDGE('',*,*,#5861,.F.);
#5861 = EDGE_CURVE('',#5642,#5485,#5862,.T.);
#5862 = LINE('',#5863,#5864);
#5863 = CARTESIAN_POINT('',(59.,65.,10.5));
#5864 = VECTOR('',#5865,1.);
#5865 = DIRECTION('',(1.,0.,0.));
#5866 = ORIENTED_EDGE('',*,*,#5649,.F.);
#5867 = ORIENTED_EDGE('',*,*,#5868,.T.);
#5868 = EDGE_CURVE('',#5650,#5483,#5869,.T.);
#5869 = LINE('',#5870,#5871);
#5870 = CARTESIAN_POINT('',(59.,54.,10.5));
#5871 = VECTOR('',#5872,1.);
#5872 = DIRECTION('',(1.,0.,0.));
#5873 = ORIENTED_EDGE('',*,*,#5482,.T.);
#5874 = PLANE('',#5875);
#5875 = AXIS2_PLACEMENT_3D('',#5876,#5877,#5878);
#5876 = CARTESIAN_POINT('',(59.,54.,10.5));
#5877 = DIRECTION('',(0.,0.,1.));
#5878 = DIRECTION('',(1.,0.,0.));
#5879 = ADVANCED_FACE('',(#5880),#5891,.T.);
#5880 = FACE_BOUND('',#5881,.T.);
#5881 = EDGE_LOOP('',(#5882,#5888,#5889,#5890));
#5882 = ORIENTED_EDGE('',*,*,#5883,.F.);
#5883 = EDGE_CURVE('',#5595,#5493,#5884,.T.);
#5884 = LINE('',#5885,#5886);
#5885 = CARTESIAN_POINT('',(59.,54.,4.));
#5886 = VECTOR('',#5887,1.);
#5887 = DIRECTION('',(1.,0.,0.));
#5888 = ORIENTED_EDGE('',*,*,#5657,.F.);
#5889 = ORIENTED_EDGE('',*,*,#5868,.T.);
#5890 = ORIENTED_EDGE('',*,*,#5492,.T.);
#5891 = PLANE('',#5892);
#5892 = AXIS2_PLACEMENT_3D('',#5893,#5894,#5895);
#5893 = CARTESIAN_POINT('',(59.,54.,4.));
#5894 = DIRECTION('',(0.,1.,0.));
#5895 = DIRECTION('',(0.,0.,1.));
#5896 = ADVANCED_FACE('',(#5897),#5908,.F.);
#5897 = FACE_BOUND('',#5898,.F.);
#5898 = EDGE_LOOP('',(#5899,#5905,#5906,#5907));
#5899 = ORIENTED_EDGE('',*,*,#5900,.F.);
#5900 = EDGE_CURVE('',#5634,#5501,#5901,.T.);
#5901 = LINE('',#5902,#5903);
#5902 = CARTESIAN_POINT('',(59.,65.,4.));
#5903 = VECTOR('',#5904,1.);
#5904 = DIRECTION('',(1.,0.,0.));
#5905 = ORIENTED_EDGE('',*,*,#5641,.F.);
#5906 = ORIENTED_EDGE('',*,*,#5861,.T.);
#5907 = ORIENTED_EDGE('',*,*,#5508,.T.);
#5908 = PLANE('',#5909);
#5909 = AXIS2_PLACEMENT_3D('',#5910,#5911,#5912);
#5910 = CARTESIAN_POINT('',(59.,65.,4.));
#5911 = DIRECTION('',(0.,1.,0.));
#5912 = DIRECTION('',(0.,0.,1.));
#5913 = ADVANCED_FACE('',(#5914),#5925,.T.);
#5914 = FACE_BOUND('',#5915,.T.);
#5915 = EDGE_LOOP('',(#5916,#5922,#5923,#5924));
#5916 = ORIENTED_EDGE('',*,*,#5917,.F.);
#5917 = EDGE_CURVE('',#5595,#5634,#5918,.T.);
#5918 = LINE('',#5919,#5920);
#5919 = CARTESIAN_POINT('',(60.,8.,4.));
#5920 = VECTOR('',#5921,1.);
#5921 = DIRECTION('',(0.,1.,0.));
#5922 = ORIENTED_EDGE('',*,*,#5883,.T.);
#5923 = ORIENTED_EDGE('',*,*,#5500,.T.);
#5924 = ORIENTED_EDGE('',*,*,#5900,.F.);
#5925 = PLANE('',#5926);
#5926 = AXIS2_PLACEMENT_3D('',#5927,#5928,#5929);
#5927 = CARTESIAN_POINT('',(59.,54.,4.));
#5928 = DIRECTION('',(0.,0.,1.));
#5929 = DIRECTION('',(1.,0.,0.));
#5930 = ADVANCED_FACE('',(#5931),#5964,.T.);
#5931 = FACE_BOUND('',#5932,.T.);
#5932 = EDGE_LOOP('',(#5933,#5934,#5935,#5936,#5937,#5945,#5953,#5959,
    #5960,#5961,#5962,#5963));
#5933 = ORIENTED_EDGE('',*,*,#5767,.T.);
#5934 = ORIENTED_EDGE('',*,*,#5791,.T.);
#5935 = ORIENTED_EDGE('',*,*,#5815,.T.);
#5936 = ORIENTED_EDGE('',*,*,#5592,.T.);
#5937 = ORIENTED_EDGE('',*,*,#5938,.F.);
#5938 = EDGE_CURVE('',#5939,#5595,#5941,.T.);
#5939 = VERTEX_POINT('',#5940);
#5940 = CARTESIAN_POINT('',(59.,54.,4.));
#5941 = LINE('',#5942,#5943);
#5942 = CARTESIAN_POINT('',(59.,54.,4.));
#5943 = VECTOR('',#5944,1.);
#5944 = DIRECTION('',(1.,0.,0.));
#5945 = ORIENTED_EDGE('',*,*,#5946,.T.);
#5946 = EDGE_CURVE('',#5939,#5947,#5949,.T.);
#5947 = VERTEX_POINT('',#5948);
#5948 = CARTESIAN_POINT('',(59.,65.,4.));
#5949 = LINE('',#5950,#5951);
#5950 = CARTESIAN_POINT('',(59.,54.,4.));
#5951 = VECTOR('',#5952,1.);
#5952 = DIRECTION('',(0.,1.,0.));
#5953 = ORIENTED_EDGE('',*,*,#5954,.T.);
#5954 = EDGE_CURVE('',#5947,#5634,#5955,.T.);
#5955 = LINE('',#5956,#5957);
#5956 = CARTESIAN_POINT('',(59.,65.,4.));
#5957 = VECTOR('',#5958,1.);
#5958 = DIRECTION('',(1.,0.,0.));
#5959 = ORIENTED_EDGE('',*,*,#5633,.T.);
#5960 = ORIENTED_EDGE('',*,*,#5671,.T.);
#5961 = ORIENTED_EDGE('',*,*,#5695,.T.);
#5962 = ORIENTED_EDGE('',*,*,#5719,.T.);
#5963 = ORIENTED_EDGE('',*,*,#5743,.T.);
#5964 = PLANE('',#5965);
#5965 = AXIS2_PLACEMENT_3D('',#5966,#5967,#5968);
#5966 = CARTESIAN_POINT('',(31.,45.,4.));
#5967 = DIRECTION('',(0.,0.,1.));
#5968 = DIRECTION('',(1.,0.,0.));
#5969 = ADVANCED_FACE('',(#5970),#5976,.T.);
#5970 = FACE_BOUND('',#5971,.T.);
#5971 = EDGE_LOOP('',(#5972,#5973,#5974,#5975));
#5972 = ORIENTED_EDGE('',*,*,#5938,.T.);
#5973 = ORIENTED_EDGE('',*,*,#5917,.T.);
#5974 = ORIENTED_EDGE('',*,*,#5954,.F.);
#5975 = ORIENTED_EDGE('',*,*,#5946,.F.);
#5976 = PLANE('',#5977);
#5977 = AXIS2_PLACEMENT_3D('',#5978,#5979,#5980);
#5978 = CARTESIAN_POINT('',(31.,45.,4.));
#5979 = DIRECTION('',(0.,0.,1.));
#5980 = DIRECTION('',(1.,0.,0.));
#5981 = MANIFOLD_SOLID_BREP('',#5982);
#5982 = CLOSED_SHELL('',(#5983,#6023,#6054,#6085,#6116,#6147,#6178,#6209
    ,#6231,#6247));
#5983 = ADVANCED_FACE('',(#5984),#6018,.F.);
#5984 = FACE_BOUND('',#5985,.F.);
#5985 = EDGE_LOOP('',(#5986,#5996,#6004,#6012));
#5986 = ORIENTED_EDGE('',*,*,#5987,.T.);
#5987 = EDGE_CURVE('',#5988,#5990,#5992,.T.);
#5988 = VERTEX_POINT('',#5989);
#5989 = CARTESIAN_POINT('',(8.,0.,0.));
#5990 = VERTEX_POINT('',#5991);
#5991 = CARTESIAN_POINT('',(8.,0.,2.));
#5992 = LINE('',#5993,#5994);
#5993 = CARTESIAN_POINT('',(8.,0.,0.));
#5994 = VECTOR('',#5995,1.);
#5995 = DIRECTION('',(0.,0.,1.));
#5996 = ORIENTED_EDGE('',*,*,#5997,.T.);
#5997 = EDGE_CURVE('',#5990,#5998,#6000,.T.);
#5998 = VERTEX_POINT('',#5999);
#5999 = CARTESIAN_POINT('',(54.,0.,2.));
#6000 = LINE('',#6001,#6002);
#6001 = CARTESIAN_POINT('',(8.,0.,2.));
#6002 = VECTOR('',#6003,1.);
#6003 = DIRECTION('',(1.,0.,0.));
#6004 = ORIENTED_EDGE('',*,*,#6005,.F.);
#6005 = EDGE_CURVE('',#6006,#5998,#6008,.T.);
#6006 = VERTEX_POINT('',#6007);
#6007 = CARTESIAN_POINT('',(54.,0.,0.));
#6008 = LINE('',#6009,#6010);
#6009 = CARTESIAN_POINT('',(54.,0.,0.));
#6010 = VECTOR('',#6011,1.);
#6011 = DIRECTION('',(0.,0.,1.));
#6012 = ORIENTED_EDGE('',*,*,#6013,.F.);
#6013 = EDGE_CURVE('',#5988,#6006,#6014,.T.);
#6014 = LINE('',#6015,#6016);
#6015 = CARTESIAN_POINT('',(8.,0.,0.));
#6016 = VECTOR('',#6017,1.);
#6017 = DIRECTION('',(1.,0.,0.));
#6018 = PLANE('',#6019);
#6019 = AXIS2_PLACEMENT_3D('',#6020,#6021,#6022);
#6020 = CARTESIAN_POINT('',(8.,0.,0.));
#6021 = DIRECTION('',(0.,1.,0.));
#6022 = DIRECTION('',(1.,0.,0.));
#6023 = ADVANCED_FACE('',(#6024),#6049,.F.);
#6024 = FACE_BOUND('',#6025,.F.);
#6025 = EDGE_LOOP('',(#6026,#6027,#6035,#6043));
#6026 = ORIENTED_EDGE('',*,*,#6005,.T.);
#6027 = ORIENTED_EDGE('',*,*,#6028,.T.);
#6028 = EDGE_CURVE('',#5998,#6029,#6031,.T.);
#6029 = VERTEX_POINT('',#6030);
#6030 = CARTESIAN_POINT('',(62.,8.,2.));
#6031 = LINE('',#6032,#6033);
#6032 = CARTESIAN_POINT('',(54.,0.,2.));
#6033 = VECTOR('',#6034,1.);
#6034 = DIRECTION('',(0.707106781187,0.707106781187,0.));
#6035 = ORIENTED_EDGE('',*,*,#6036,.F.);
#6036 = EDGE_CURVE('',#6037,#6029,#6039,.T.);
#6037 = VERTEX_POINT('',#6038);
#6038 = CARTESIAN_POINT('',(62.,8.,0.));
#6039 = LINE('',#6040,#6041);
#6040 = CARTESIAN_POINT('',(62.,8.,0.));
#6041 = VECTOR('',#6042,1.);
#6042 = DIRECTION('',(0.,0.,1.));
#6043 = ORIENTED_EDGE('',*,*,#6044,.F.);
#6044 = EDGE_CURVE('',#6006,#6037,#6045,.T.);
#6045 = LINE('',#6046,#6047);
#6046 = CARTESIAN_POINT('',(54.,0.,0.));
#6047 = VECTOR('',#6048,1.);
#6048 = DIRECTION('',(0.707106781187,0.707106781187,0.));
#6049 = PLANE('',#6050);
#6050 = AXIS2_PLACEMENT_3D('',#6051,#6052,#6053);
#6051 = CARTESIAN_POINT('',(54.,0.,0.));
#6052 = DIRECTION('',(-0.707106781187,0.707106781187,0.));
#6053 = DIRECTION('',(0.707106781187,0.707106781187,0.));
#6054 = ADVANCED_FACE('',(#6055),#6080,.F.);
#6055 = FACE_BOUND('',#6056,.F.);
#6056 = EDGE_LOOP('',(#6057,#6058,#6066,#6074));
#6057 = ORIENTED_EDGE('',*,*,#6036,.T.);
#6058 = ORIENTED_EDGE('',*,*,#6059,.T.);
#6059 = EDGE_CURVE('',#6029,#6060,#6062,.T.);
#6060 = VERTEX_POINT('',#6061);
#6061 = CARTESIAN_POINT('',(62.,82.,2.));
#6062 = LINE('',#6063,#6064);
#6063 = CARTESIAN_POINT('',(62.,8.,2.));
#6064 = VECTOR('',#6065,1.);
#6065 = DIRECTION('',(0.,1.,0.));
#6066 = ORIENTED_EDGE('',*,*,#6067,.F.);
#6067 = EDGE_CURVE('',#6068,#6060,#6070,.T.);
#6068 = VERTEX_POINT('',#6069);
#6069 = CARTESIAN_POINT('',(62.,82.,0.));
#6070 = LINE('',#6071,#6072);
#6071 = CARTESIAN_POINT('',(62.,82.,0.));
#6072 = VECTOR('',#6073,1.);
#6073 = DIRECTION('',(0.,0.,1.));
#6074 = ORIENTED_EDGE('',*,*,#6075,.F.);
#6075 = EDGE_CURVE('',#6037,#6068,#6076,.T.);
#6076 = LINE('',#6077,#6078);
#6077 = CARTESIAN_POINT('',(62.,8.,0.));
#6078 = VECTOR('',#6079,1.);
#6079 = DIRECTION('',(0.,1.,0.));
#6080 = PLANE('',#6081);
#6081 = AXIS2_PLACEMENT_3D('',#6082,#6083,#6084);
#6082 = CARTESIAN_POINT('',(62.,8.,0.));
#6083 = DIRECTION('',(-1.,0.,0.));
#6084 = DIRECTION('',(0.,1.,0.));
#6085 = ADVANCED_FACE('',(#6086),#6111,.F.);
#6086 = FACE_BOUND('',#6087,.F.);
#6087 = EDGE_LOOP('',(#6088,#6089,#6097,#6105));
#6088 = ORIENTED_EDGE('',*,*,#6067,.T.);
#6089 = ORIENTED_EDGE('',*,*,#6090,.T.);
#6090 = EDGE_CURVE('',#6060,#6091,#6093,.T.);
#6091 = VERTEX_POINT('',#6092);
#6092 = CARTESIAN_POINT('',(54.,90.,2.));
#6093 = LINE('',#6094,#6095);
#6094 = CARTESIAN_POINT('',(62.,82.,2.));
#6095 = VECTOR('',#6096,1.);
#6096 = DIRECTION('',(-0.707106781187,0.707106781187,0.));
#6097 = ORIENTED_EDGE('',*,*,#6098,.F.);
#6098 = EDGE_CURVE('',#6099,#6091,#6101,.T.);
#6099 = VERTEX_POINT('',#6100);
#6100 = CARTESIAN_POINT('',(54.,90.,0.));
#6101 = LINE('',#6102,#6103);
#6102 = CARTESIAN_POINT('',(54.,90.,0.));
#6103 = VECTOR('',#6104,1.);
#6104 = DIRECTION('',(0.,0.,1.));
#6105 = ORIENTED_EDGE('',*,*,#6106,.F.);
#6106 = EDGE_CURVE('',#6068,#6099,#6107,.T.);
#6107 = LINE('',#6108,#6109);
#6108 = CARTESIAN_POINT('',(62.,82.,0.));
#6109 = VECTOR('',#6110,1.);
#6110 = DIRECTION('',(-0.707106781187,0.707106781187,0.));
#6111 = PLANE('',#6112);
#6112 = AXIS2_PLACEMENT_3D('',#6113,#6114,#6115);
#6113 = CARTESIAN_POINT('',(62.,82.,0.));
#6114 = DIRECTION('',(-0.707106781187,-0.707106781187,0.));
#6115 = DIRECTION('',(-0.707106781187,0.707106781187,0.));
#6116 = ADVANCED_FACE('',(#6117),#6142,.F.);
#6117 = FACE_BOUND('',#6118,.F.);
#6118 = EDGE_LOOP('',(#6119,#6120,#6128,#6136));
#6119 = ORIENTED_EDGE('',*,*,#6098,.T.);
#6120 = ORIENTED_EDGE('',*,*,#6121,.T.);
#6121 = EDGE_CURVE('',#6091,#6122,#6124,.T.);
#6122 = VERTEX_POINT('',#6123);
#6123 = CARTESIAN_POINT('',(8.,90.,2.));
#6124 = LINE('',#6125,#6126);
#6125 = CARTESIAN_POINT('',(54.,90.,2.));
#6126 = VECTOR('',#6127,1.);
#6127 = DIRECTION('',(-1.,0.,0.));
#6128 = ORIENTED_EDGE('',*,*,#6129,.F.);
#6129 = EDGE_CURVE('',#6130,#6122,#6132,.T.);
#6130 = VERTEX_POINT('',#6131);
#6131 = CARTESIAN_POINT('',(8.,90.,0.));
#6132 = LINE('',#6133,#6134);
#6133 = CARTESIAN_POINT('',(8.,90.,0.));
#6134 = VECTOR('',#6135,1.);
#6135 = DIRECTION('',(0.,0.,1.));
#6136 = ORIENTED_EDGE('',*,*,#6137,.F.);
#6137 = EDGE_CURVE('',#6099,#6130,#6138,.T.);
#6138 = LINE('',#6139,#6140);
#6139 = CARTESIAN_POINT('',(54.,90.,0.));
#6140 = VECTOR('',#6141,1.);
#6141 = DIRECTION('',(-1.,0.,0.));
#6142 = PLANE('',#6143);
#6143 = AXIS2_PLACEMENT_3D('',#6144,#6145,#6146);
#6144 = CARTESIAN_POINT('',(54.,90.,0.));
#6145 = DIRECTION('',(0.,-1.,0.));
#6146 = DIRECTION('',(-1.,0.,0.));
#6147 = ADVANCED_FACE('',(#6148),#6173,.F.);
#6148 = FACE_BOUND('',#6149,.F.);
#6149 = EDGE_LOOP('',(#6150,#6151,#6159,#6167));
#6150 = ORIENTED_EDGE('',*,*,#6129,.T.);
#6151 = ORIENTED_EDGE('',*,*,#6152,.T.);
#6152 = EDGE_CURVE('',#6122,#6153,#6155,.T.);
#6153 = VERTEX_POINT('',#6154);
#6154 = CARTESIAN_POINT('',(0.,82.,2.));
#6155 = LINE('',#6156,#6157);
#6156 = CARTESIAN_POINT('',(8.,90.,2.));
#6157 = VECTOR('',#6158,1.);
#6158 = DIRECTION('',(-0.707106781187,-0.707106781187,0.));
#6159 = ORIENTED_EDGE('',*,*,#6160,.F.);
#6160 = EDGE_CURVE('',#6161,#6153,#6163,.T.);
#6161 = VERTEX_POINT('',#6162);
#6162 = CARTESIAN_POINT('',(0.,82.,0.));
#6163 = LINE('',#6164,#6165);
#6164 = CARTESIAN_POINT('',(0.,82.,0.));
#6165 = VECTOR('',#6166,1.);
#6166 = DIRECTION('',(0.,0.,1.));
#6167 = ORIENTED_EDGE('',*,*,#6168,.F.);
#6168 = EDGE_CURVE('',#6130,#6161,#6169,.T.);
#6169 = LINE('',#6170,#6171);
#6170 = CARTESIAN_POINT('',(8.,90.,0.));
#6171 = VECTOR('',#6172,1.);
#6172 = DIRECTION('',(-0.707106781187,-0.707106781187,0.));
#6173 = PLANE('',#6174);
#6174 = AXIS2_PLACEMENT_3D('',#6175,#6176,#6177);
#6175 = CARTESIAN_POINT('',(8.,90.,0.));
#6176 = DIRECTION('',(0.707106781187,-0.707106781187,0.));
#6177 = DIRECTION('',(-0.707106781187,-0.707106781187,0.));
#6178 = ADVANCED_FACE('',(#6179),#6204,.F.);
#6179 = FACE_BOUND('',#6180,.F.);
#6180 = EDGE_LOOP('',(#6181,#6182,#6190,#6198));
#6181 = ORIENTED_EDGE('',*,*,#6160,.T.);
#6182 = ORIENTED_EDGE('',*,*,#6183,.T.);
#6183 = EDGE_CURVE('',#6153,#6184,#6186,.T.);
#6184 = VERTEX_POINT('',#6185);
#6185 = CARTESIAN_POINT('',(0.,8.,2.));
#6186 = LINE('',#6187,#6188);
#6187 = CARTESIAN_POINT('',(0.,82.,2.));
#6188 = VECTOR('',#6189,1.);
#6189 = DIRECTION('',(0.,-1.,0.));
#6190 = ORIENTED_EDGE('',*,*,#6191,.F.);
#6191 = EDGE_CURVE('',#6192,#6184,#6194,.T.);
#6192 = VERTEX_POINT('',#6193);
#6193 = CARTESIAN_POINT('',(0.,8.,0.));
#6194 = LINE('',#6195,#6196);
#6195 = CARTESIAN_POINT('',(0.,8.,0.));
#6196 = VECTOR('',#6197,1.);
#6197 = DIRECTION('',(0.,0.,1.));
#6198 = ORIENTED_EDGE('',*,*,#6199,.F.);
#6199 = EDGE_CURVE('',#6161,#6192,#6200,.T.);
#6200 = LINE('',#6201,#6202);
#6201 = CARTESIAN_POINT('',(0.,82.,0.));
#6202 = VECTOR('',#6203,1.);
#6203 = DIRECTION('',(0.,-1.,0.));
#6204 = PLANE('',#6205);
#6205 = AXIS2_PLACEMENT_3D('',#6206,#6207,#6208);
#6206 = CARTESIAN_POINT('',(0.,82.,0.));
#6207 = DIRECTION('',(1.,0.,0.));
#6208 = DIRECTION('',(0.,-1.,0.));
#6209 = ADVANCED_FACE('',(#6210),#6226,.F.);
#6210 = FACE_BOUND('',#6211,.F.);
#6211 = EDGE_LOOP('',(#6212,#6213,#6219,#6220));
#6212 = ORIENTED_EDGE('',*,*,#6191,.T.);
#6213 = ORIENTED_EDGE('',*,*,#6214,.T.);
#6214 = EDGE_CURVE('',#6184,#5990,#6215,.T.);
#6215 = LINE('',#6216,#6217);
#6216 = CARTESIAN_POINT('',(0.,8.,2.));
#6217 = VECTOR('',#6218,1.);
#6218 = DIRECTION('',(0.707106781187,-0.707106781187,0.));
#6219 = ORIENTED_EDGE('',*,*,#5987,.F.);
#6220 = ORIENTED_EDGE('',*,*,#6221,.F.);
#6221 = EDGE_CURVE('',#6192,#5988,#6222,.T.);
#6222 = LINE('',#6223,#6224);
#6223 = CARTESIAN_POINT('',(0.,8.,0.));
#6224 = VECTOR('',#6225,1.);
#6225 = DIRECTION('',(0.707106781187,-0.707106781187,0.));
#6226 = PLANE('',#6227);
#6227 = AXIS2_PLACEMENT_3D('',#6228,#6229,#6230);
#6228 = CARTESIAN_POINT('',(0.,8.,0.));
#6229 = DIRECTION('',(0.707106781187,0.707106781187,0.));
#6230 = DIRECTION('',(0.707106781187,-0.707106781187,0.));
#6231 = ADVANCED_FACE('',(#6232),#6242,.F.);
#6232 = FACE_BOUND('',#6233,.F.);
#6233 = EDGE_LOOP('',(#6234,#6235,#6236,#6237,#6238,#6239,#6240,#6241));
#6234 = ORIENTED_EDGE('',*,*,#6013,.T.);
#6235 = ORIENTED_EDGE('',*,*,#6044,.T.);
#6236 = ORIENTED_EDGE('',*,*,#6075,.T.);
#6237 = ORIENTED_EDGE('',*,*,#6106,.T.);
#6238 = ORIENTED_EDGE('',*,*,#6137,.T.);
#6239 = ORIENTED_EDGE('',*,*,#6168,.T.);
#6240 = ORIENTED_EDGE('',*,*,#6199,.T.);
#6241 = ORIENTED_EDGE('',*,*,#6221,.T.);
#6242 = PLANE('',#6243);
#6243 = AXIS2_PLACEMENT_3D('',#6244,#6245,#6246);
#6244 = CARTESIAN_POINT('',(31.,45.,0.));
#6245 = DIRECTION('',(0.,0.,1.));
#6246 = DIRECTION('',(1.,0.,0.));
#6247 = ADVANCED_FACE('',(#6248),#6258,.T.);
#6248 = FACE_BOUND('',#6249,.T.);
#6249 = EDGE_LOOP('',(#6250,#6251,#6252,#6253,#6254,#6255,#6256,#6257));
#6250 = ORIENTED_EDGE('',*,*,#5997,.T.);
#6251 = ORIENTED_EDGE('',*,*,#6028,.T.);
#6252 = ORIENTED_EDGE('',*,*,#6059,.T.);
#6253 = ORIENTED_EDGE('',*,*,#6090,.T.);
#6254 = ORIENTED_EDGE('',*,*,#6121,.T.);
#6255 = ORIENTED_EDGE('',*,*,#6152,.T.);
#6256 = ORIENTED_EDGE('',*,*,#6183,.T.);
#6257 = ORIENTED_EDGE('',*,*,#6214,.T.);
#6258 = PLANE('',#6259);
#6259 = AXIS2_PLACEMENT_3D('',#6260,#6261,#6262);
#6260 = CARTESIAN_POINT('',(31.,45.,2.));
#6261 = DIRECTION('',(0.,0.,1.));
#6262 = DIRECTION('',(1.,0.,0.));
#6263 = MANIFOLD_SOLID_BREP('',#6264);
#6264 = CLOSED_SHELL('',(#6265,#6305,#6336,#6360,#6431,#6448,#6460,#6501
    ,#6512,#6545,#6555,#6564));
#6265 = ADVANCED_FACE('',(#6266),#6300,.F.);
#6266 = FACE_BOUND('',#6267,.F.);
#6267 = EDGE_LOOP('',(#6268,#6278,#6286,#6294));
#6268 = ORIENTED_EDGE('',*,*,#6269,.F.);
#6269 = EDGE_CURVE('',#6270,#6272,#6274,.T.);
#6270 = VERTEX_POINT('',#6271);
#6271 = CARTESIAN_POINT('',(23.,87.,15.));
#6272 = VERTEX_POINT('',#6273);
#6273 = CARTESIAN_POINT('',(23.,87.,23.));
#6274 = LINE('',#6275,#6276);
#6275 = CARTESIAN_POINT('',(23.,87.,15.));
#6276 = VECTOR('',#6277,1.);
#6277 = DIRECTION('',(0.,0.,1.));
#6278 = ORIENTED_EDGE('',*,*,#6279,.T.);
#6279 = EDGE_CURVE('',#6270,#6280,#6282,.T.);
#6280 = VERTEX_POINT('',#6281);
#6281 = CARTESIAN_POINT('',(23.,93.,15.));
#6282 = LINE('',#6283,#6284);
#6283 = CARTESIAN_POINT('',(23.,87.,15.));
#6284 = VECTOR('',#6285,1.);
#6285 = DIRECTION('',(0.,1.,0.));
#6286 = ORIENTED_EDGE('',*,*,#6287,.T.);
#6287 = EDGE_CURVE('',#6280,#6288,#6290,.T.);
#6288 = VERTEX_POINT('',#6289);
#6289 = CARTESIAN_POINT('',(23.,93.,23.));
#6290 = LINE('',#6291,#6292);
#6291 = CARTESIAN_POINT('',(23.,93.,15.));
#6292 = VECTOR('',#6293,1.);
#6293 = DIRECTION('',(0.,0.,1.));
#6294 = ORIENTED_EDGE('',*,*,#6295,.F.);
#6295 = EDGE_CURVE('',#6272,#6288,#6296,.T.);
#6296 = LINE('',#6297,#6298);
#6297 = CARTESIAN_POINT('',(23.,87.,23.));
#6298 = VECTOR('',#6299,1.);
#6299 = DIRECTION('',(0.,1.,0.));
#6300 = PLANE('',#6301);
#6301 = AXIS2_PLACEMENT_3D('',#6302,#6303,#6304);
#6302 = CARTESIAN_POINT('',(23.,87.,15.));
#6303 = DIRECTION('',(1.,0.,0.));
#6304 = DIRECTION('',(0.,0.,1.));
#6305 = ADVANCED_FACE('',(#6306),#6331,.F.);
#6306 = FACE_BOUND('',#6307,.F.);
#6307 = EDGE_LOOP('',(#6308,#6316,#6317,#6325));
#6308 = ORIENTED_EDGE('',*,*,#6309,.F.);
#6309 = EDGE_CURVE('',#6270,#6310,#6312,.T.);
#6310 = VERTEX_POINT('',#6311);
#6311 = CARTESIAN_POINT('',(39.,87.,15.));
#6312 = LINE('',#6313,#6314);
#6313 = CARTESIAN_POINT('',(23.,87.,15.));
#6314 = VECTOR('',#6315,1.);
#6315 = DIRECTION('',(1.,0.,0.));
#6316 = ORIENTED_EDGE('',*,*,#6269,.T.);
#6317 = ORIENTED_EDGE('',*,*,#6318,.T.);
#6318 = EDGE_CURVE('',#6272,#6319,#6321,.T.);
#6319 = VERTEX_POINT('',#6320);
#6320 = CARTESIAN_POINT('',(39.,87.,23.));
#6321 = LINE('',#6322,#6323);
#6322 = CARTESIAN_POINT('',(23.,87.,23.));
#6323 = VECTOR('',#6324,1.);
#6324 = DIRECTION('',(1.,0.,0.));
#6325 = ORIENTED_EDGE('',*,*,#6326,.F.);
#6326 = EDGE_CURVE('',#6310,#6319,#6327,.T.);
#6327 = LINE('',#6328,#6329);
#6328 = CARTESIAN_POINT('',(39.,87.,15.));
#6329 = VECTOR('',#6330,1.);
#6330 = DIRECTION('',(0.,0.,1.));
#6331 = PLANE('',#6332);
#6332 = AXIS2_PLACEMENT_3D('',#6333,#6334,#6335);
#6333 = CARTESIAN_POINT('',(23.,87.,15.));
#6334 = DIRECTION('',(0.,1.,0.));
#6335 = DIRECTION('',(0.,0.,1.));
#6336 = ADVANCED_FACE('',(#6337),#6355,.T.);
#6337 = FACE_BOUND('',#6338,.T.);
#6338 = EDGE_LOOP('',(#6339,#6340,#6341,#6349));
#6339 = ORIENTED_EDGE('',*,*,#6295,.F.);
#6340 = ORIENTED_EDGE('',*,*,#6318,.T.);
#6341 = ORIENTED_EDGE('',*,*,#6342,.T.);
#6342 = EDGE_CURVE('',#6319,#6343,#6345,.T.);
#6343 = VERTEX_POINT('',#6344);
#6344 = CARTESIAN_POINT('',(39.,93.,23.));
#6345 = LINE('',#6346,#6347);
#6346 = CARTESIAN_POINT('',(39.,87.,23.));
#6347 = VECTOR('',#6348,1.);
#6348 = DIRECTION('',(0.,1.,0.));
#6349 = ORIENTED_EDGE('',*,*,#6350,.F.);
#6350 = EDGE_CURVE('',#6288,#6343,#6351,.T.);
#6351 = LINE('',#6352,#6353);
#6352 = CARTESIAN_POINT('',(23.,93.,23.));
#6353 = VECTOR('',#6354,1.);
#6354 = DIRECTION('',(1.,0.,0.));
#6355 = PLANE('',#6356);
#6356 = AXIS2_PLACEMENT_3D('',#6357,#6358,#6359);
#6357 = CARTESIAN_POINT('',(23.,87.,23.));
#6358 = DIRECTION('',(0.,0.,1.));
#6359 = DIRECTION('',(1.,0.,0.));
#6360 = ADVANCED_FACE('',(#6361,#6379,#6398),#6426,.T.);
#6361 = FACE_BOUND('',#6362,.T.);
#6362 = EDGE_LOOP('',(#6363,#6371,#6372,#6373));
#6363 = ORIENTED_EDGE('',*,*,#6364,.F.);
#6364 = EDGE_CURVE('',#6280,#6365,#6367,.T.);
#6365 = VERTEX_POINT('',#6366);
#6366 = CARTESIAN_POINT('',(39.,93.,15.));
#6367 = LINE('',#6368,#6369);
#6368 = CARTESIAN_POINT('',(23.,93.,15.));
#6369 = VECTOR('',#6370,1.);
#6370 = DIRECTION('',(1.,0.,0.));
#6371 = ORIENTED_EDGE('',*,*,#6287,.T.);
#6372 = ORIENTED_EDGE('',*,*,#6350,.T.);
#6373 = ORIENTED_EDGE('',*,*,#6374,.F.);
#6374 = EDGE_CURVE('',#6365,#6343,#6375,.T.);
#6375 = LINE('',#6376,#6377);
#6376 = CARTESIAN_POINT('',(39.,93.,15.));
#6377 = VECTOR('',#6378,1.);
#6378 = DIRECTION('',(0.,0.,1.));
#6379 = FACE_BOUND('',#6380,.T.);
#6380 = EDGE_LOOP('',(#6381,#6392));
#6381 = ORIENTED_EDGE('',*,*,#6382,.F.);
#6382 = EDGE_CURVE('',#6383,#6385,#6387,.T.);
#6383 = VERTEX_POINT('',#6384);
#6384 = CARTESIAN_POINT('',(27.,93.,17.5));
#6385 = VERTEX_POINT('',#6386);
#6386 = CARTESIAN_POINT('',(27.,93.,20.5));
#6387 = ELLIPSE('',#6388,1.566045976337,1.5);
#6388 = AXIS2_PLACEMENT_3D('',#6389,#6390,#6391);
#6389 = CARTESIAN_POINT('',(27.,93.,19.));
#6390 = DIRECTION('',(0.,1.,-0.));
#6391 = DIRECTION('',(-1.,0.,0.));
#6392 = ORIENTED_EDGE('',*,*,#6393,.T.);
#6393 = EDGE_CURVE('',#6383,#6385,#6394,.T.);
#6394 = LINE('',#6395,#6396);
#6395 = CARTESIAN_POINT('',(27.,93.,17.));
#6396 = VECTOR('',#6397,1.);
#6397 = DIRECTION('',(0.,0.,1.));
#6398 = FACE_BOUND('',#6399,.T.);
#6399 = EDGE_LOOP('',(#6400,#6411,#6420));
#6400 = ORIENTED_EDGE('',*,*,#6401,.F.);
#6401 = EDGE_CURVE('',#6402,#6404,#6406,.T.);
#6402 = VERTEX_POINT('',#6403);
#6403 = CARTESIAN_POINT('',(36.566045976337,93.,19.));
#6404 = VERTEX_POINT('',#6405);
#6405 = CARTESIAN_POINT('',(35.,93.,17.5));
#6406 = ELLIPSE('',#6407,1.566045976337,1.5);
#6407 = AXIS2_PLACEMENT_3D('',#6408,#6409,#6410);
#6408 = CARTESIAN_POINT('',(35.,93.,19.));
#6409 = DIRECTION('',(-0.,1.,0.));
#6410 = DIRECTION('',(1.,0.,0.));
#6411 = ORIENTED_EDGE('',*,*,#6412,.F.);
#6412 = EDGE_CURVE('',#6413,#6402,#6415,.T.);
#6413 = VERTEX_POINT('',#6414);
#6414 = CARTESIAN_POINT('',(35.,93.,20.5));
#6415 = ELLIPSE('',#6416,1.566045976337,1.5);
#6416 = AXIS2_PLACEMENT_3D('',#6417,#6418,#6419);
#6417 = CARTESIAN_POINT('',(35.,93.,19.));
#6418 = DIRECTION('',(-0.,1.,0.));
#6419 = DIRECTION('',(1.,0.,0.));
#6420 = ORIENTED_EDGE('',*,*,#6421,.T.);
#6421 = EDGE_CURVE('',#6413,#6404,#6422,.T.);
#6422 = LINE('',#6423,#6424);
#6423 = CARTESIAN_POINT('',(35.,93.,17.));
#6424 = VECTOR('',#6425,1.);
#6425 = DIRECTION('',(0.,0.,-1.));
#6426 = PLANE('',#6427);
#6427 = AXIS2_PLACEMENT_3D('',#6428,#6429,#6430);
#6428 = CARTESIAN_POINT('',(23.,93.,15.));
#6429 = DIRECTION('',(0.,1.,0.));
#6430 = DIRECTION('',(0.,0.,1.));
#6431 = ADVANCED_FACE('',(#6432),#6443,.F.);
#6432 = FACE_BOUND('',#6433,.F.);
#6433 = EDGE_LOOP('',(#6434,#6435,#6436,#6442));
#6434 = ORIENTED_EDGE('',*,*,#6279,.F.);
#6435 = ORIENTED_EDGE('',*,*,#6309,.T.);
#6436 = ORIENTED_EDGE('',*,*,#6437,.T.);
#6437 = EDGE_CURVE('',#6310,#6365,#6438,.T.);
#6438 = LINE('',#6439,#6440);
#6439 = CARTESIAN_POINT('',(39.,87.,15.));
#6440 = VECTOR('',#6441,1.);
#6441 = DIRECTION('',(0.,1.,0.));
#6442 = ORIENTED_EDGE('',*,*,#6364,.F.);
#6443 = PLANE('',#6444);
#6444 = AXIS2_PLACEMENT_3D('',#6445,#6446,#6447);
#6445 = CARTESIAN_POINT('',(23.,87.,15.));
#6446 = DIRECTION('',(0.,0.,1.));
#6447 = DIRECTION('',(1.,0.,0.));
#6448 = ADVANCED_FACE('',(#6449),#6455,.T.);
#6449 = FACE_BOUND('',#6450,.T.);
#6450 = EDGE_LOOP('',(#6451,#6452,#6453,#6454));
#6451 = ORIENTED_EDGE('',*,*,#6326,.F.);
#6452 = ORIENTED_EDGE('',*,*,#6437,.T.);
#6453 = ORIENTED_EDGE('',*,*,#6374,.T.);
#6454 = ORIENTED_EDGE('',*,*,#6342,.F.);
#6455 = PLANE('',#6456);
#6456 = AXIS2_PLACEMENT_3D('',#6457,#6458,#6459);
#6457 = CARTESIAN_POINT('',(39.,87.,15.));
#6458 = DIRECTION('',(1.,0.,0.));
#6459 = DIRECTION('',(0.,0.,1.));
#6460 = ADVANCED_FACE('',(#6461),#6496,.T.);
#6461 = FACE_BOUND('',#6462,.T.);
#6462 = EDGE_LOOP('',(#6463,#6473,#6480,#6481,#6488,#6489));
#6463 = ORIENTED_EDGE('',*,*,#6464,.T.);
#6464 = EDGE_CURVE('',#6465,#6467,#6469,.T.);
#6465 = VERTEX_POINT('',#6466);
#6466 = CARTESIAN_POINT('',(28.436739427832,93.43102182835,19.));
#6467 = VERTEX_POINT('',#6468);
#6468 = CARTESIAN_POINT('',(19.816302860841,122.16581038498,19.));
#6469 = LINE('',#6470,#6471);
#6470 = CARTESIAN_POINT('',(28.436739427832,93.43102182835,19.));
#6471 = VECTOR('',#6472,1.);
#6472 = DIRECTION('',(-0.287347885566,0.957826285221,0.));
#6473 = ORIENTED_EDGE('',*,*,#6474,.F.);
#6474 = EDGE_CURVE('',#6467,#6467,#6475,.T.);
#6475 = CIRCLE('',#6476,1.5);
#6476 = AXIS2_PLACEMENT_3D('',#6477,#6478,#6479);
#6477 = CARTESIAN_POINT('',(18.37956343301,121.73478855663,19.));
#6478 = DIRECTION('',(-0.287347885566,0.957826285221,0.));
#6479 = DIRECTION('',(0.957826285221,0.287347885566,0.));
#6480 = ORIENTED_EDGE('',*,*,#6464,.F.);
#6481 = ORIENTED_EDGE('',*,*,#6482,.T.);
#6482 = EDGE_CURVE('',#6465,#6383,#6483,.T.);
#6483 = CIRCLE('',#6484,1.5);
#6484 = AXIS2_PLACEMENT_3D('',#6485,#6486,#6487);
#6485 = CARTESIAN_POINT('',(27.,93.,19.));
#6486 = DIRECTION('',(-0.287347885566,0.957826285221,0.));
#6487 = DIRECTION('',(0.957826285221,0.287347885566,0.));
#6488 = ORIENTED_EDGE('',*,*,#6382,.T.);
#6489 = ORIENTED_EDGE('',*,*,#6490,.T.);
#6490 = EDGE_CURVE('',#6385,#6465,#6491,.T.);
#6491 = CIRCLE('',#6492,1.5);
#6492 = AXIS2_PLACEMENT_3D('',#6493,#6494,#6495);
#6493 = CARTESIAN_POINT('',(27.,93.,19.));
#6494 = DIRECTION('',(-0.287347885566,0.957826285221,0.));
#6495 = DIRECTION('',(0.957826285221,0.287347885566,0.));
#6496 = CYLINDRICAL_SURFACE('',#6497,1.5);
#6497 = AXIS2_PLACEMENT_3D('',#6498,#6499,#6500);
#6498 = CARTESIAN_POINT('',(27.,93.,19.));
#6499 = DIRECTION('',(-0.287347885566,0.957826285221,0.));
#6500 = DIRECTION('',(0.957826285221,0.287347885566,0.));
#6501 = ADVANCED_FACE('',(#6502),#6507,.F.);
#6502 = FACE_BOUND('',#6503,.F.);
#6503 = EDGE_LOOP('',(#6504,#6505,#6506));
#6504 = ORIENTED_EDGE('',*,*,#6490,.T.);
#6505 = ORIENTED_EDGE('',*,*,#6482,.T.);
#6506 = ORIENTED_EDGE('',*,*,#6393,.T.);
#6507 = PLANE('',#6508);
#6508 = AXIS2_PLACEMENT_3D('',#6509,#6510,#6511);
#6509 = CARTESIAN_POINT('',(27.,93.,19.));
#6510 = DIRECTION('',(-0.287347885566,0.957826285221,0.));
#6511 = DIRECTION('',(0.957826285221,0.287347885566,0.));
#6512 = ADVANCED_FACE('',(#6513),#6540,.T.);
#6513 = FACE_BOUND('',#6514,.T.);
#6514 = EDGE_LOOP('',(#6515,#6523,#6530,#6531,#6532,#6539));
#6515 = ORIENTED_EDGE('',*,*,#6516,.T.);
#6516 = EDGE_CURVE('',#6402,#6517,#6519,.T.);
#6517 = VERTEX_POINT('',#6518);
#6518 = CARTESIAN_POINT('',(45.057175994822,121.30376672828,19.));
#6519 = LINE('',#6520,#6521);
#6520 = CARTESIAN_POINT('',(36.436739427832,92.56897817165,19.));
#6521 = VECTOR('',#6522,1.);
#6522 = DIRECTION('',(0.287347885566,0.957826285221,0.));
#6523 = ORIENTED_EDGE('',*,*,#6524,.F.);
#6524 = EDGE_CURVE('',#6517,#6517,#6525,.T.);
#6525 = CIRCLE('',#6526,1.5);
#6526 = AXIS2_PLACEMENT_3D('',#6527,#6528,#6529);
#6527 = CARTESIAN_POINT('',(43.62043656699,121.73478855663,19.));
#6528 = DIRECTION('',(0.287347885566,0.957826285221,0.));
#6529 = DIRECTION('',(0.957826285221,-0.287347885566,0.));
#6530 = ORIENTED_EDGE('',*,*,#6516,.F.);
#6531 = ORIENTED_EDGE('',*,*,#6401,.T.);
#6532 = ORIENTED_EDGE('',*,*,#6533,.T.);
#6533 = EDGE_CURVE('',#6404,#6413,#6534,.T.);
#6534 = CIRCLE('',#6535,1.5);
#6535 = AXIS2_PLACEMENT_3D('',#6536,#6537,#6538);
#6536 = CARTESIAN_POINT('',(35.,93.,19.));
#6537 = DIRECTION('',(0.287347885566,0.957826285221,0.));
#6538 = DIRECTION('',(0.957826285221,-0.287347885566,0.));
#6539 = ORIENTED_EDGE('',*,*,#6412,.T.);
#6540 = CYLINDRICAL_SURFACE('',#6541,1.5);
#6541 = AXIS2_PLACEMENT_3D('',#6542,#6543,#6544);
#6542 = CARTESIAN_POINT('',(35.,93.,19.));
#6543 = DIRECTION('',(0.287347885566,0.957826285221,0.));
#6544 = DIRECTION('',(0.957826285221,-0.287347885566,0.));
#6545 = ADVANCED_FACE('',(#6546),#6550,.F.);
#6546 = FACE_BOUND('',#6547,.F.);
#6547 = EDGE_LOOP('',(#6548,#6549));
#6548 = ORIENTED_EDGE('',*,*,#6421,.T.);
#6549 = ORIENTED_EDGE('',*,*,#6533,.T.);
#6550 = PLANE('',#6551);
#6551 = AXIS2_PLACEMENT_3D('',#6552,#6553,#6554);
#6552 = CARTESIAN_POINT('',(35.,93.,19.));
#6553 = DIRECTION('',(0.287347885566,0.957826285221,0.));
#6554 = DIRECTION('',(0.957826285221,-0.287347885566,0.));
#6555 = ADVANCED_FACE('',(#6556),#6559,.T.);
#6556 = FACE_BOUND('',#6557,.T.);
#6557 = EDGE_LOOP('',(#6558));
#6558 = ORIENTED_EDGE('',*,*,#6474,.T.);
#6559 = PLANE('',#6560);
#6560 = AXIS2_PLACEMENT_3D('',#6561,#6562,#6563);
#6561 = CARTESIAN_POINT('',(18.37956343301,121.73478855663,19.));
#6562 = DIRECTION('',(-0.287347885566,0.957826285221,0.));
#6563 = DIRECTION('',(0.957826285221,0.287347885566,0.));
#6564 = ADVANCED_FACE('',(#6565),#6568,.T.);
#6565 = FACE_BOUND('',#6566,.T.);
#6566 = EDGE_LOOP('',(#6567));
#6567 = ORIENTED_EDGE('',*,*,#6524,.T.);
#6568 = PLANE('',#6569);
#6569 = AXIS2_PLACEMENT_3D('',#6570,#6571,#6572);
#6570 = CARTESIAN_POINT('',(43.62043656699,121.73478855663,19.));
#6571 = DIRECTION('',(0.287347885566,0.957826285221,0.));
#6572 = DIRECTION('',(0.957826285221,-0.287347885566,0.));
#6573 = MANIFOLD_SOLID_BREP('',#6574);
#6574 = CLOSED_SHELL('',(#6575,#6680,#6720,#6729,#6765,#6776,#6802,#6822
    ,#6847,#6867,#6892,#6917));
#6575 = ADVANCED_FACE('',(#6576),#6675,.T.);
#6576 = FACE_BOUND('',#6577,.T.);
#6577 = EDGE_LOOP('',(#6578,#6588,#6597,#6605,#6659,#6667,#6674));
#6578 = ORIENTED_EDGE('',*,*,#6579,.T.);
#6579 = EDGE_CURVE('',#6580,#6582,#6584,.T.);
#6580 = VERTEX_POINT('',#6581);
#6581 = CARTESIAN_POINT('',(0.,-12.85,37.8));
#6582 = VERTEX_POINT('',#6583);
#6583 = CARTESIAN_POINT('',(0.,-13.,37.8));
#6584 = LINE('',#6585,#6586);
#6585 = CARTESIAN_POINT('',(-5.E-17,-3.,37.8));
#6586 = VECTOR('',#6587,1.);
#6587 = DIRECTION('',(0.,-1.,0.));
#6588 = ORIENTED_EDGE('',*,*,#6589,.F.);
#6589 = EDGE_CURVE('',#6590,#6582,#6592,.T.);
#6590 = VERTEX_POINT('',#6591);
#6591 = CARTESIAN_POINT('',(0.,-13.,38.2));
#6592 = CIRCLE('',#6593,0.2);
#6593 = AXIS2_PLACEMENT_3D('',#6594,#6595,#6596);
#6594 = CARTESIAN_POINT('',(0.,-13.,38.));
#6595 = DIRECTION('',(0.,-1.,0.));
#6596 = DIRECTION('',(0.,0.,-1.));
#6597 = ORIENTED_EDGE('',*,*,#6598,.F.);
#6598 = EDGE_CURVE('',#6599,#6590,#6601,.T.);
#6599 = VERTEX_POINT('',#6600);
#6600 = CARTESIAN_POINT('',(0.,-12.85,38.2));
#6601 = LINE('',#6602,#6603);
#6602 = CARTESIAN_POINT('',(0.,-3.,38.2));
#6603 = VECTOR('',#6604,1.);
#6604 = DIRECTION('',(0.,-1.,0.));
#6605 = ORIENTED_EDGE('',*,*,#6606,.F.);
#6606 = EDGE_CURVE('',#6580,#6599,#6607,.T.);
#6607 = B_SPLINE_CURVE_WITH_KNOTS('',8,(#6608,#6609,#6610,#6611,#6612,
    #6613,#6614,#6615,#6616,#6617,#6618,#6619,#6620,#6621,#6622,#6623,
    #6624,#6625,#6626,#6627,#6628,#6629,#6630,#6631,#6632,#6633,#6634,
    #6635,#6636,#6637,#6638,#6639,#6640,#6641,#6642,#6643,#6644,#6645,
    #6646,#6647,#6648,#6649,#6650,#6651,#6652,#6653,#6654,#6655,#6656,
    #6657,#6658),.UNSPECIFIED.,.F.,.F.,(9,7,7,7,7,7,7,9),(0.,
    9.400889083497E-02,0.24464980762,0.367964574686,0.497314012241,
    0.629396283235,0.885749838725,1.),.UNSPECIFIED.);
#6608 = CARTESIAN_POINT('',(0.,-12.85,37.8));
#6609 = CARTESIAN_POINT('',(8.683927805265E-03,-12.85,37.8));
#6610 = CARTESIAN_POINT('',(1.729876577304E-02,-12.84942545882,
    37.800430958303));
#6611 = CARTESIAN_POINT('',(2.582462349364E-02,-12.84829231247,
    37.8012806912));
#6612 = CARTESIAN_POINT('',(3.423817361766E-02,-12.84663613696,
    37.802537311297));
#6613 = CARTESIAN_POINT('',(4.250795331076E-02,-12.84451210007,
    37.804186244125));
#6614 = CARTESIAN_POINT('',(5.059153187257E-02,-12.84199334427,
    37.806205661474));
#6615 = CARTESIAN_POINT('',(5.843454451973E-02,-12.83916780086,
    37.808560331431));
#6616 = CARTESIAN_POINT('',(7.804904354408E-02,-12.83127113362,
    37.815413921605));
#6617 = CARTESIAN_POINT('',(8.956399742444E-02,-12.82578273795,
    37.820427643381));
#6618 = CARTESIAN_POINT('',(0.100490824302,-12.81991924711,
    37.826155518561));
#6619 = CARTESIAN_POINT('',(0.110793965255,-12.81390156336,
    37.832513913613));
#6620 = CARTESIAN_POINT('',(0.120455946459,-12.80789677996,
    37.839425033428));
#6621 = CARTESIAN_POINT('',(0.12948867736,-12.802011715,37.846831026866)
  );
#6622 = CARTESIAN_POINT('',(0.137928032667,-12.79630369141,
    37.85471225779));
#6623 = CARTESIAN_POINT('',(0.152265309034,-12.78631024744,
    37.869983928146));
#6624 = CARTESIAN_POINT('',(0.158310209772,-12.78197987326,
    37.87716495401));
#6625 = CARTESIAN_POINT('',(0.163934817872,-12.77786131878,
    37.884625218289));
#6626 = CARTESIAN_POINT('',(0.169130470733,-12.77398926276,
    37.892338261725));
#6627 = CARTESIAN_POINT('',(0.173890714255,-12.77039086661,
    37.900279421795));
#6628 = CARTESIAN_POINT('',(0.178210571411,-12.76708745614,
    37.908426487786));
#6629 = CARTESIAN_POINT('',(0.182085810826,-12.76409620338,
    37.916760355876));
#6630 = CARTESIAN_POINT('',(0.189106298265,-12.75863702557,
    37.93418723888));
#6631 = CARTESIAN_POINT('',(0.192202688612,-12.75620483631,
    37.943288006161));
#6632 = CARTESIAN_POINT('',(0.194793604921,-12.75415413413,
    37.952538776134));
#6633 = CARTESIAN_POINT('',(0.196872779584,-12.75249952791,
    37.961909868678));
#6634 = CARTESIAN_POINT('',(0.198435464305,-12.75125162263,
    37.971371358379));
#6635 = CARTESIAN_POINT('',(0.19947843555,-12.75041730017,37.98089329944
    ));
#6636 = CARTESIAN_POINT('',(0.2,-12.75,37.990445950591));
#6637 = CARTESIAN_POINT('',(0.2,-12.75,38.009755902824));
#6638 = CARTESIAN_POINT('',(0.199456168331,-12.75043512221,
    38.019510211603));
#6639 = CARTESIAN_POINT('',(0.198368689538,-12.7513050434,
    38.029231790457));
#6640 = CARTESIAN_POINT('',(0.196739406591,-12.75260602814,
    38.038889022219));
#6641 = CARTESIAN_POINT('',(0.194571815403,-12.75433060738,
    38.048450057629));
#6642 = CARTESIAN_POINT('',(0.191871059351,-12.75646725708,
    38.057883064527));
#6643 = CARTESIAN_POINT('',(0.188643923794,-12.75900007676,
    38.067156477044));
#6644 = CARTESIAN_POINT('',(0.177630118808,-12.76755325648,
    38.093867650109));
#6645 = CARTESIAN_POINT('',(0.168608692245,-12.77445847732,
    38.110296898438));
#6646 = CARTESIAN_POINT('',(0.157904796795,-12.7824753307,
    38.125793262422));
#6647 = CARTESIAN_POINT('',(0.145400778159,-12.79155643696,
    38.140416358023));
#6648 = CARTESIAN_POINT('',(0.130959838799,-12.8015845474,
    38.153988940797));
#6649 = CARTESIAN_POINT('',(0.114633914247,-12.81214095082,
    38.166069116892));
#6650 = CARTESIAN_POINT('',(9.672100886649E-02,-12.82234342775,
    38.17630028161));
#6651 = CARTESIAN_POINT('',(6.886627423222E-02,-12.83512323567,
    38.188000490772));
#6652 = CARTESIAN_POINT('',(5.981380207686E-02,-12.83888234807,
    38.191265399537));
#6653 = CARTESIAN_POINT('',(5.039387926843E-02,-12.84230461404,
    38.194086569526));
#6654 = CARTESIAN_POINT('',(4.068960990234E-02,-12.84524230924,
    38.196402115167));
#6655 = CARTESIAN_POINT('',(3.076380117713E-02,-12.84756683557,
    38.198175339764));
#6656 = CARTESIAN_POINT('',(2.065826152359E-02,-12.84917630507,
    38.199382082539));
#6657 = CARTESIAN_POINT('',(1.039786757806E-02,-12.85000004159,
    38.200000031194));
#6658 = CARTESIAN_POINT('',(-6.0000000007E-07,-12.84999999999,
    38.199999999999));
#6659 = ORIENTED_EDGE('',*,*,#6660,.F.);
#6660 = EDGE_CURVE('',#6661,#6580,#6663,.T.);
#6661 = VERTEX_POINT('',#6662);
#6662 = CARTESIAN_POINT('',(0.,-3.,37.8));
#6663 = LINE('',#6664,#6665);
#6664 = CARTESIAN_POINT('',(-5.E-17,-3.,37.8));
#6665 = VECTOR('',#6666,1.);
#6666 = DIRECTION('',(0.,-1.,0.));
#6667 = ORIENTED_EDGE('',*,*,#6668,.T.);
#6668 = EDGE_CURVE('',#6661,#6661,#6669,.T.);
#6669 = CIRCLE('',#6670,0.2);
#6670 = AXIS2_PLACEMENT_3D('',#6671,#6672,#6673);
#6671 = CARTESIAN_POINT('',(0.,-3.,38.));
#6672 = DIRECTION('',(0.,-1.,0.));
#6673 = DIRECTION('',(0.,0.,-1.));
#6674 = ORIENTED_EDGE('',*,*,#6660,.T.);
#6675 = CYLINDRICAL_SURFACE('',#6676,0.2);
#6676 = AXIS2_PLACEMENT_3D('',#6677,#6678,#6679);
#6677 = CARTESIAN_POINT('',(0.,-3.,38.));
#6678 = DIRECTION('',(0.,-1.,0.));
#6679 = DIRECTION('',(0.,0.,-1.));
#6680 = ADVANCED_FACE('',(#6681),#6715,.F.);
#6681 = FACE_BOUND('',#6682,.F.);
#6682 = EDGE_LOOP('',(#6683,#6692,#6699,#6700,#6708,#6714));
#6683 = ORIENTED_EDGE('',*,*,#6684,.T.);
#6684 = EDGE_CURVE('',#6599,#6685,#6687,.T.);
#6685 = VERTEX_POINT('',#6686);
#6686 = CARTESIAN_POINT('',(0.,-13.,38.25));
#6687 = CIRCLE('',#6688,0.25);
#6688 = AXIS2_PLACEMENT_3D('',#6689,#6690,#6691);
#6689 = CARTESIAN_POINT('',(0.,-13.,38.));
#6690 = DIRECTION('',(1.,0.,-0.));
#6691 = DIRECTION('',(0.,0.,1.));
#6692 = ORIENTED_EDGE('',*,*,#6693,.T.);
#6693 = EDGE_CURVE('',#6685,#6580,#6694,.T.);
#6694 = CIRCLE('',#6695,0.25);
#6695 = AXIS2_PLACEMENT_3D('',#6696,#6697,#6698);
#6696 = CARTESIAN_POINT('',(0.,-13.,38.));
#6697 = DIRECTION('',(1.,0.,-0.));
#6698 = DIRECTION('',(0.,0.,1.));
#6699 = ORIENTED_EDGE('',*,*,#6579,.T.);
#6700 = ORIENTED_EDGE('',*,*,#6701,.T.);
#6701 = EDGE_CURVE('',#6582,#6702,#6704,.T.);
#6702 = VERTEX_POINT('',#6703);
#6703 = CARTESIAN_POINT('',(0.,-13.,38.));
#6704 = LINE('',#6705,#6706);
#6705 = CARTESIAN_POINT('',(0.,-13.,38.));
#6706 = VECTOR('',#6707,1.);
#6707 = DIRECTION('',(0.,0.,1.));
#6708 = ORIENTED_EDGE('',*,*,#6709,.T.);
#6709 = EDGE_CURVE('',#6702,#6590,#6710,.T.);
#6710 = LINE('',#6711,#6712);
#6711 = CARTESIAN_POINT('',(0.,-13.,38.));
#6712 = VECTOR('',#6713,1.);
#6713 = DIRECTION('',(0.,0.,1.));
#6714 = ORIENTED_EDGE('',*,*,#6598,.F.);
#6715 = PLANE('',#6716);
#6716 = AXIS2_PLACEMENT_3D('',#6717,#6718,#6719);
#6717 = CARTESIAN_POINT('',(0.,-13.,38.));
#6718 = DIRECTION('',(1.,0.,0.));
#6719 = DIRECTION('',(0.,0.,1.));
#6720 = ADVANCED_FACE('',(#6721),#6724,.F.);
#6721 = FACE_BOUND('',#6722,.T.);
#6722 = EDGE_LOOP('',(#6723));
#6723 = ORIENTED_EDGE('',*,*,#6668,.F.);
#6724 = PLANE('',#6725);
#6725 = AXIS2_PLACEMENT_3D('',#6726,#6727,#6728);
#6726 = CARTESIAN_POINT('',(0.,-3.,38.));
#6727 = DIRECTION('',(0.,-1.,0.));
#6728 = DIRECTION('',(0.,0.,-1.));
#6729 = ADVANCED_FACE('',(#6730),#6760,.T.);
#6730 = FACE_BOUND('',#6731,.T.);
#6731 = EDGE_LOOP('',(#6732,#6733,#6741,#6750,#6757,#6758,#6759));
#6732 = ORIENTED_EDGE('',*,*,#6684,.T.);
#6733 = ORIENTED_EDGE('',*,*,#6734,.T.);
#6734 = EDGE_CURVE('',#6685,#6735,#6737,.T.);
#6735 = VERTEX_POINT('',#6736);
#6736 = CARTESIAN_POINT('',(0.78125,-13.,38.25));
#6737 = LINE('',#6738,#6739);
#6738 = CARTESIAN_POINT('',(0.,-13.,38.25));
#6739 = VECTOR('',#6740,1.);
#6740 = DIRECTION('',(1.,0.,0.));
#6741 = ORIENTED_EDGE('',*,*,#6742,.F.);
#6742 = EDGE_CURVE('',#6743,#6735,#6745,.T.);
#6743 = VERTEX_POINT('',#6744);
#6744 = CARTESIAN_POINT('',(0.781250000001,-13.,37.75));
#6745 = CIRCLE('',#6746,0.25);
#6746 = AXIS2_PLACEMENT_3D('',#6747,#6748,#6749);
#6747 = CARTESIAN_POINT('',(0.78125,-13.,38.));
#6748 = DIRECTION('',(1.,0.,-0.));
#6749 = DIRECTION('',(0.,0.,1.));
#6750 = ORIENTED_EDGE('',*,*,#6751,.F.);
#6751 = EDGE_CURVE('',#6735,#6743,#6752,.T.);
#6752 = CIRCLE('',#6753,0.25);
#6753 = AXIS2_PLACEMENT_3D('',#6754,#6755,#6756);
#6754 = CARTESIAN_POINT('',(0.78125,-13.,38.));
#6755 = DIRECTION('',(1.,0.,-0.));
#6756 = DIRECTION('',(0.,0.,1.));
#6757 = ORIENTED_EDGE('',*,*,#6734,.F.);
#6758 = ORIENTED_EDGE('',*,*,#6693,.T.);
#6759 = ORIENTED_EDGE('',*,*,#6606,.T.);
#6760 = CYLINDRICAL_SURFACE('',#6761,0.25);
#6761 = AXIS2_PLACEMENT_3D('',#6762,#6763,#6764);
#6762 = CARTESIAN_POINT('',(0.,-13.,38.));
#6763 = DIRECTION('',(1.,0.,0.));
#6764 = DIRECTION('',(0.,0.,1.));
#6765 = ADVANCED_FACE('',(#6766),#6771,.T.);
#6766 = FACE_BOUND('',#6767,.T.);
#6767 = EDGE_LOOP('',(#6768,#6769,#6770));
#6768 = ORIENTED_EDGE('',*,*,#6589,.T.);
#6769 = ORIENTED_EDGE('',*,*,#6701,.T.);
#6770 = ORIENTED_EDGE('',*,*,#6709,.T.);
#6771 = PLANE('',#6772);
#6772 = AXIS2_PLACEMENT_3D('',#6773,#6774,#6775);
#6773 = CARTESIAN_POINT('',(0.,-13.,38.));
#6774 = DIRECTION('',(0.,-1.,0.));
#6775 = DIRECTION('',(0.,0.,-1.));
#6776 = ADVANCED_FACE('',(#6777),#6797,.T.);
#6777 = FACE_BOUND('',#6778,.T.);
#6778 = EDGE_LOOP('',(#6779,#6780,#6788,#6795,#6796));
#6779 = ORIENTED_EDGE('',*,*,#6751,.T.);
#6780 = ORIENTED_EDGE('',*,*,#6781,.F.);
#6781 = EDGE_CURVE('',#6782,#6743,#6784,.T.);
#6782 = VERTEX_POINT('',#6783);
#6783 = CARTESIAN_POINT('',(2.5,-13.,37.2));
#6784 = LINE('',#6785,#6786);
#6785 = CARTESIAN_POINT('',(2.5,-13.,37.2));
#6786 = VECTOR('',#6787,1.);
#6787 = DIRECTION('',(-0.952424147199,-7.E-17,0.304775727104));
#6788 = ORIENTED_EDGE('',*,*,#6789,.T.);
#6789 = EDGE_CURVE('',#6782,#6782,#6790,.T.);
#6790 = CIRCLE('',#6791,0.8);
#6791 = AXIS2_PLACEMENT_3D('',#6792,#6793,#6794);
#6792 = CARTESIAN_POINT('',(2.5,-13.,38.));
#6793 = DIRECTION('',(-1.,-0.,-0.));
#6794 = DIRECTION('',(0.,0.,-1.));
#6795 = ORIENTED_EDGE('',*,*,#6781,.T.);
#6796 = ORIENTED_EDGE('',*,*,#6742,.T.);
#6797 = CONICAL_SURFACE('',#6798,0.8,0.309702944542);
#6798 = AXIS2_PLACEMENT_3D('',#6799,#6800,#6801);
#6799 = CARTESIAN_POINT('',(2.5,-13.,38.));
#6800 = DIRECTION('',(1.,0.,0.));
#6801 = DIRECTION('',(0.,0.,-1.));
#6802 = ADVANCED_FACE('',(#6803,#6806),#6817,.F.);
#6803 = FACE_BOUND('',#6804,.F.);
#6804 = EDGE_LOOP('',(#6805));
#6805 = ORIENTED_EDGE('',*,*,#6789,.T.);
#6806 = FACE_BOUND('',#6807,.F.);
#6807 = EDGE_LOOP('',(#6808));
#6808 = ORIENTED_EDGE('',*,*,#6809,.T.);
#6809 = EDGE_CURVE('',#6810,#6810,#6812,.T.);
#6810 = VERTEX_POINT('',#6811);
#6811 = CARTESIAN_POINT('',(2.5,-13.,38.25));
#6812 = CIRCLE('',#6813,0.25);
#6813 = AXIS2_PLACEMENT_3D('',#6814,#6815,#6816);
#6814 = CARTESIAN_POINT('',(2.5,-13.,38.));
#6815 = DIRECTION('',(1.,0.,-0.));
#6816 = DIRECTION('',(0.,0.,1.));
#6817 = PLANE('',#6818);
#6818 = AXIS2_PLACEMENT_3D('',#6819,#6820,#6821);
#6819 = CARTESIAN_POINT('',(2.5,-13.,38.));
#6820 = DIRECTION('',(-1.,-0.,-0.));
#6821 = DIRECTION('',(0.,0.,-1.));
#6822 = ADVANCED_FACE('',(#6823),#6842,.T.);
#6823 = FACE_BOUND('',#6824,.T.);
#6824 = EDGE_LOOP('',(#6825,#6833,#6834,#6835));
#6825 = ORIENTED_EDGE('',*,*,#6826,.F.);
#6826 = EDGE_CURVE('',#6810,#6827,#6829,.T.);
#6827 = VERTEX_POINT('',#6828);
#6828 = CARTESIAN_POINT('',(59.5,-13.,38.25));
#6829 = LINE('',#6830,#6831);
#6830 = CARTESIAN_POINT('',(0.,-13.,38.25));
#6831 = VECTOR('',#6832,1.);
#6832 = DIRECTION('',(1.,0.,0.));
#6833 = ORIENTED_EDGE('',*,*,#6809,.T.);
#6834 = ORIENTED_EDGE('',*,*,#6826,.T.);
#6835 = ORIENTED_EDGE('',*,*,#6836,.F.);
#6836 = EDGE_CURVE('',#6827,#6827,#6837,.T.);
#6837 = CIRCLE('',#6838,0.25);
#6838 = AXIS2_PLACEMENT_3D('',#6839,#6840,#6841);
#6839 = CARTESIAN_POINT('',(59.5,-13.,38.));
#6840 = DIRECTION('',(1.,0.,-0.));
#6841 = DIRECTION('',(0.,0.,1.));
#6842 = CYLINDRICAL_SURFACE('',#6843,0.25);
#6843 = AXIS2_PLACEMENT_3D('',#6844,#6845,#6846);
#6844 = CARTESIAN_POINT('',(0.,-13.,38.));
#6845 = DIRECTION('',(1.,0.,0.));
#6846 = DIRECTION('',(0.,0.,1.));
#6847 = ADVANCED_FACE('',(#6848,#6859),#6862,.F.);
#6848 = FACE_BOUND('',#6849,.F.);
#6849 = EDGE_LOOP('',(#6850));
#6850 = ORIENTED_EDGE('',*,*,#6851,.T.);
#6851 = EDGE_CURVE('',#6852,#6852,#6854,.T.);
#6852 = VERTEX_POINT('',#6853);
#6853 = CARTESIAN_POINT('',(59.5,-13.,38.8));
#6854 = CIRCLE('',#6855,0.8);
#6855 = AXIS2_PLACEMENT_3D('',#6856,#6857,#6858);
#6856 = CARTESIAN_POINT('',(59.5,-13.,38.));
#6857 = DIRECTION('',(1.,0.,-0.));
#6858 = DIRECTION('',(0.,0.,1.));
#6859 = FACE_BOUND('',#6860,.F.);
#6860 = EDGE_LOOP('',(#6861));
#6861 = ORIENTED_EDGE('',*,*,#6836,.F.);
#6862 = PLANE('',#6863);
#6863 = AXIS2_PLACEMENT_3D('',#6864,#6865,#6866);
#6864 = CARTESIAN_POINT('',(59.5,-13.,38.));
#6865 = DIRECTION('',(1.,0.,0.));
#6866 = DIRECTION('',(0.,0.,1.));
#6867 = ADVANCED_FACE('',(#6868),#6887,.T.);
#6868 = FACE_BOUND('',#6869,.T.);
#6869 = EDGE_LOOP('',(#6870,#6879,#6885,#6886));
#6870 = ORIENTED_EDGE('',*,*,#6871,.F.);
#6871 = EDGE_CURVE('',#6872,#6872,#6874,.T.);
#6872 = VERTEX_POINT('',#6873);
#6873 = CARTESIAN_POINT('',(61.21875,-13.,38.25));
#6874 = CIRCLE('',#6875,0.25);
#6875 = AXIS2_PLACEMENT_3D('',#6876,#6877,#6878);
#6876 = CARTESIAN_POINT('',(61.21875,-13.,38.));
#6877 = DIRECTION('',(1.,0.,-0.));
#6878 = DIRECTION('',(0.,0.,1.));
#6879 = ORIENTED_EDGE('',*,*,#6880,.F.);
#6880 = EDGE_CURVE('',#6852,#6872,#6881,.T.);
#6881 = LINE('',#6882,#6883);
#6882 = CARTESIAN_POINT('',(59.5,-13.,38.8));
#6883 = VECTOR('',#6884,1.);
#6884 = DIRECTION('',(0.952424147199,-7.E-17,-0.304775727104));
#6885 = ORIENTED_EDGE('',*,*,#6851,.T.);
#6886 = ORIENTED_EDGE('',*,*,#6880,.T.);
#6887 = CONICAL_SURFACE('',#6888,0.8,0.309702944542);
#6888 = AXIS2_PLACEMENT_3D('',#6889,#6890,#6891);
#6889 = CARTESIAN_POINT('',(59.5,-13.,38.));
#6890 = DIRECTION('',(-1.,-0.,-0.));
#6891 = DIRECTION('',(0.,0.,1.));
#6892 = ADVANCED_FACE('',(#6893),#6912,.T.);
#6893 = FACE_BOUND('',#6894,.T.);
#6894 = EDGE_LOOP('',(#6895,#6896,#6904,#6911));
#6895 = ORIENTED_EDGE('',*,*,#6871,.T.);
#6896 = ORIENTED_EDGE('',*,*,#6897,.T.);
#6897 = EDGE_CURVE('',#6872,#6898,#6900,.T.);
#6898 = VERTEX_POINT('',#6899);
#6899 = CARTESIAN_POINT('',(62.,-13.,38.25));
#6900 = LINE('',#6901,#6902);
#6901 = CARTESIAN_POINT('',(0.,-13.,38.25));
#6902 = VECTOR('',#6903,1.);
#6903 = DIRECTION('',(1.,0.,0.));
#6904 = ORIENTED_EDGE('',*,*,#6905,.F.);
#6905 = EDGE_CURVE('',#6898,#6898,#6906,.T.);
#6906 = CIRCLE('',#6907,0.25);
#6907 = AXIS2_PLACEMENT_3D('',#6908,#6909,#6910);
#6908 = CARTESIAN_POINT('',(62.,-13.,38.));
#6909 = DIRECTION('',(1.,0.,-0.));
#6910 = DIRECTION('',(0.,0.,1.));
#6911 = ORIENTED_EDGE('',*,*,#6897,.F.);
#6912 = CYLINDRICAL_SURFACE('',#6913,0.25);
#6913 = AXIS2_PLACEMENT_3D('',#6914,#6915,#6916);
#6914 = CARTESIAN_POINT('',(0.,-13.,38.));
#6915 = DIRECTION('',(1.,0.,0.));
#6916 = DIRECTION('',(0.,0.,1.));
#6917 = ADVANCED_FACE('',(#6918),#6921,.T.);
#6918 = FACE_BOUND('',#6919,.T.);
#6919 = EDGE_LOOP('',(#6920));
#6920 = ORIENTED_EDGE('',*,*,#6905,.T.);
#6921 = PLANE('',#6922);
#6922 = AXIS2_PLACEMENT_3D('',#6923,#6924,#6925);
#6923 = CARTESIAN_POINT('',(62.,-13.,38.));
#6924 = DIRECTION('',(1.,0.,0.));
#6925 = DIRECTION('',(0.,0.,1.));
#6926 = MANIFOLD_SOLID_BREP('',#6927);
#6927 = CLOSED_SHELL('',(#6928,#6961,#6970));
#6928 = ADVANCED_FACE('',(#6929),#6956,.T.);
#6929 = FACE_BOUND('',#6930,.T.);
#6930 = EDGE_LOOP('',(#6931,#6940,#6948,#6955));
#6931 = ORIENTED_EDGE('',*,*,#6932,.F.);
#6932 = EDGE_CURVE('',#6933,#6933,#6935,.T.);
#6933 = VERTEX_POINT('',#6934);
#6934 = CARTESIAN_POINT('',(62.,-4.,37.8));
#6935 = CIRCLE('',#6936,0.2);
#6936 = AXIS2_PLACEMENT_3D('',#6937,#6938,#6939);
#6937 = CARTESIAN_POINT('',(62.,-4.,38.));
#6938 = DIRECTION('',(0.,-1.,0.));
#6939 = DIRECTION('',(0.,0.,-1.));
#6940 = ORIENTED_EDGE('',*,*,#6941,.F.);
#6941 = EDGE_CURVE('',#6942,#6933,#6944,.T.);
#6942 = VERTEX_POINT('',#6943);
#6943 = CARTESIAN_POINT('',(62.,-3.,37.8));
#6944 = LINE('',#6945,#6946);
#6945 = CARTESIAN_POINT('',(62.,-3.,37.8));
#6946 = VECTOR('',#6947,1.);
#6947 = DIRECTION('',(0.,-1.,0.));
#6948 = ORIENTED_EDGE('',*,*,#6949,.T.);
#6949 = EDGE_CURVE('',#6942,#6942,#6950,.T.);
#6950 = CIRCLE('',#6951,0.2);
#6951 = AXIS2_PLACEMENT_3D('',#6952,#6953,#6954);
#6952 = CARTESIAN_POINT('',(62.,-3.,38.));
#6953 = DIRECTION('',(0.,-1.,0.));
#6954 = DIRECTION('',(0.,0.,-1.));
#6955 = ORIENTED_EDGE('',*,*,#6941,.T.);
#6956 = CYLINDRICAL_SURFACE('',#6957,0.2);
#6957 = AXIS2_PLACEMENT_3D('',#6958,#6959,#6960);
#6958 = CARTESIAN_POINT('',(62.,-3.,38.));
#6959 = DIRECTION('',(0.,-1.,0.));
#6960 = DIRECTION('',(0.,0.,-1.));
#6961 = ADVANCED_FACE('',(#6962),#6965,.T.);
#6962 = FACE_BOUND('',#6963,.T.);
#6963 = EDGE_LOOP('',(#6964));
#6964 = ORIENTED_EDGE('',*,*,#6932,.T.);
#6965 = PLANE('',#6966);
#6966 = AXIS2_PLACEMENT_3D('',#6967,#6968,#6969);
#6967 = CARTESIAN_POINT('',(62.,-4.,38.));
#6968 = DIRECTION('',(0.,-1.,0.));
#6969 = DIRECTION('',(0.,0.,-1.));
#6970 = ADVANCED_FACE('',(#6971),#6974,.F.);
#6971 = FACE_BOUND('',#6972,.T.);
#6972 = EDGE_LOOP('',(#6973));
#6973 = ORIENTED_EDGE('',*,*,#6949,.F.);
#6974 = PLANE('',#6975);
#6975 = AXIS2_PLACEMENT_3D('',#6976,#6977,#6978);
#6976 = CARTESIAN_POINT('',(62.,-3.,38.));
#6977 = DIRECTION('',(0.,-1.,0.));
#6978 = DIRECTION('',(0.,0.,-1.));
#6979 = MANIFOLD_SOLID_BREP('',#6980);
#6980 = CLOSED_SHELL('',(#6981,#7086,#7109,#7137,#7173,#7182,#7208,#7228
    ,#7253,#7273,#7298,#7323));
#6981 = ADVANCED_FACE('',(#6982),#7081,.T.);
#6982 = FACE_BOUND('',#6983,.T.);
#6983 = EDGE_LOOP('',(#6984,#6995,#7003,#7011,#7018,#7019,#7075));
#6984 = ORIENTED_EDGE('',*,*,#6985,.F.);
#6985 = EDGE_CURVE('',#6986,#6988,#6990,.T.);
#6986 = VERTEX_POINT('',#6987);
#6987 = CARTESIAN_POINT('',(-13.,0.,37.8));
#6988 = VERTEX_POINT('',#6989);
#6989 = CARTESIAN_POINT('',(-13.,0.,38.2));
#6990 = CIRCLE('',#6991,0.2);
#6991 = AXIS2_PLACEMENT_3D('',#6992,#6993,#6994);
#6992 = CARTESIAN_POINT('',(-13.,0.,38.));
#6993 = DIRECTION('',(-1.,0.,0.));
#6994 = DIRECTION('',(0.,0.,-1.));
#6995 = ORIENTED_EDGE('',*,*,#6996,.F.);
#6996 = EDGE_CURVE('',#6997,#6986,#6999,.T.);
#6997 = VERTEX_POINT('',#6998);
#6998 = CARTESIAN_POINT('',(-12.85,0.,37.8));
#6999 = LINE('',#7000,#7001);
#7000 = CARTESIAN_POINT('',(-3.,5.E-17,37.8));
#7001 = VECTOR('',#7002,1.);
#7002 = DIRECTION('',(-1.,0.,0.));
#7003 = ORIENTED_EDGE('',*,*,#7004,.F.);
#7004 = EDGE_CURVE('',#7005,#6997,#7007,.T.);
#7005 = VERTEX_POINT('',#7006);
#7006 = CARTESIAN_POINT('',(-3.,0.,37.8));
#7007 = LINE('',#7008,#7009);
#7008 = CARTESIAN_POINT('',(-3.,5.E-17,37.8));
#7009 = VECTOR('',#7010,1.);
#7010 = DIRECTION('',(-1.,0.,0.));
#7011 = ORIENTED_EDGE('',*,*,#7012,.T.);
#7012 = EDGE_CURVE('',#7005,#7005,#7013,.T.);
#7013 = CIRCLE('',#7014,0.2);
#7014 = AXIS2_PLACEMENT_3D('',#7015,#7016,#7017);
#7015 = CARTESIAN_POINT('',(-3.,0.,38.));
#7016 = DIRECTION('',(-1.,0.,0.));
#7017 = DIRECTION('',(0.,0.,-1.));
#7018 = ORIENTED_EDGE('',*,*,#7004,.T.);
#7019 = ORIENTED_EDGE('',*,*,#7020,.F.);
#7020 = EDGE_CURVE('',#7021,#6997,#7023,.T.);
#7021 = VERTEX_POINT('',#7022);
#7022 = CARTESIAN_POINT('',(-12.85,0.,38.2));
#7023 = B_SPLINE_CURVE_WITH_KNOTS('',8,(#7024,#7025,#7026,#7027,#7028,
    #7029,#7030,#7031,#7032,#7033,#7034,#7035,#7036,#7037,#7038,#7039,
    #7040,#7041,#7042,#7043,#7044,#7045,#7046,#7047,#7048,#7049,#7050,
    #7051,#7052,#7053,#7054,#7055,#7056,#7057,#7058,#7059,#7060,#7061,
    #7062,#7063,#7064,#7065,#7066,#7067,#7068,#7069,#7070,#7071,#7072,
    #7073,#7074),.UNSPECIFIED.,.F.,.F.,(9,7,7,7,7,7,7,9),(0.,
    9.400969227149E-02,0.244650609522,0.367965376969,0.497314814922,
    0.629397086324,0.885750642599,1.),.UNSPECIFIED.);
#7024 = CARTESIAN_POINT('',(-12.84999999999,-5.9999999992E-07,
    38.199999999999));
#7025 = CARTESIAN_POINT('',(-12.85000003473,8.683404176882E-03,
    38.200000026051));
#7026 = CARTESIAN_POINT('',(-12.84942551791,1.729832015643E-02,
    38.199569086011));
#7027 = CARTESIAN_POINT('',(-12.84829238468,2.582425664568E-02,
    38.198719363585));
#7028 = CARTESIAN_POINT('',(-12.84663621106,3.42378855012E-02,
    38.197462746224));
#7029 = CARTESIAN_POINT('',(-12.84451216575,4.250774288899E-02,
    38.195813808547));
#7030 = CARTESIAN_POINT('',(-12.84199339302,5.059139670963E-02,
    38.193794379181));
#7031 = CARTESIAN_POINT('',(-12.83916782672,5.843448028882E-02,
    38.191439691012));
#7032 = CARTESIAN_POINT('',(-12.83127113362,7.804904354408E-02,
    38.184586078395));
#7033 = CARTESIAN_POINT('',(-12.82578273795,8.956399742443E-02,
    38.179572356619));
#7034 = CARTESIAN_POINT('',(-12.81991924711,0.100490824302,
    38.173844481439));
#7035 = CARTESIAN_POINT('',(-12.81390156336,0.110793965255,
    38.167486086387));
#7036 = CARTESIAN_POINT('',(-12.80789677996,0.120455946459,
    38.160574966572));
#7037 = CARTESIAN_POINT('',(-12.802011715,0.12948867736,38.153168973134)
  );
#7038 = CARTESIAN_POINT('',(-12.79630369141,0.137928032667,
    38.14528774221));
#7039 = CARTESIAN_POINT('',(-12.78631024744,0.152265309034,
    38.130016071854));
#7040 = CARTESIAN_POINT('',(-12.78197987326,0.158310209772,
    38.12283504599));
#7041 = CARTESIAN_POINT('',(-12.77786131878,0.163934817872,
    38.115374781711));
#7042 = CARTESIAN_POINT('',(-12.77398926276,0.169130470733,
    38.107661738275));
#7043 = CARTESIAN_POINT('',(-12.77039086661,0.173890714255,
    38.099720578205));
#7044 = CARTESIAN_POINT('',(-12.76708745614,0.178210571411,
    38.091573512214));
#7045 = CARTESIAN_POINT('',(-12.76409620338,0.182085810826,
    38.083239644124));
#7046 = CARTESIAN_POINT('',(-12.75863702557,0.189106298265,
    38.06581276112));
#7047 = CARTESIAN_POINT('',(-12.75620483631,0.192202688612,
    38.056711993839));
#7048 = CARTESIAN_POINT('',(-12.75415413413,0.194793604921,
    38.047461223866));
#7049 = CARTESIAN_POINT('',(-12.75249952791,0.196872779584,
    38.038090131322));
#7050 = CARTESIAN_POINT('',(-12.75125162263,0.198435464305,
    38.028628641621));
#7051 = CARTESIAN_POINT('',(-12.75041730017,0.19947843555,38.01910670056
    ));
#7052 = CARTESIAN_POINT('',(-12.75,0.2,38.009554049409));
#7053 = CARTESIAN_POINT('',(-12.75,0.2,37.990244097176));
#7054 = CARTESIAN_POINT('',(-12.75043512221,0.199456168331,
    37.980489788397));
#7055 = CARTESIAN_POINT('',(-12.7513050434,0.198368689538,
    37.970768209543));
#7056 = CARTESIAN_POINT('',(-12.75260602814,0.196739406591,
    37.961110977781));
#7057 = CARTESIAN_POINT('',(-12.75433060738,0.194571815403,
    37.951549942371));
#7058 = CARTESIAN_POINT('',(-12.75646725708,0.191871059351,
    37.942116935473));
#7059 = CARTESIAN_POINT('',(-12.75900007676,0.188643923794,
    37.932843522956));
#7060 = CARTESIAN_POINT('',(-12.76755325648,0.177630118808,
    37.906132349892));
#7061 = CARTESIAN_POINT('',(-12.77445847732,0.168608692245,
    37.889703101561));
#7062 = CARTESIAN_POINT('',(-12.7824753307,0.157904796794,
    37.874206737578));
#7063 = CARTESIAN_POINT('',(-12.79155643695,0.14540077816,
    37.859583641979));
#7064 = CARTESIAN_POINT('',(-12.8015845474,0.130959838799,
    37.846011059202));
#7065 = CARTESIAN_POINT('',(-12.81214095082,0.114633914246,
    37.833930883108));
#7066 = CARTESIAN_POINT('',(-12.82234342775,9.672100886675E-02,
    37.82369971839));
#7067 = CARTESIAN_POINT('',(-12.83512320794,6.886633467789E-02,
    37.811999534618));
#7068 = CARTESIAN_POINT('',(-12.83888229396,5.981393211668E-02,
    37.808734647525));
#7069 = CARTESIAN_POINT('',(-12.84230453919,5.03940847237E-02,
    37.805913492217));
#7070 = CARTESIAN_POINT('',(-12.84524222309,4.068989389175E-02,
    37.80359795273));
#7071 = CARTESIAN_POINT('',(-12.8475667504,3.076416491259E-02,
    37.801824725195));
#7072 = CARTESIAN_POINT('',(-12.8491762347,2.065870503757E-02,
    37.800617970227));
#7073 = CARTESIAN_POINT('',(-12.85,1.0398390143E-02,37.8));
#7074 = CARTESIAN_POINT('',(-12.85,5.E-17,37.8));
#7075 = ORIENTED_EDGE('',*,*,#7076,.T.);
#7076 = EDGE_CURVE('',#7021,#6988,#7077,.T.);
#7077 = LINE('',#7078,#7079);
#7078 = CARTESIAN_POINT('',(-3.,0.,38.2));
#7079 = VECTOR('',#7080,1.);
#7080 = DIRECTION('',(-1.,0.,0.));
#7081 = CYLINDRICAL_SURFACE('',#7082,0.2);
#7082 = AXIS2_PLACEMENT_3D('',#7083,#7084,#7085);
#7083 = CARTESIAN_POINT('',(-3.,0.,38.));
#7084 = DIRECTION('',(-1.,0.,0.));
#7085 = DIRECTION('',(0.,0.,-1.));
#7086 = ADVANCED_FACE('',(#7087),#7104,.T.);
#7087 = FACE_BOUND('',#7088,.T.);
#7088 = EDGE_LOOP('',(#7089,#7097,#7103));
#7089 = ORIENTED_EDGE('',*,*,#7090,.T.);
#7090 = EDGE_CURVE('',#6988,#7091,#7093,.T.);
#7091 = VERTEX_POINT('',#7092);
#7092 = CARTESIAN_POINT('',(-13.,0.,38.));
#7093 = LINE('',#7094,#7095);
#7094 = CARTESIAN_POINT('',(-13.,0.,38.));
#7095 = VECTOR('',#7096,1.);
#7096 = DIRECTION('',(0.,0.,-1.));
#7097 = ORIENTED_EDGE('',*,*,#7098,.T.);
#7098 = EDGE_CURVE('',#7091,#6986,#7099,.T.);
#7099 = LINE('',#7100,#7101);
#7100 = CARTESIAN_POINT('',(-13.,0.,38.));
#7101 = VECTOR('',#7102,1.);
#7102 = DIRECTION('',(0.,0.,-1.));
#7103 = ORIENTED_EDGE('',*,*,#6985,.T.);
#7104 = PLANE('',#7105);
#7105 = AXIS2_PLACEMENT_3D('',#7106,#7107,#7108);
#7106 = CARTESIAN_POINT('',(-13.,0.,38.));
#7107 = DIRECTION('',(-1.,0.,0.));
#7108 = DIRECTION('',(0.,0.,-1.));
#7109 = ADVANCED_FACE('',(#7110),#7132,.F.);
#7110 = FACE_BOUND('',#7111,.F.);
#7111 = EDGE_LOOP('',(#7112,#7113,#7122,#7129,#7130,#7131));
#7112 = ORIENTED_EDGE('',*,*,#6996,.F.);
#7113 = ORIENTED_EDGE('',*,*,#7114,.T.);
#7114 = EDGE_CURVE('',#6997,#7115,#7117,.T.);
#7115 = VERTEX_POINT('',#7116);
#7116 = CARTESIAN_POINT('',(-13.,0.,38.25));
#7117 = CIRCLE('',#7118,0.25);
#7118 = AXIS2_PLACEMENT_3D('',#7119,#7120,#7121);
#7119 = CARTESIAN_POINT('',(-13.,0.,38.));
#7120 = DIRECTION('',(0.,1.,0.));
#7121 = DIRECTION('',(0.,0.,1.));
#7122 = ORIENTED_EDGE('',*,*,#7123,.T.);
#7123 = EDGE_CURVE('',#7115,#7021,#7124,.T.);
#7124 = CIRCLE('',#7125,0.25);
#7125 = AXIS2_PLACEMENT_3D('',#7126,#7127,#7128);
#7126 = CARTESIAN_POINT('',(-13.,0.,38.));
#7127 = DIRECTION('',(0.,1.,0.));
#7128 = DIRECTION('',(0.,0.,1.));
#7129 = ORIENTED_EDGE('',*,*,#7076,.T.);
#7130 = ORIENTED_EDGE('',*,*,#7090,.T.);
#7131 = ORIENTED_EDGE('',*,*,#7098,.T.);
#7132 = PLANE('',#7133);
#7133 = AXIS2_PLACEMENT_3D('',#7134,#7135,#7136);
#7134 = CARTESIAN_POINT('',(-13.,0.,38.));
#7135 = DIRECTION('',(0.,1.,0.));
#7136 = DIRECTION('',(0.,0.,1.));
#7137 = ADVANCED_FACE('',(#7138),#7168,.T.);
#7138 = FACE_BOUND('',#7139,.T.);
#7139 = EDGE_LOOP('',(#7140,#7141,#7149,#7158,#7165,#7166,#7167));
#7140 = ORIENTED_EDGE('',*,*,#7114,.T.);
#7141 = ORIENTED_EDGE('',*,*,#7142,.T.);
#7142 = EDGE_CURVE('',#7115,#7143,#7145,.T.);
#7143 = VERTEX_POINT('',#7144);
#7144 = CARTESIAN_POINT('',(-13.,0.78125,38.25));
#7145 = LINE('',#7146,#7147);
#7146 = CARTESIAN_POINT('',(-13.,0.,38.25));
#7147 = VECTOR('',#7148,1.);
#7148 = DIRECTION('',(0.,1.,0.));
#7149 = ORIENTED_EDGE('',*,*,#7150,.F.);
#7150 = EDGE_CURVE('',#7151,#7143,#7153,.T.);
#7151 = VERTEX_POINT('',#7152);
#7152 = CARTESIAN_POINT('',(-13.,0.781250000001,37.75));
#7153 = CIRCLE('',#7154,0.25);
#7154 = AXIS2_PLACEMENT_3D('',#7155,#7156,#7157);
#7155 = CARTESIAN_POINT('',(-13.,0.78125,38.));
#7156 = DIRECTION('',(0.,1.,0.));
#7157 = DIRECTION('',(0.,0.,1.));
#7158 = ORIENTED_EDGE('',*,*,#7159,.F.);
#7159 = EDGE_CURVE('',#7143,#7151,#7160,.T.);
#7160 = CIRCLE('',#7161,0.25);
#7161 = AXIS2_PLACEMENT_3D('',#7162,#7163,#7164);
#7162 = CARTESIAN_POINT('',(-13.,0.78125,38.));
#7163 = DIRECTION('',(0.,1.,0.));
#7164 = DIRECTION('',(0.,0.,1.));
#7165 = ORIENTED_EDGE('',*,*,#7142,.F.);
#7166 = ORIENTED_EDGE('',*,*,#7123,.T.);
#7167 = ORIENTED_EDGE('',*,*,#7020,.T.);
#7168 = CYLINDRICAL_SURFACE('',#7169,0.25);
#7169 = AXIS2_PLACEMENT_3D('',#7170,#7171,#7172);
#7170 = CARTESIAN_POINT('',(-13.,0.,38.));
#7171 = DIRECTION('',(0.,1.,0.));
#7172 = DIRECTION('',(0.,0.,1.));
#7173 = ADVANCED_FACE('',(#7174),#7177,.F.);
#7174 = FACE_BOUND('',#7175,.T.);
#7175 = EDGE_LOOP('',(#7176));
#7176 = ORIENTED_EDGE('',*,*,#7012,.F.);
#7177 = PLANE('',#7178);
#7178 = AXIS2_PLACEMENT_3D('',#7179,#7180,#7181);
#7179 = CARTESIAN_POINT('',(-3.,0.,38.));
#7180 = DIRECTION('',(-1.,0.,0.));
#7181 = DIRECTION('',(0.,0.,-1.));
#7182 = ADVANCED_FACE('',(#7183),#7203,.T.);
#7183 = FACE_BOUND('',#7184,.T.);
#7184 = EDGE_LOOP('',(#7185,#7186,#7194,#7201,#7202));
#7185 = ORIENTED_EDGE('',*,*,#7159,.T.);
#7186 = ORIENTED_EDGE('',*,*,#7187,.F.);
#7187 = EDGE_CURVE('',#7188,#7151,#7190,.T.);
#7188 = VERTEX_POINT('',#7189);
#7189 = CARTESIAN_POINT('',(-13.,2.5,37.2));
#7190 = LINE('',#7191,#7192);
#7191 = CARTESIAN_POINT('',(-13.,2.5,37.2));
#7192 = VECTOR('',#7193,1.);
#7193 = DIRECTION('',(7.E-17,-0.952424147199,0.304775727104));
#7194 = ORIENTED_EDGE('',*,*,#7195,.T.);
#7195 = EDGE_CURVE('',#7188,#7188,#7196,.T.);
#7196 = CIRCLE('',#7197,0.8);
#7197 = AXIS2_PLACEMENT_3D('',#7198,#7199,#7200);
#7198 = CARTESIAN_POINT('',(-13.,2.5,38.));
#7199 = DIRECTION('',(0.,-1.,0.));
#7200 = DIRECTION('',(0.,0.,-1.));
#7201 = ORIENTED_EDGE('',*,*,#7187,.T.);
#7202 = ORIENTED_EDGE('',*,*,#7150,.T.);
#7203 = CONICAL_SURFACE('',#7204,0.8,0.309702944542);
#7204 = AXIS2_PLACEMENT_3D('',#7205,#7206,#7207);
#7205 = CARTESIAN_POINT('',(-13.,2.5,38.));
#7206 = DIRECTION('',(0.,1.,0.));
#7207 = DIRECTION('',(0.,0.,-1.));
#7208 = ADVANCED_FACE('',(#7209,#7212),#7223,.F.);
#7209 = FACE_BOUND('',#7210,.F.);
#7210 = EDGE_LOOP('',(#7211));
#7211 = ORIENTED_EDGE('',*,*,#7195,.T.);
#7212 = FACE_BOUND('',#7213,.F.);
#7213 = EDGE_LOOP('',(#7214));
#7214 = ORIENTED_EDGE('',*,*,#7215,.T.);
#7215 = EDGE_CURVE('',#7216,#7216,#7218,.T.);
#7216 = VERTEX_POINT('',#7217);
#7217 = CARTESIAN_POINT('',(-13.,2.5,38.25));
#7218 = CIRCLE('',#7219,0.25);
#7219 = AXIS2_PLACEMENT_3D('',#7220,#7221,#7222);
#7220 = CARTESIAN_POINT('',(-13.,2.5,38.));
#7221 = DIRECTION('',(0.,1.,0.));
#7222 = DIRECTION('',(0.,0.,1.));
#7223 = PLANE('',#7224);
#7224 = AXIS2_PLACEMENT_3D('',#7225,#7226,#7227);
#7225 = CARTESIAN_POINT('',(-13.,2.5,38.));
#7226 = DIRECTION('',(-0.,-1.,-0.));
#7227 = DIRECTION('',(0.,0.,-1.));
#7228 = ADVANCED_FACE('',(#7229),#7248,.T.);
#7229 = FACE_BOUND('',#7230,.T.);
#7230 = EDGE_LOOP('',(#7231,#7239,#7240,#7241));
#7231 = ORIENTED_EDGE('',*,*,#7232,.F.);
#7232 = EDGE_CURVE('',#7216,#7233,#7235,.T.);
#7233 = VERTEX_POINT('',#7234);
#7234 = CARTESIAN_POINT('',(-13.,87.5,38.25));
#7235 = LINE('',#7236,#7237);
#7236 = CARTESIAN_POINT('',(-13.,0.,38.25));
#7237 = VECTOR('',#7238,1.);
#7238 = DIRECTION('',(0.,1.,0.));
#7239 = ORIENTED_EDGE('',*,*,#7215,.T.);
#7240 = ORIENTED_EDGE('',*,*,#7232,.T.);
#7241 = ORIENTED_EDGE('',*,*,#7242,.F.);
#7242 = EDGE_CURVE('',#7233,#7233,#7243,.T.);
#7243 = CIRCLE('',#7244,0.25);
#7244 = AXIS2_PLACEMENT_3D('',#7245,#7246,#7247);
#7245 = CARTESIAN_POINT('',(-13.,87.5,38.));
#7246 = DIRECTION('',(0.,1.,0.));
#7247 = DIRECTION('',(0.,0.,1.));
#7248 = CYLINDRICAL_SURFACE('',#7249,0.25);
#7249 = AXIS2_PLACEMENT_3D('',#7250,#7251,#7252);
#7250 = CARTESIAN_POINT('',(-13.,0.,38.));
#7251 = DIRECTION('',(0.,1.,0.));
#7252 = DIRECTION('',(0.,0.,1.));
#7253 = ADVANCED_FACE('',(#7254,#7265),#7268,.F.);
#7254 = FACE_BOUND('',#7255,.F.);
#7255 = EDGE_LOOP('',(#7256));
#7256 = ORIENTED_EDGE('',*,*,#7257,.T.);
#7257 = EDGE_CURVE('',#7258,#7258,#7260,.T.);
#7258 = VERTEX_POINT('',#7259);
#7259 = CARTESIAN_POINT('',(-13.,87.5,38.8));
#7260 = CIRCLE('',#7261,0.8);
#7261 = AXIS2_PLACEMENT_3D('',#7262,#7263,#7264);
#7262 = CARTESIAN_POINT('',(-13.,87.5,38.));
#7263 = DIRECTION('',(0.,1.,0.));
#7264 = DIRECTION('',(0.,0.,1.));
#7265 = FACE_BOUND('',#7266,.F.);
#7266 = EDGE_LOOP('',(#7267));
#7267 = ORIENTED_EDGE('',*,*,#7242,.F.);
#7268 = PLANE('',#7269);
#7269 = AXIS2_PLACEMENT_3D('',#7270,#7271,#7272);
#7270 = CARTESIAN_POINT('',(-13.,87.5,38.));
#7271 = DIRECTION('',(0.,1.,0.));
#7272 = DIRECTION('',(0.,0.,1.));
#7273 = ADVANCED_FACE('',(#7274),#7293,.T.);
#7274 = FACE_BOUND('',#7275,.T.);
#7275 = EDGE_LOOP('',(#7276,#7285,#7291,#7292));
#7276 = ORIENTED_EDGE('',*,*,#7277,.F.);
#7277 = EDGE_CURVE('',#7278,#7278,#7280,.T.);
#7278 = VERTEX_POINT('',#7279);
#7279 = CARTESIAN_POINT('',(-13.,89.21875,38.25));
#7280 = CIRCLE('',#7281,0.25);
#7281 = AXIS2_PLACEMENT_3D('',#7282,#7283,#7284);
#7282 = CARTESIAN_POINT('',(-13.,89.21875,38.));
#7283 = DIRECTION('',(0.,1.,0.));
#7284 = DIRECTION('',(0.,0.,1.));
#7285 = ORIENTED_EDGE('',*,*,#7286,.F.);
#7286 = EDGE_CURVE('',#7258,#7278,#7287,.T.);
#7287 = LINE('',#7288,#7289);
#7288 = CARTESIAN_POINT('',(-13.,87.5,38.8));
#7289 = VECTOR('',#7290,1.);
#7290 = DIRECTION('',(7.E-17,0.952424147199,-0.304775727104));
#7291 = ORIENTED_EDGE('',*,*,#7257,.T.);
#7292 = ORIENTED_EDGE('',*,*,#7286,.T.);
#7293 = CONICAL_SURFACE('',#7294,0.8,0.309702944542);
#7294 = AXIS2_PLACEMENT_3D('',#7295,#7296,#7297);
#7295 = CARTESIAN_POINT('',(-13.,87.5,38.));
#7296 = DIRECTION('',(-0.,-1.,-0.));
#7297 = DIRECTION('',(0.,0.,1.));
#7298 = ADVANCED_FACE('',(#7299),#7318,.T.);
#7299 = FACE_BOUND('',#7300,.T.);
#7300 = EDGE_LOOP('',(#7301,#7302,#7310,#7317));
#7301 = ORIENTED_EDGE('',*,*,#7277,.T.);
#7302 = ORIENTED_EDGE('',*,*,#7303,.T.);
#7303 = EDGE_CURVE('',#7278,#7304,#7306,.T.);
#7304 = VERTEX_POINT('',#7305);
#7305 = CARTESIAN_POINT('',(-13.,90.,38.25));
#7306 = LINE('',#7307,#7308);
#7307 = CARTESIAN_POINT('',(-13.,0.,38.25));
#7308 = VECTOR('',#7309,1.);
#7309 = DIRECTION('',(0.,1.,0.));
#7310 = ORIENTED_EDGE('',*,*,#7311,.F.);
#7311 = EDGE_CURVE('',#7304,#7304,#7312,.T.);
#7312 = CIRCLE('',#7313,0.25);
#7313 = AXIS2_PLACEMENT_3D('',#7314,#7315,#7316);
#7314 = CARTESIAN_POINT('',(-13.,90.,38.));
#7315 = DIRECTION('',(0.,1.,0.));
#7316 = DIRECTION('',(0.,0.,1.));
#7317 = ORIENTED_EDGE('',*,*,#7303,.F.);
#7318 = CYLINDRICAL_SURFACE('',#7319,0.25);
#7319 = AXIS2_PLACEMENT_3D('',#7320,#7321,#7322);
#7320 = CARTESIAN_POINT('',(-13.,0.,38.));
#7321 = DIRECTION('',(0.,1.,0.));
#7322 = DIRECTION('',(0.,0.,1.));
#7323 = ADVANCED_FACE('',(#7324),#7327,.T.);
#7324 = FACE_BOUND('',#7325,.T.);
#7325 = EDGE_LOOP('',(#7326));
#7326 = ORIENTED_EDGE('',*,*,#7311,.T.);
#7327 = PLANE('',#7328);
#7328 = AXIS2_PLACEMENT_3D('',#7329,#7330,#7331);
#7329 = CARTESIAN_POINT('',(-13.,90.,38.));
#7330 = DIRECTION('',(0.,1.,0.));
#7331 = DIRECTION('',(0.,0.,1.));
#7332 = MANIFOLD_SOLID_BREP('',#7333);
#7333 = CLOSED_SHELL('',(#7334,#7367,#7376));
#7334 = ADVANCED_FACE('',(#7335),#7362,.T.);
#7335 = FACE_BOUND('',#7336,.T.);
#7336 = EDGE_LOOP('',(#7337,#7346,#7354,#7361));
#7337 = ORIENTED_EDGE('',*,*,#7338,.F.);
#7338 = EDGE_CURVE('',#7339,#7339,#7341,.T.);
#7339 = VERTEX_POINT('',#7340);
#7340 = CARTESIAN_POINT('',(-4.,90.,37.8));
#7341 = CIRCLE('',#7342,0.2);
#7342 = AXIS2_PLACEMENT_3D('',#7343,#7344,#7345);
#7343 = CARTESIAN_POINT('',(-4.,90.,38.));
#7344 = DIRECTION('',(-1.,0.,0.));
#7345 = DIRECTION('',(0.,0.,-1.));
#7346 = ORIENTED_EDGE('',*,*,#7347,.F.);
#7347 = EDGE_CURVE('',#7348,#7339,#7350,.T.);
#7348 = VERTEX_POINT('',#7349);
#7349 = CARTESIAN_POINT('',(-3.,90.,37.8));
#7350 = LINE('',#7351,#7352);
#7351 = CARTESIAN_POINT('',(-3.,90.,37.8));
#7352 = VECTOR('',#7353,1.);
#7353 = DIRECTION('',(-1.,0.,0.));
#7354 = ORIENTED_EDGE('',*,*,#7355,.T.);
#7355 = EDGE_CURVE('',#7348,#7348,#7356,.T.);
#7356 = CIRCLE('',#7357,0.2);
#7357 = AXIS2_PLACEMENT_3D('',#7358,#7359,#7360);
#7358 = CARTESIAN_POINT('',(-3.,90.,38.));
#7359 = DIRECTION('',(-1.,0.,0.));
#7360 = DIRECTION('',(0.,0.,-1.));
#7361 = ORIENTED_EDGE('',*,*,#7347,.T.);
#7362 = CYLINDRICAL_SURFACE('',#7363,0.2);
#7363 = AXIS2_PLACEMENT_3D('',#7364,#7365,#7366);
#7364 = CARTESIAN_POINT('',(-3.,90.,38.));
#7365 = DIRECTION('',(-1.,0.,0.));
#7366 = DIRECTION('',(0.,0.,-1.));
#7367 = ADVANCED_FACE('',(#7368),#7371,.T.);
#7368 = FACE_BOUND('',#7369,.T.);
#7369 = EDGE_LOOP('',(#7370));
#7370 = ORIENTED_EDGE('',*,*,#7338,.T.);
#7371 = PLANE('',#7372);
#7372 = AXIS2_PLACEMENT_3D('',#7373,#7374,#7375);
#7373 = CARTESIAN_POINT('',(-4.,90.,38.));
#7374 = DIRECTION('',(-1.,0.,0.));
#7375 = DIRECTION('',(0.,0.,-1.));
#7376 = ADVANCED_FACE('',(#7377),#7380,.F.);
#7377 = FACE_BOUND('',#7378,.T.);
#7378 = EDGE_LOOP('',(#7379));
#7379 = ORIENTED_EDGE('',*,*,#7355,.F.);
#7380 = PLANE('',#7381);
#7381 = AXIS2_PLACEMENT_3D('',#7382,#7383,#7384);
#7382 = CARTESIAN_POINT('',(-3.,90.,38.));
#7383 = DIRECTION('',(-1.,0.,0.));
#7384 = DIRECTION('',(0.,0.,-1.));
#7385 = MANIFOLD_SOLID_BREP('',#7386);
#7386 = CLOSED_SHELL('',(#7387,#7498,#7521,#7549,#7586,#7595,#7621,#7641
    ,#7666,#7686,#7711,#7736));
#7387 = ADVANCED_FACE('',(#7388),#7493,.T.);
#7388 = FACE_BOUND('',#7389,.T.);
#7389 = EDGE_LOOP('',(#7390,#7401,#7409,#7444,#7452,#7459,#7460,#7487));
#7390 = ORIENTED_EDGE('',*,*,#7391,.F.);
#7391 = EDGE_CURVE('',#7392,#7394,#7396,.T.);
#7392 = VERTEX_POINT('',#7393);
#7393 = CARTESIAN_POINT('',(75.,19.8,0.));
#7394 = VERTEX_POINT('',#7395);
#7395 = CARTESIAN_POINT('',(75.,20.2,0.));
#7396 = CIRCLE('',#7397,0.2);
#7397 = AXIS2_PLACEMENT_3D('',#7398,#7399,#7400);
#7398 = CARTESIAN_POINT('',(75.,20.,0.));
#7399 = DIRECTION('',(1.,0.,-0.));
#7400 = DIRECTION('',(0.,0.,1.));
#7401 = ORIENTED_EDGE('',*,*,#7402,.F.);
#7402 = EDGE_CURVE('',#7403,#7392,#7405,.T.);
#7403 = VERTEX_POINT('',#7404);
#7404 = CARTESIAN_POINT('',(74.85,19.8,0.));
#7405 = LINE('',#7406,#7407);
#7406 = CARTESIAN_POINT('',(65.,19.8,0.));
#7407 = VECTOR('',#7408,1.);
#7408 = DIRECTION('',(1.,0.,0.));
#7409 = ORIENTED_EDGE('',*,*,#7410,.F.);
#7410 = EDGE_CURVE('',#7411,#7403,#7413,.T.);
#7411 = VERTEX_POINT('',#7412);
#7412 = CARTESIAN_POINT('',(74.75,20.,0.2));
#7413 = B_SPLINE_CURVE_WITH_KNOTS('',8,(#7414,#7415,#7416,#7417,#7418,
    #7419,#7420,#7421,#7422,#7423,#7424,#7425,#7426,#7427,#7428,#7429,
    #7430,#7431,#7432,#7433,#7434,#7435,#7436,#7437,#7438,#7439,#7440,
    #7441,#7442,#7443),.UNSPECIFIED.,.F.,.F.,(9,7,7,7,9),(0.,
    0.262722954058,0.771635929042,0.932066577607,1.),.UNSPECIFIED.);
#7414 = CARTESIAN_POINT('',(74.75,20.,0.2));
#7415 = CARTESIAN_POINT('',(74.75,19.99024406568,0.2));
#7416 = CARTESIAN_POINT('',(74.750435125467,19.98048975108,
    0.199456165401));
#7417 = CARTESIAN_POINT('',(74.751305048145,19.970768188437,
    0.198368684565));
#7418 = CARTESIAN_POINT('',(74.752606029753,19.9611109868,0.196739404207
    ));
#7419 = CARTESIAN_POINT('',(74.754330601254,19.951549983737,
    0.194571821651));
#7420 = CARTESIAN_POINT('',(74.75646724213,19.942116997036,
    0.191871077088));
#7421 = CARTESIAN_POINT('',(74.759000059644,19.93284357641,
    0.188643945834));
#7422 = CARTESIAN_POINT('',(74.76754226139,19.906166687037,
    0.177644277027));
#7423 = CARTESIAN_POINT('',(74.774441446255,19.889736385733,
    0.168631135589));
#7424 = CARTESIAN_POINT('',(74.782462873804,19.874220979164,
    0.157922256391));
#7425 = CARTESIAN_POINT('',(74.791556370099,19.859577649856,
    0.14540256648));
#7426 = CARTESIAN_POINT('',(74.801596026962,19.845995479029,
    0.130945036656));
#7427 = CARTESIAN_POINT('',(74.812155027045,19.833916370822,
    0.114611242739));
#7428 = CARTESIAN_POINT('',(74.822351587613,19.82369224785,
    9.670322372253E-02));
#7429 = CARTESIAN_POINT('',(74.833967636848,19.813057486628,
    7.138500525026E-02));
#7430 = CARTESIAN_POINT('',(74.83664238625,19.810696955651,
    6.512609515567E-02));
#7431 = CARTESIAN_POINT('',(74.839164736213,19.808547349189,
    5.869508055764E-02));
#7432 = CARTESIAN_POINT('',(74.841491461866,19.806626370991,
    5.210806558445E-02));
#7433 = CARTESIAN_POINT('',(74.843580104694,19.804948383492,
    4.537838494355E-02));
#7434 = CARTESIAN_POINT('',(74.845389990691,19.803525841027,
    3.851617575636E-02));
#7435 = CARTESIAN_POINT('',(74.846883248536,19.802370723055,
    3.152794939316E-02));
#7436 = CARTESIAN_POINT('',(74.848509646256,19.801125557181,
    2.140471897098E-02));
#7437 = CARTESIAN_POINT('',(74.848929848308,19.800806018796,
    1.837579911193E-02));
#7438 = CARTESIAN_POINT('',(74.849283713632,19.800538371506,
    1.533246859102E-02));
#7439 = CARTESIAN_POINT('',(74.849569053671,19.800323432078,
    1.227768475181E-02));
#7440 = CARTESIAN_POINT('',(74.849784211586,19.800161814755,
    9.214297421199E-03));
#7441 = CARTESIAN_POINT('',(74.84992806226,19.800053931257,
    6.145048909416E-03));
#7442 = CARTESIAN_POINT('',(74.850000012292,19.799999990781,
    3.072574010043E-03));
#7443 = CARTESIAN_POINT('',(74.849999999999,19.800000000001,
    -6.0000000004E-07));
#7444 = ORIENTED_EDGE('',*,*,#7445,.F.);
#7445 = EDGE_CURVE('',#7446,#7411,#7448,.T.);
#7446 = VERTEX_POINT('',#7447);
#7447 = CARTESIAN_POINT('',(65.,20.,0.2));
#7448 = LINE('',#7449,#7450);
#7449 = CARTESIAN_POINT('',(65.,20.,0.2));
#7450 = VECTOR('',#7451,1.);
#7451 = DIRECTION('',(1.,0.,0.));
#7452 = ORIENTED_EDGE('',*,*,#7453,.T.);
#7453 = EDGE_CURVE('',#7446,#7446,#7454,.T.);
#7454 = CIRCLE('',#7455,0.2);
#7455 = AXIS2_PLACEMENT_3D('',#7456,#7457,#7458);
#7456 = CARTESIAN_POINT('',(65.,20.,0.));
#7457 = DIRECTION('',(1.,0.,-0.));
#7458 = DIRECTION('',(0.,0.,1.));
#7459 = ORIENTED_EDGE('',*,*,#7445,.T.);
#7460 = ORIENTED_EDGE('',*,*,#7461,.F.);
#7461 = EDGE_CURVE('',#7462,#7411,#7464,.T.);
#7462 = VERTEX_POINT('',#7463);
#7463 = CARTESIAN_POINT('',(74.85,20.2,0.));
#7464 = B_SPLINE_CURVE_WITH_KNOTS('',6,(#7465,#7466,#7467,#7468,#7469,
    #7470,#7471,#7472,#7473,#7474,#7475,#7476,#7477,#7478,#7479,#7480,
    #7481,#7482,#7483,#7484,#7485,#7486),.UNSPECIFIED.,.F.,.F.,(7,5,5,5,
    7),(0.,0.189035117759,0.491944560857,0.735512913001,1.),
  .UNSPECIFIED.);
#7465 = CARTESIAN_POINT('',(74.849999999999,20.199999999999,
    -5.9999999997E-07));
#7466 = CARTESIAN_POINT('',(74.850000046313,20.200000034735,
    1.157807223584E-02));
#7467 = CARTESIAN_POINT('',(74.848927596384,20.199195599432,
    2.302777983666E-02));
#7468 = CARTESIAN_POINT('',(74.846827268641,20.197620808469,
    3.429282718216E-02));
#7469 = CARTESIAN_POINT('',(74.843835338884,20.195308393695,
    4.530148001652E-02));
#7470 = CARTESIAN_POINT('',(74.840179290505,20.192317549732,
    5.59221096074E-02));
#7471 = CARTESIAN_POINT('',(74.829650366365,20.183179399577,
    8.207486061444E-02));
#7472 = CARTESIAN_POINT('',(74.821998588727,20.176071138371,
    9.712813387852E-02));
#7473 = CARTESIAN_POINT('',(74.813880898929,20.167704020598,
    0.111059649042));
#7474 = CARTESIAN_POINT('',(74.805859643168,20.158319876505,
    0.12375130653));
#7475 = CARTESIAN_POINT('',(74.798135400765,20.148086903484,
    0.135300137496));
#7476 = CARTESIAN_POINT('',(74.784917080781,20.127887077872,
    0.154264040959));
#7477 = CARTESIAN_POINT('',(74.779327854852,20.118330912208,
    0.161980582661));
#7478 = CARTESIAN_POINT('',(74.774157575067,20.108295214174,
    0.168930201744));
#7479 = CARTESIAN_POINT('',(74.769482737713,20.097848389245,
    0.17509483711));
#7480 = CARTESIAN_POINT('',(74.765354136301,20.087048052902,
    0.18046310049));
#7481 = CARTESIAN_POINT('',(74.757964297578,20.063868109275,
    0.189976336297));
#7482 = CARTESIAN_POINT('',(74.754813449457,20.051449554401,
    0.193969583131));
#7483 = CARTESIAN_POINT('',(74.752415454375,20.038765457677,
    0.196980468111));
#7484 = CARTESIAN_POINT('',(74.750805451942,20.025904010918,
    0.198993317613));
#7485 = CARTESIAN_POINT('',(74.75,20.012953493093,0.2));
#7486 = CARTESIAN_POINT('',(74.75,20.,0.2));
#7487 = ORIENTED_EDGE('',*,*,#7488,.T.);
#7488 = EDGE_CURVE('',#7462,#7394,#7489,.T.);
#7489 = LINE('',#7490,#7491);
#7490 = CARTESIAN_POINT('',(65.,20.2,0.));
#7491 = VECTOR('',#7492,1.);
#7492 = DIRECTION('',(1.,0.,0.));
#7493 = CYLINDRICAL_SURFACE('',#7494,0.2);
#7494 = AXIS2_PLACEMENT_3D('',#7495,#7496,#7497);
#7495 = CARTESIAN_POINT('',(65.,20.,0.));
#7496 = DIRECTION('',(1.,0.,0.));
#7497 = DIRECTION('',(0.,0.,1.));
#7498 = ADVANCED_FACE('',(#7499),#7516,.T.);
#7499 = FACE_BOUND('',#7500,.T.);
#7500 = EDGE_LOOP('',(#7501,#7509,#7515));
#7501 = ORIENTED_EDGE('',*,*,#7502,.T.);
#7502 = EDGE_CURVE('',#7394,#7503,#7505,.T.);
#7503 = VERTEX_POINT('',#7504);
#7504 = CARTESIAN_POINT('',(75.,20.,0.));
#7505 = LINE('',#7506,#7507);
#7506 = CARTESIAN_POINT('',(75.,20.,0.));
#7507 = VECTOR('',#7508,1.);
#7508 = DIRECTION('',(0.,-1.,0.));
#7509 = ORIENTED_EDGE('',*,*,#7510,.T.);
#7510 = EDGE_CURVE('',#7503,#7392,#7511,.T.);
#7511 = LINE('',#7512,#7513);
#7512 = CARTESIAN_POINT('',(75.,20.,0.));
#7513 = VECTOR('',#7514,1.);
#7514 = DIRECTION('',(0.,-1.,0.));
#7515 = ORIENTED_EDGE('',*,*,#7391,.T.);
#7516 = PLANE('',#7517);
#7517 = AXIS2_PLACEMENT_3D('',#7518,#7519,#7520);
#7518 = CARTESIAN_POINT('',(75.,20.,0.));
#7519 = DIRECTION('',(1.,0.,0.));
#7520 = DIRECTION('',(0.,0.,1.));
#7521 = ADVANCED_FACE('',(#7522),#7544,.F.);
#7522 = FACE_BOUND('',#7523,.F.);
#7523 = EDGE_LOOP('',(#7524,#7533,#7540,#7541,#7542,#7543));
#7524 = ORIENTED_EDGE('',*,*,#7525,.T.);
#7525 = EDGE_CURVE('',#7403,#7526,#7528,.T.);
#7526 = VERTEX_POINT('',#7527);
#7527 = CARTESIAN_POINT('',(75.25,20.,0.));
#7528 = CIRCLE('',#7529,0.25);
#7529 = AXIS2_PLACEMENT_3D('',#7530,#7531,#7532);
#7530 = CARTESIAN_POINT('',(75.,20.,0.));
#7531 = DIRECTION('',(0.,0.,1.));
#7532 = DIRECTION('',(1.,0.,0.));
#7533 = ORIENTED_EDGE('',*,*,#7534,.T.);
#7534 = EDGE_CURVE('',#7526,#7462,#7535,.T.);
#7535 = CIRCLE('',#7536,0.25);
#7536 = AXIS2_PLACEMENT_3D('',#7537,#7538,#7539);
#7537 = CARTESIAN_POINT('',(75.,20.,0.));
#7538 = DIRECTION('',(0.,0.,1.));
#7539 = DIRECTION('',(1.,0.,0.));
#7540 = ORIENTED_EDGE('',*,*,#7488,.T.);
#7541 = ORIENTED_EDGE('',*,*,#7502,.T.);
#7542 = ORIENTED_EDGE('',*,*,#7510,.T.);
#7543 = ORIENTED_EDGE('',*,*,#7402,.F.);
#7544 = PLANE('',#7545);
#7545 = AXIS2_PLACEMENT_3D('',#7546,#7547,#7548);
#7546 = CARTESIAN_POINT('',(75.,20.,0.));
#7547 = DIRECTION('',(0.,0.,1.));
#7548 = DIRECTION('',(1.,0.,0.));
#7549 = ADVANCED_FACE('',(#7550),#7581,.T.);
#7550 = FACE_BOUND('',#7551,.T.);
#7551 = EDGE_LOOP('',(#7552,#7553,#7561,#7570,#7577,#7578,#7579,#7580));
#7552 = ORIENTED_EDGE('',*,*,#7525,.T.);
#7553 = ORIENTED_EDGE('',*,*,#7554,.T.);
#7554 = EDGE_CURVE('',#7526,#7555,#7557,.T.);
#7555 = VERTEX_POINT('',#7556);
#7556 = CARTESIAN_POINT('',(75.25,20.,0.78125));
#7557 = LINE('',#7558,#7559);
#7558 = CARTESIAN_POINT('',(75.25,20.,0.));
#7559 = VECTOR('',#7560,1.);
#7560 = DIRECTION('',(0.,0.,1.));
#7561 = ORIENTED_EDGE('',*,*,#7562,.F.);
#7562 = EDGE_CURVE('',#7563,#7555,#7565,.T.);
#7563 = VERTEX_POINT('',#7564);
#7564 = CARTESIAN_POINT('',(74.749999999999,20.,0.781250000004));
#7565 = CIRCLE('',#7566,0.25);
#7566 = AXIS2_PLACEMENT_3D('',#7567,#7568,#7569);
#7567 = CARTESIAN_POINT('',(75.,20.,0.78125));
#7568 = DIRECTION('',(-0.,0.,1.));
#7569 = DIRECTION('',(0.,-1.,0.));
#7570 = ORIENTED_EDGE('',*,*,#7571,.F.);
#7571 = EDGE_CURVE('',#7555,#7563,#7572,.T.);
#7572 = CIRCLE('',#7573,0.25);
#7573 = AXIS2_PLACEMENT_3D('',#7574,#7575,#7576);
#7574 = CARTESIAN_POINT('',(75.,20.,0.78125));
#7575 = DIRECTION('',(-0.,0.,1.));
#7576 = DIRECTION('',(0.,-1.,0.));
#7577 = ORIENTED_EDGE('',*,*,#7554,.F.);
#7578 = ORIENTED_EDGE('',*,*,#7534,.T.);
#7579 = ORIENTED_EDGE('',*,*,#7461,.T.);
#7580 = ORIENTED_EDGE('',*,*,#7410,.T.);
#7581 = CYLINDRICAL_SURFACE('',#7582,0.25);
#7582 = AXIS2_PLACEMENT_3D('',#7583,#7584,#7585);
#7583 = CARTESIAN_POINT('',(75.,20.,0.));
#7584 = DIRECTION('',(0.,0.,1.));
#7585 = DIRECTION('',(1.,0.,0.));
#7586 = ADVANCED_FACE('',(#7587),#7590,.F.);
#7587 = FACE_BOUND('',#7588,.T.);
#7588 = EDGE_LOOP('',(#7589));
#7589 = ORIENTED_EDGE('',*,*,#7453,.F.);
#7590 = PLANE('',#7591);
#7591 = AXIS2_PLACEMENT_3D('',#7592,#7593,#7594);
#7592 = CARTESIAN_POINT('',(65.,20.,0.));
#7593 = DIRECTION('',(1.,0.,0.));
#7594 = DIRECTION('',(0.,0.,1.));
#7595 = ADVANCED_FACE('',(#7596),#7616,.T.);
#7596 = FACE_BOUND('',#7597,.T.);
#7597 = EDGE_LOOP('',(#7598,#7599,#7607,#7614,#7615));
#7598 = ORIENTED_EDGE('',*,*,#7571,.T.);
#7599 = ORIENTED_EDGE('',*,*,#7600,.F.);
#7600 = EDGE_CURVE('',#7601,#7563,#7603,.T.);
#7601 = VERTEX_POINT('',#7602);
#7602 = CARTESIAN_POINT('',(74.2,20.,2.5));
#7603 = LINE('',#7604,#7605);
#7604 = CARTESIAN_POINT('',(74.2,20.,2.5));
#7605 = VECTOR('',#7606,1.);
#7606 = DIRECTION('',(0.304775727104,7.E-17,-0.952424147199));
#7607 = ORIENTED_EDGE('',*,*,#7608,.T.);
#7608 = EDGE_CURVE('',#7601,#7601,#7609,.T.);
#7609 = CIRCLE('',#7610,0.8);
#7610 = AXIS2_PLACEMENT_3D('',#7611,#7612,#7613);
#7611 = CARTESIAN_POINT('',(75.,20.,2.5));
#7612 = DIRECTION('',(0.,0.,-1.));
#7613 = DIRECTION('',(-1.,0.,0.));
#7614 = ORIENTED_EDGE('',*,*,#7600,.T.);
#7615 = ORIENTED_EDGE('',*,*,#7562,.T.);
#7616 = CONICAL_SURFACE('',#7617,0.8,0.309702944542);
#7617 = AXIS2_PLACEMENT_3D('',#7618,#7619,#7620);
#7618 = CARTESIAN_POINT('',(75.,20.,2.5));
#7619 = DIRECTION('',(0.,0.,1.));
#7620 = DIRECTION('',(-1.,0.,0.));
#7621 = ADVANCED_FACE('',(#7622,#7625),#7636,.F.);
#7622 = FACE_BOUND('',#7623,.F.);
#7623 = EDGE_LOOP('',(#7624));
#7624 = ORIENTED_EDGE('',*,*,#7608,.T.);
#7625 = FACE_BOUND('',#7626,.F.);
#7626 = EDGE_LOOP('',(#7627));
#7627 = ORIENTED_EDGE('',*,*,#7628,.T.);
#7628 = EDGE_CURVE('',#7629,#7629,#7631,.T.);
#7629 = VERTEX_POINT('',#7630);
#7630 = CARTESIAN_POINT('',(75.25,20.,2.5));
#7631 = CIRCLE('',#7632,0.25);
#7632 = AXIS2_PLACEMENT_3D('',#7633,#7634,#7635);
#7633 = CARTESIAN_POINT('',(75.,20.,2.5));
#7634 = DIRECTION('',(0.,0.,1.));
#7635 = DIRECTION('',(1.,0.,0.));
#7636 = PLANE('',#7637);
#7637 = AXIS2_PLACEMENT_3D('',#7638,#7639,#7640);
#7638 = CARTESIAN_POINT('',(75.,20.,2.5));
#7639 = DIRECTION('',(-0.,-0.,-1.));
#7640 = DIRECTION('',(-1.,0.,0.));
#7641 = ADVANCED_FACE('',(#7642),#7661,.T.);
#7642 = FACE_BOUND('',#7643,.T.);
#7643 = EDGE_LOOP('',(#7644,#7652,#7653,#7654));
#7644 = ORIENTED_EDGE('',*,*,#7645,.F.);
#7645 = EDGE_CURVE('',#7629,#7646,#7648,.T.);
#7646 = VERTEX_POINT('',#7647);
#7647 = CARTESIAN_POINT('',(75.25,20.,35.5));
#7648 = LINE('',#7649,#7650);
#7649 = CARTESIAN_POINT('',(75.25,20.,0.));
#7650 = VECTOR('',#7651,1.);
#7651 = DIRECTION('',(0.,0.,1.));
#7652 = ORIENTED_EDGE('',*,*,#7628,.T.);
#7653 = ORIENTED_EDGE('',*,*,#7645,.T.);
#7654 = ORIENTED_EDGE('',*,*,#7655,.F.);
#7655 = EDGE_CURVE('',#7646,#7646,#7656,.T.);
#7656 = CIRCLE('',#7657,0.25);
#7657 = AXIS2_PLACEMENT_3D('',#7658,#7659,#7660);
#7658 = CARTESIAN_POINT('',(75.,20.,35.5));
#7659 = DIRECTION('',(0.,0.,1.));
#7660 = DIRECTION('',(1.,0.,0.));
#7661 = CYLINDRICAL_SURFACE('',#7662,0.25);
#7662 = AXIS2_PLACEMENT_3D('',#7663,#7664,#7665);
#7663 = CARTESIAN_POINT('',(75.,20.,0.));
#7664 = DIRECTION('',(0.,0.,1.));
#7665 = DIRECTION('',(1.,0.,0.));
#7666 = ADVANCED_FACE('',(#7667,#7678),#7681,.F.);
#7667 = FACE_BOUND('',#7668,.F.);
#7668 = EDGE_LOOP('',(#7669));
#7669 = ORIENTED_EDGE('',*,*,#7670,.T.);
#7670 = EDGE_CURVE('',#7671,#7671,#7673,.T.);
#7671 = VERTEX_POINT('',#7672);
#7672 = CARTESIAN_POINT('',(75.8,20.,35.5));
#7673 = CIRCLE('',#7674,0.8);
#7674 = AXIS2_PLACEMENT_3D('',#7675,#7676,#7677);
#7675 = CARTESIAN_POINT('',(75.,20.,35.5));
#7676 = DIRECTION('',(0.,0.,1.));
#7677 = DIRECTION('',(1.,0.,0.));
#7678 = FACE_BOUND('',#7679,.F.);
#7679 = EDGE_LOOP('',(#7680));
#7680 = ORIENTED_EDGE('',*,*,#7655,.F.);
#7681 = PLANE('',#7682);
#7682 = AXIS2_PLACEMENT_3D('',#7683,#7684,#7685);
#7683 = CARTESIAN_POINT('',(75.,20.,35.5));
#7684 = DIRECTION('',(0.,0.,1.));
#7685 = DIRECTION('',(1.,0.,0.));
#7686 = ADVANCED_FACE('',(#7687),#7706,.T.);
#7687 = FACE_BOUND('',#7688,.T.);
#7688 = EDGE_LOOP('',(#7689,#7698,#7704,#7705));
#7689 = ORIENTED_EDGE('',*,*,#7690,.F.);
#7690 = EDGE_CURVE('',#7691,#7691,#7693,.T.);
#7691 = VERTEX_POINT('',#7692);
#7692 = CARTESIAN_POINT('',(75.25,20.,37.21875));
#7693 = CIRCLE('',#7694,0.25);
#7694 = AXIS2_PLACEMENT_3D('',#7695,#7696,#7697);
#7695 = CARTESIAN_POINT('',(75.,20.,37.21875));
#7696 = DIRECTION('',(-0.,0.,1.));
#7697 = DIRECTION('',(0.,-1.,0.));
#7698 = ORIENTED_EDGE('',*,*,#7699,.F.);
#7699 = EDGE_CURVE('',#7671,#7691,#7700,.T.);
#7700 = LINE('',#7701,#7702);
#7701 = CARTESIAN_POINT('',(75.8,20.,35.5));
#7702 = VECTOR('',#7703,1.);
#7703 = DIRECTION('',(-0.304775727104,7.E-17,0.952424147199));
#7704 = ORIENTED_EDGE('',*,*,#7670,.T.);
#7705 = ORIENTED_EDGE('',*,*,#7699,.T.);
#7706 = CONICAL_SURFACE('',#7707,0.8,0.309702944542);
#7707 = AXIS2_PLACEMENT_3D('',#7708,#7709,#7710);
#7708 = CARTESIAN_POINT('',(75.,20.,35.5));
#7709 = DIRECTION('',(-0.,-0.,-1.));
#7710 = DIRECTION('',(1.,0.,0.));
#7711 = ADVANCED_FACE('',(#7712),#7731,.T.);
#7712 = FACE_BOUND('',#7713,.T.);
#7713 = EDGE_LOOP('',(#7714,#7715,#7723,#7730));
#7714 = ORIENTED_EDGE('',*,*,#7690,.T.);
#7715 = ORIENTED_EDGE('',*,*,#7716,.T.);
#7716 = EDGE_CURVE('',#7691,#7717,#7719,.T.);
#7717 = VERTEX_POINT('',#7718);
#7718 = CARTESIAN_POINT('',(75.25,20.,38.));
#7719 = LINE('',#7720,#7721);
#7720 = CARTESIAN_POINT('',(75.25,20.,0.));
#7721 = VECTOR('',#7722,1.);
#7722 = DIRECTION('',(0.,0.,1.));
#7723 = ORIENTED_EDGE('',*,*,#7724,.F.);
#7724 = EDGE_CURVE('',#7717,#7717,#7725,.T.);
#7725 = CIRCLE('',#7726,0.25);
#7726 = AXIS2_PLACEMENT_3D('',#7727,#7728,#7729);
#7727 = CARTESIAN_POINT('',(75.,20.,38.));
#7728 = DIRECTION('',(0.,0.,1.));
#7729 = DIRECTION('',(1.,0.,0.));
#7730 = ORIENTED_EDGE('',*,*,#7716,.F.);
#7731 = CYLINDRICAL_SURFACE('',#7732,0.25);
#7732 = AXIS2_PLACEMENT_3D('',#7733,#7734,#7735);
#7733 = CARTESIAN_POINT('',(75.,20.,0.));
#7734 = DIRECTION('',(0.,0.,1.));
#7735 = DIRECTION('',(1.,0.,0.));
#7736 = ADVANCED_FACE('',(#7737),#7740,.T.);
#7737 = FACE_BOUND('',#7738,.T.);
#7738 = EDGE_LOOP('',(#7739));
#7739 = ORIENTED_EDGE('',*,*,#7724,.T.);
#7740 = PLANE('',#7741);
#7741 = AXIS2_PLACEMENT_3D('',#7742,#7743,#7744);
#7742 = CARTESIAN_POINT('',(75.,20.,38.));
#7743 = DIRECTION('',(0.,0.,1.));
#7744 = DIRECTION('',(1.,0.,0.));
#7745 = MANIFOLD_SOLID_BREP('',#7746);
#7746 = CLOSED_SHELL('',(#7747,#7780,#7789));
#7747 = ADVANCED_FACE('',(#7748),#7775,.T.);
#7748 = FACE_BOUND('',#7749,.T.);
#7749 = EDGE_LOOP('',(#7750,#7759,#7767,#7774));
#7750 = ORIENTED_EDGE('',*,*,#7751,.F.);
#7751 = EDGE_CURVE('',#7752,#7752,#7754,.T.);
#7752 = VERTEX_POINT('',#7753);
#7753 = CARTESIAN_POINT('',(66.,20.,38.2));
#7754 = CIRCLE('',#7755,0.2);
#7755 = AXIS2_PLACEMENT_3D('',#7756,#7757,#7758);
#7756 = CARTESIAN_POINT('',(66.,20.,38.));
#7757 = DIRECTION('',(1.,0.,-0.));
#7758 = DIRECTION('',(0.,0.,1.));
#7759 = ORIENTED_EDGE('',*,*,#7760,.F.);
#7760 = EDGE_CURVE('',#7761,#7752,#7763,.T.);
#7761 = VERTEX_POINT('',#7762);
#7762 = CARTESIAN_POINT('',(65.,20.,38.2));
#7763 = LINE('',#7764,#7765);
#7764 = CARTESIAN_POINT('',(65.,20.,38.2));
#7765 = VECTOR('',#7766,1.);
#7766 = DIRECTION('',(1.,0.,0.));
#7767 = ORIENTED_EDGE('',*,*,#7768,.T.);
#7768 = EDGE_CURVE('',#7761,#7761,#7769,.T.);
#7769 = CIRCLE('',#7770,0.2);
#7770 = AXIS2_PLACEMENT_3D('',#7771,#7772,#7773);
#7771 = CARTESIAN_POINT('',(65.,20.,38.));
#7772 = DIRECTION('',(1.,0.,-0.));
#7773 = DIRECTION('',(0.,0.,1.));
#7774 = ORIENTED_EDGE('',*,*,#7760,.T.);
#7775 = CYLINDRICAL_SURFACE('',#7776,0.2);
#7776 = AXIS2_PLACEMENT_3D('',#7777,#7778,#7779);
#7777 = CARTESIAN_POINT('',(65.,20.,38.));
#7778 = DIRECTION('',(1.,0.,0.));
#7779 = DIRECTION('',(0.,0.,1.));
#7780 = ADVANCED_FACE('',(#7781),#7784,.T.);
#7781 = FACE_BOUND('',#7782,.T.);
#7782 = EDGE_LOOP('',(#7783));
#7783 = ORIENTED_EDGE('',*,*,#7751,.T.);
#7784 = PLANE('',#7785);
#7785 = AXIS2_PLACEMENT_3D('',#7786,#7787,#7788);
#7786 = CARTESIAN_POINT('',(66.,20.,38.));
#7787 = DIRECTION('',(1.,0.,0.));
#7788 = DIRECTION('',(0.,0.,1.));
#7789 = ADVANCED_FACE('',(#7790),#7793,.F.);
#7790 = FACE_BOUND('',#7791,.T.);
#7791 = EDGE_LOOP('',(#7792));
#7792 = ORIENTED_EDGE('',*,*,#7768,.F.);
#7793 = PLANE('',#7794);
#7794 = AXIS2_PLACEMENT_3D('',#7795,#7796,#7797);
#7795 = CARTESIAN_POINT('',(65.,20.,38.));
#7796 = DIRECTION('',(1.,0.,0.));
#7797 = DIRECTION('',(0.,0.,1.));
#7798 = MANIFOLD_SOLID_BREP('',#7799);
#7799 = CLOSED_SHELL('',(#7800,#7840,#7871,#7902,#8018,#8134,#8151,#8168
    ,#8185,#8202,#8214,#8236,#8253,#8270,#8282,#8299,#8316));
#7800 = ADVANCED_FACE('',(#7801),#7835,.F.);
#7801 = FACE_BOUND('',#7802,.F.);
#7802 = EDGE_LOOP('',(#7803,#7813,#7821,#7829));
#7803 = ORIENTED_EDGE('',*,*,#7804,.T.);
#7804 = EDGE_CURVE('',#7805,#7807,#7809,.T.);
#7805 = VERTEX_POINT('',#7806);
#7806 = CARTESIAN_POINT('',(8.,0.,36.));
#7807 = VERTEX_POINT('',#7808);
#7808 = CARTESIAN_POINT('',(8.,0.,38.));
#7809 = LINE('',#7810,#7811);
#7810 = CARTESIAN_POINT('',(8.,0.,36.));
#7811 = VECTOR('',#7812,1.);
#7812 = DIRECTION('',(0.,0.,1.));
#7813 = ORIENTED_EDGE('',*,*,#7814,.T.);
#7814 = EDGE_CURVE('',#7807,#7815,#7817,.T.);
#7815 = VERTEX_POINT('',#7816);
#7816 = CARTESIAN_POINT('',(54.,0.,38.));
#7817 = LINE('',#7818,#7819);
#7818 = CARTESIAN_POINT('',(8.,0.,38.));
#7819 = VECTOR('',#7820,1.);
#7820 = DIRECTION('',(1.,0.,0.));
#7821 = ORIENTED_EDGE('',*,*,#7822,.F.);
#7822 = EDGE_CURVE('',#7823,#7815,#7825,.T.);
#7823 = VERTEX_POINT('',#7824);
#7824 = CARTESIAN_POINT('',(54.,0.,36.));
#7825 = LINE('',#7826,#7827);
#7826 = CARTESIAN_POINT('',(54.,0.,36.));
#7827 = VECTOR('',#7828,1.);
#7828 = DIRECTION('',(0.,0.,1.));
#7829 = ORIENTED_EDGE('',*,*,#7830,.F.);
#7830 = EDGE_CURVE('',#7805,#7823,#7831,.T.);
#7831 = LINE('',#7832,#7833);
#7832 = CARTESIAN_POINT('',(8.,0.,36.));
#7833 = VECTOR('',#7834,1.);
#7834 = DIRECTION('',(1.,0.,0.));
#7835 = PLANE('',#7836);
#7836 = AXIS2_PLACEMENT_3D('',#7837,#7838,#7839);
#7837 = CARTESIAN_POINT('',(8.,0.,36.));
#7838 = DIRECTION('',(0.,1.,0.));
#7839 = DIRECTION('',(1.,0.,0.));
#7840 = ADVANCED_FACE('',(#7841),#7866,.F.);
#7841 = FACE_BOUND('',#7842,.F.);
#7842 = EDGE_LOOP('',(#7843,#7853,#7859,#7860));
#7843 = ORIENTED_EDGE('',*,*,#7844,.T.);
#7844 = EDGE_CURVE('',#7845,#7847,#7849,.T.);
#7845 = VERTEX_POINT('',#7846);
#7846 = CARTESIAN_POINT('',(0.,8.,36.));
#7847 = VERTEX_POINT('',#7848);
#7848 = CARTESIAN_POINT('',(0.,8.,38.));
#7849 = LINE('',#7850,#7851);
#7850 = CARTESIAN_POINT('',(0.,8.,36.));
#7851 = VECTOR('',#7852,1.);
#7852 = DIRECTION('',(0.,0.,1.));
#7853 = ORIENTED_EDGE('',*,*,#7854,.T.);
#7854 = EDGE_CURVE('',#7847,#7807,#7855,.T.);
#7855 = LINE('',#7856,#7857);
#7856 = CARTESIAN_POINT('',(0.,8.,38.));
#7857 = VECTOR('',#7858,1.);
#7858 = DIRECTION('',(0.707106781187,-0.707106781187,0.));
#7859 = ORIENTED_EDGE('',*,*,#7804,.F.);
#7860 = ORIENTED_EDGE('',*,*,#7861,.F.);
#7861 = EDGE_CURVE('',#7845,#7805,#7862,.T.);
#7862 = LINE('',#7863,#7864);
#7863 = CARTESIAN_POINT('',(0.,8.,36.));
#7864 = VECTOR('',#7865,1.);
#7865 = DIRECTION('',(0.707106781187,-0.707106781187,0.));
#7866 = PLANE('',#7867);
#7867 = AXIS2_PLACEMENT_3D('',#7868,#7869,#7870);
#7868 = CARTESIAN_POINT('',(0.,8.,36.));
#7869 = DIRECTION('',(0.707106781187,0.707106781187,0.));
#7870 = DIRECTION('',(0.707106781187,-0.707106781187,0.));
#7871 = ADVANCED_FACE('',(#7872),#7897,.F.);
#7872 = FACE_BOUND('',#7873,.F.);
#7873 = EDGE_LOOP('',(#7874,#7875,#7883,#7891));
#7874 = ORIENTED_EDGE('',*,*,#7822,.T.);
#7875 = ORIENTED_EDGE('',*,*,#7876,.T.);
#7876 = EDGE_CURVE('',#7815,#7877,#7879,.T.);
#7877 = VERTEX_POINT('',#7878);
#7878 = CARTESIAN_POINT('',(62.,8.,38.));
#7879 = LINE('',#7880,#7881);
#7880 = CARTESIAN_POINT('',(54.,0.,38.));
#7881 = VECTOR('',#7882,1.);
#7882 = DIRECTION('',(0.707106781187,0.707106781187,0.));
#7883 = ORIENTED_EDGE('',*,*,#7884,.F.);
#7884 = EDGE_CURVE('',#7885,#7877,#7887,.T.);
#7885 = VERTEX_POINT('',#7886);
#7886 = CARTESIAN_POINT('',(62.,8.,36.));
#7887 = LINE('',#7888,#7889);
#7888 = CARTESIAN_POINT('',(62.,8.,36.));
#7889 = VECTOR('',#7890,1.);
#7890 = DIRECTION('',(0.,0.,1.));
#7891 = ORIENTED_EDGE('',*,*,#7892,.F.);
#7892 = EDGE_CURVE('',#7823,#7885,#7893,.T.);
#7893 = LINE('',#7894,#7895);
#7894 = CARTESIAN_POINT('',(54.,0.,36.));
#7895 = VECTOR('',#7896,1.);
#7896 = DIRECTION('',(0.707106781187,0.707106781187,0.));
#7897 = PLANE('',#7898);
#7898 = AXIS2_PLACEMENT_3D('',#7899,#7900,#7901);
#7899 = CARTESIAN_POINT('',(54.,0.,36.));
#7900 = DIRECTION('',(-0.707106781187,0.707106781187,0.));
#7901 = DIRECTION('',(0.707106781187,0.707106781187,0.));
#7902 = ADVANCED_FACE('',(#7903,#7946,#7980,#7991,#8002),#8013,.F.);
#7903 = FACE_BOUND('',#7904,.F.);
#7904 = EDGE_LOOP('',(#7905,#7906,#7907,#7915,#7923,#7931,#7939,#7945));
#7905 = ORIENTED_EDGE('',*,*,#7830,.T.);
#7906 = ORIENTED_EDGE('',*,*,#7892,.T.);
#7907 = ORIENTED_EDGE('',*,*,#7908,.T.);
#7908 = EDGE_CURVE('',#7885,#7909,#7911,.T.);
#7909 = VERTEX_POINT('',#7910);
#7910 = CARTESIAN_POINT('',(62.,82.,36.));
#7911 = LINE('',#7912,#7913);
#7912 = CARTESIAN_POINT('',(62.,8.,36.));
#7913 = VECTOR('',#7914,1.);
#7914 = DIRECTION('',(0.,1.,0.));
#7915 = ORIENTED_EDGE('',*,*,#7916,.T.);
#7916 = EDGE_CURVE('',#7909,#7917,#7919,.T.);
#7917 = VERTEX_POINT('',#7918);
#7918 = CARTESIAN_POINT('',(54.,90.,36.));
#7919 = LINE('',#7920,#7921);
#7920 = CARTESIAN_POINT('',(62.,82.,36.));
#7921 = VECTOR('',#7922,1.);
#7922 = DIRECTION('',(-0.707106781187,0.707106781187,0.));
#7923 = ORIENTED_EDGE('',*,*,#7924,.T.);
#7924 = EDGE_CURVE('',#7917,#7925,#7927,.T.);
#7925 = VERTEX_POINT('',#7926);
#7926 = CARTESIAN_POINT('',(8.,90.,36.));
#7927 = LINE('',#7928,#7929);
#7928 = CARTESIAN_POINT('',(54.,90.,36.));
#7929 = VECTOR('',#7930,1.);
#7930 = DIRECTION('',(-1.,0.,0.));
#7931 = ORIENTED_EDGE('',*,*,#7932,.T.);
#7932 = EDGE_CURVE('',#7925,#7933,#7935,.T.);
#7933 = VERTEX_POINT('',#7934);
#7934 = CARTESIAN_POINT('',(0.,82.,36.));
#7935 = LINE('',#7936,#7937);
#7936 = CARTESIAN_POINT('',(8.,90.,36.));
#7937 = VECTOR('',#7938,1.);
#7938 = DIRECTION('',(-0.707106781187,-0.707106781187,0.));
#7939 = ORIENTED_EDGE('',*,*,#7940,.T.);
#7940 = EDGE_CURVE('',#7933,#7845,#7941,.T.);
#7941 = LINE('',#7942,#7943);
#7942 = CARTESIAN_POINT('',(0.,82.,36.));
#7943 = VECTOR('',#7944,1.);
#7944 = DIRECTION('',(0.,-1.,0.));
#7945 = ORIENTED_EDGE('',*,*,#7861,.T.);
#7946 = FACE_BOUND('',#7947,.F.);
#7947 = EDGE_LOOP('',(#7948,#7958,#7966,#7974));
#7948 = ORIENTED_EDGE('',*,*,#7949,.T.);
#7949 = EDGE_CURVE('',#7950,#7952,#7954,.T.);
#7950 = VERTEX_POINT('',#7951);
#7951 = CARTESIAN_POINT('',(35.75,19.1,36.));
#7952 = VERTEX_POINT('',#7953);
#7953 = CARTESIAN_POINT('',(26.25,19.1,36.));
#7954 = LINE('',#7955,#7956);
#7955 = CARTESIAN_POINT('',(28.625,19.1,36.));
#7956 = VECTOR('',#7957,1.);
#7957 = DIRECTION('',(-1.,0.,0.));
#7958 = ORIENTED_EDGE('',*,*,#7959,.T.);
#7959 = EDGE_CURVE('',#7952,#7960,#7962,.T.);
#7960 = VERTEX_POINT('',#7961);
#7961 = CARTESIAN_POINT('',(26.25,24.1,36.));
#7962 = LINE('',#7963,#7964);
#7963 = CARTESIAN_POINT('',(26.25,32.05,36.));
#7964 = VECTOR('',#7965,1.);
#7965 = DIRECTION('',(0.,1.,0.));
#7966 = ORIENTED_EDGE('',*,*,#7967,.F.);
#7967 = EDGE_CURVE('',#7968,#7960,#7970,.T.);
#7968 = VERTEX_POINT('',#7969);
#7969 = CARTESIAN_POINT('',(35.75,24.1,36.));
#7970 = LINE('',#7971,#7972);
#7971 = CARTESIAN_POINT('',(28.625,24.1,36.));
#7972 = VECTOR('',#7973,1.);
#7973 = DIRECTION('',(-1.,0.,0.));
#7974 = ORIENTED_EDGE('',*,*,#7975,.F.);
#7975 = EDGE_CURVE('',#7950,#7968,#7976,.T.);
#7976 = LINE('',#7977,#7978);
#7977 = CARTESIAN_POINT('',(35.75,32.05,36.));
#7978 = VECTOR('',#7979,1.);
#7979 = DIRECTION('',(0.,1.,0.));
#7980 = FACE_BOUND('',#7981,.F.);
#7981 = EDGE_LOOP('',(#7982));
#7982 = ORIENTED_EDGE('',*,*,#7983,.F.);
#7983 = EDGE_CURVE('',#7984,#7984,#7986,.T.);
#7984 = VERTEX_POINT('',#7985);
#7985 = CARTESIAN_POINT('',(35.,43.2,36.));
#7986 = CIRCLE('',#7987,4.);
#7987 = AXIS2_PLACEMENT_3D('',#7988,#7989,#7990);
#7988 = CARTESIAN_POINT('',(31.,43.2,36.));
#7989 = DIRECTION('',(0.,0.,1.));
#7990 = DIRECTION('',(1.,0.,0.));
#7991 = FACE_BOUND('',#7992,.F.);
#7992 = EDGE_LOOP('',(#7993));
#7993 = ORIENTED_EDGE('',*,*,#7994,.F.);
#7994 = EDGE_CURVE('',#7995,#7995,#7997,.T.);
#7995 = VERTEX_POINT('',#7996);
#7996 = CARTESIAN_POINT('',(15.,75.,36.));
#7997 = CIRCLE('',#7998,1.5);
#7998 = AXIS2_PLACEMENT_3D('',#7999,#8000,#8001);
#7999 = CARTESIAN_POINT('',(13.5,75.,36.));
#8000 = DIRECTION('',(0.,0.,1.));
#8001 = DIRECTION('',(1.,0.,0.));
#8002 = FACE_BOUND('',#8003,.F.);
#8003 = EDGE_LOOP('',(#8004));
#8004 = ORIENTED_EDGE('',*,*,#8005,.F.);
#8005 = EDGE_CURVE('',#8006,#8006,#8008,.T.);
#8006 = VERTEX_POINT('',#8007);
#8007 = CARTESIAN_POINT('',(33.8,66.6,36.));
#8008 = CIRCLE('',#8009,2.8);
#8009 = AXIS2_PLACEMENT_3D('',#8010,#8011,#8012);
#8010 = CARTESIAN_POINT('',(31.,66.6,36.));
#8011 = DIRECTION('',(0.,0.,1.));
#8012 = DIRECTION('',(1.,0.,0.));
#8013 = PLANE('',#8014);
#8014 = AXIS2_PLACEMENT_3D('',#8015,#8016,#8017);
#8015 = CARTESIAN_POINT('',(31.,45.,36.));
#8016 = DIRECTION('',(0.,0.,1.));
#8017 = DIRECTION('',(1.,0.,0.));
#8018 = ADVANCED_FACE('',(#8019,#8062,#8096,#8107,#8118),#8129,.T.);
#8019 = FACE_BOUND('',#8020,.T.);
#8020 = EDGE_LOOP('',(#8021,#8022,#8023,#8031,#8039,#8047,#8055,#8061));
#8021 = ORIENTED_EDGE('',*,*,#7814,.T.);
#8022 = ORIENTED_EDGE('',*,*,#7876,.T.);
#8023 = ORIENTED_EDGE('',*,*,#8024,.T.);
#8024 = EDGE_CURVE('',#7877,#8025,#8027,.T.);
#8025 = VERTEX_POINT('',#8026);
#8026 = CARTESIAN_POINT('',(62.,82.,38.));
#8027 = LINE('',#8028,#8029);
#8028 = CARTESIAN_POINT('',(62.,8.,38.));
#8029 = VECTOR('',#8030,1.);
#8030 = DIRECTION('',(0.,1.,0.));
#8031 = ORIENTED_EDGE('',*,*,#8032,.T.);
#8032 = EDGE_CURVE('',#8025,#8033,#8035,.T.);
#8033 = VERTEX_POINT('',#8034);
#8034 = CARTESIAN_POINT('',(54.,90.,38.));
#8035 = LINE('',#8036,#8037);
#8036 = CARTESIAN_POINT('',(62.,82.,38.));
#8037 = VECTOR('',#8038,1.);
#8038 = DIRECTION('',(-0.707106781187,0.707106781187,0.));
#8039 = ORIENTED_EDGE('',*,*,#8040,.T.);
#8040 = EDGE_CURVE('',#8033,#8041,#8043,.T.);
#8041 = VERTEX_POINT('',#8042);
#8042 = CARTESIAN_POINT('',(8.,90.,38.));
#8043 = LINE('',#8044,#8045);
#8044 = CARTESIAN_POINT('',(54.,90.,38.));
#8045 = VECTOR('',#8046,1.);
#8046 = DIRECTION('',(-1.,0.,0.));
#8047 = ORIENTED_EDGE('',*,*,#8048,.T.);
#8048 = EDGE_CURVE('',#8041,#8049,#8051,.T.);
#8049 = VERTEX_POINT('',#8050);
#8050 = CARTESIAN_POINT('',(0.,82.,38.));
#8051 = LINE('',#8052,#8053);
#8052 = CARTESIAN_POINT('',(8.,90.,38.));
#8053 = VECTOR('',#8054,1.);
#8054 = DIRECTION('',(-0.707106781187,-0.707106781187,0.));
#8055 = ORIENTED_EDGE('',*,*,#8056,.T.);
#8056 = EDGE_CURVE('',#8049,#7847,#8057,.T.);
#8057 = LINE('',#8058,#8059);
#8058 = CARTESIAN_POINT('',(0.,82.,38.));
#8059 = VECTOR('',#8060,1.);
#8060 = DIRECTION('',(0.,-1.,0.));
#8061 = ORIENTED_EDGE('',*,*,#7854,.T.);
#8062 = FACE_BOUND('',#8063,.T.);
#8063 = EDGE_LOOP('',(#8064,#8074,#8082,#8090));
#8064 = ORIENTED_EDGE('',*,*,#8065,.T.);
#8065 = EDGE_CURVE('',#8066,#8068,#8070,.T.);
#8066 = VERTEX_POINT('',#8067);
#8067 = CARTESIAN_POINT('',(35.75,19.1,38.));
#8068 = VERTEX_POINT('',#8069);
#8069 = CARTESIAN_POINT('',(26.25,19.1,38.));
#8070 = LINE('',#8071,#8072);
#8071 = CARTESIAN_POINT('',(28.625,19.1,38.));
#8072 = VECTOR('',#8073,1.);
#8073 = DIRECTION('',(-1.,0.,0.));
#8074 = ORIENTED_EDGE('',*,*,#8075,.T.);
#8075 = EDGE_CURVE('',#8068,#8076,#8078,.T.);
#8076 = VERTEX_POINT('',#8077);
#8077 = CARTESIAN_POINT('',(26.25,24.1,38.));
#8078 = LINE('',#8079,#8080);
#8079 = CARTESIAN_POINT('',(26.25,32.05,38.));
#8080 = VECTOR('',#8081,1.);
#8081 = DIRECTION('',(0.,1.,0.));
#8082 = ORIENTED_EDGE('',*,*,#8083,.F.);
#8083 = EDGE_CURVE('',#8084,#8076,#8086,.T.);
#8084 = VERTEX_POINT('',#8085);
#8085 = CARTESIAN_POINT('',(35.75,24.1,38.));
#8086 = LINE('',#8087,#8088);
#8087 = CARTESIAN_POINT('',(28.625,24.1,38.));
#8088 = VECTOR('',#8089,1.);
#8089 = DIRECTION('',(-1.,0.,0.));
#8090 = ORIENTED_EDGE('',*,*,#8091,.F.);
#8091 = EDGE_CURVE('',#8066,#8084,#8092,.T.);
#8092 = LINE('',#8093,#8094);
#8093 = CARTESIAN_POINT('',(35.75,32.05,38.));
#8094 = VECTOR('',#8095,1.);
#8095 = DIRECTION('',(0.,1.,0.));
#8096 = FACE_BOUND('',#8097,.T.);
#8097 = EDGE_LOOP('',(#8098));
#8098 = ORIENTED_EDGE('',*,*,#8099,.F.);
#8099 = EDGE_CURVE('',#8100,#8100,#8102,.T.);
#8100 = VERTEX_POINT('',#8101);
#8101 = CARTESIAN_POINT('',(35.,43.2,38.));
#8102 = CIRCLE('',#8103,4.);
#8103 = AXIS2_PLACEMENT_3D('',#8104,#8105,#8106);
#8104 = CARTESIAN_POINT('',(31.,43.2,38.));
#8105 = DIRECTION('',(0.,0.,1.));
#8106 = DIRECTION('',(1.,0.,0.));
#8107 = FACE_BOUND('',#8108,.T.);
#8108 = EDGE_LOOP('',(#8109));
#8109 = ORIENTED_EDGE('',*,*,#8110,.F.);
#8110 = EDGE_CURVE('',#8111,#8111,#8113,.T.);
#8111 = VERTEX_POINT('',#8112);
#8112 = CARTESIAN_POINT('',(15.,75.,38.));
#8113 = CIRCLE('',#8114,1.5);
#8114 = AXIS2_PLACEMENT_3D('',#8115,#8116,#8117);
#8115 = CARTESIAN_POINT('',(13.5,75.,38.));
#8116 = DIRECTION('',(0.,0.,1.));
#8117 = DIRECTION('',(1.,0.,0.));
#8118 = FACE_BOUND('',#8119,.T.);
#8119 = EDGE_LOOP('',(#8120));
#8120 = ORIENTED_EDGE('',*,*,#8121,.F.);
#8121 = EDGE_CURVE('',#8122,#8122,#8124,.T.);
#8122 = VERTEX_POINT('',#8123);
#8123 = CARTESIAN_POINT('',(33.8,66.6,38.));
#8124 = CIRCLE('',#8125,2.8);
#8125 = AXIS2_PLACEMENT_3D('',#8126,#8127,#8128);
#8126 = CARTESIAN_POINT('',(31.,66.6,38.));
#8127 = DIRECTION('',(0.,0.,1.));
#8128 = DIRECTION('',(1.,0.,0.));
#8129 = PLANE('',#8130);
#8130 = AXIS2_PLACEMENT_3D('',#8131,#8132,#8133);
#8131 = CARTESIAN_POINT('',(31.,45.,38.));
#8132 = DIRECTION('',(0.,0.,1.));
#8133 = DIRECTION('',(1.,0.,0.));
#8134 = ADVANCED_FACE('',(#8135),#8146,.F.);
#8135 = FACE_BOUND('',#8136,.F.);
#8136 = EDGE_LOOP('',(#8137,#8143,#8144,#8145));
#8137 = ORIENTED_EDGE('',*,*,#8138,.T.);
#8138 = EDGE_CURVE('',#7933,#8049,#8139,.T.);
#8139 = LINE('',#8140,#8141);
#8140 = CARTESIAN_POINT('',(0.,82.,36.));
#8141 = VECTOR('',#8142,1.);
#8142 = DIRECTION('',(0.,0.,1.));
#8143 = ORIENTED_EDGE('',*,*,#8056,.T.);
#8144 = ORIENTED_EDGE('',*,*,#7844,.F.);
#8145 = ORIENTED_EDGE('',*,*,#7940,.F.);
#8146 = PLANE('',#8147);
#8147 = AXIS2_PLACEMENT_3D('',#8148,#8149,#8150);
#8148 = CARTESIAN_POINT('',(0.,82.,36.));
#8149 = DIRECTION('',(1.,0.,0.));
#8150 = DIRECTION('',(0.,-1.,0.));
#8151 = ADVANCED_FACE('',(#8152),#8163,.F.);
#8152 = FACE_BOUND('',#8153,.F.);
#8153 = EDGE_LOOP('',(#8154,#8155,#8156,#8162));
#8154 = ORIENTED_EDGE('',*,*,#7884,.T.);
#8155 = ORIENTED_EDGE('',*,*,#8024,.T.);
#8156 = ORIENTED_EDGE('',*,*,#8157,.F.);
#8157 = EDGE_CURVE('',#7909,#8025,#8158,.T.);
#8158 = LINE('',#8159,#8160);
#8159 = CARTESIAN_POINT('',(62.,82.,36.));
#8160 = VECTOR('',#8161,1.);
#8161 = DIRECTION('',(0.,0.,1.));
#8162 = ORIENTED_EDGE('',*,*,#7908,.F.);
#8163 = PLANE('',#8164);
#8164 = AXIS2_PLACEMENT_3D('',#8165,#8166,#8167);
#8165 = CARTESIAN_POINT('',(62.,8.,36.));
#8166 = DIRECTION('',(-1.,0.,0.));
#8167 = DIRECTION('',(0.,1.,0.));
#8168 = ADVANCED_FACE('',(#8169),#8180,.F.);
#8169 = FACE_BOUND('',#8170,.F.);
#8170 = EDGE_LOOP('',(#8171,#8177,#8178,#8179));
#8171 = ORIENTED_EDGE('',*,*,#8172,.T.);
#8172 = EDGE_CURVE('',#7925,#8041,#8173,.T.);
#8173 = LINE('',#8174,#8175);
#8174 = CARTESIAN_POINT('',(8.,90.,36.));
#8175 = VECTOR('',#8176,1.);
#8176 = DIRECTION('',(0.,0.,1.));
#8177 = ORIENTED_EDGE('',*,*,#8048,.T.);
#8178 = ORIENTED_EDGE('',*,*,#8138,.F.);
#8179 = ORIENTED_EDGE('',*,*,#7932,.F.);
#8180 = PLANE('',#8181);
#8181 = AXIS2_PLACEMENT_3D('',#8182,#8183,#8184);
#8182 = CARTESIAN_POINT('',(8.,90.,36.));
#8183 = DIRECTION('',(0.707106781187,-0.707106781187,0.));
#8184 = DIRECTION('',(-0.707106781187,-0.707106781187,0.));
#8185 = ADVANCED_FACE('',(#8186),#8197,.F.);
#8186 = FACE_BOUND('',#8187,.F.);
#8187 = EDGE_LOOP('',(#8188,#8189,#8190,#8196));
#8188 = ORIENTED_EDGE('',*,*,#8157,.T.);
#8189 = ORIENTED_EDGE('',*,*,#8032,.T.);
#8190 = ORIENTED_EDGE('',*,*,#8191,.F.);
#8191 = EDGE_CURVE('',#7917,#8033,#8192,.T.);
#8192 = LINE('',#8193,#8194);
#8193 = CARTESIAN_POINT('',(54.,90.,36.));
#8194 = VECTOR('',#8195,1.);
#8195 = DIRECTION('',(0.,0.,1.));
#8196 = ORIENTED_EDGE('',*,*,#7916,.F.);
#8197 = PLANE('',#8198);
#8198 = AXIS2_PLACEMENT_3D('',#8199,#8200,#8201);
#8199 = CARTESIAN_POINT('',(62.,82.,36.));
#8200 = DIRECTION('',(-0.707106781187,-0.707106781187,0.));
#8201 = DIRECTION('',(-0.707106781187,0.707106781187,0.));
#8202 = ADVANCED_FACE('',(#8203),#8209,.F.);
#8203 = FACE_BOUND('',#8204,.F.);
#8204 = EDGE_LOOP('',(#8205,#8206,#8207,#8208));
#8205 = ORIENTED_EDGE('',*,*,#8191,.T.);
#8206 = ORIENTED_EDGE('',*,*,#8040,.T.);
#8207 = ORIENTED_EDGE('',*,*,#8172,.F.);
#8208 = ORIENTED_EDGE('',*,*,#7924,.F.);
#8209 = PLANE('',#8210);
#8210 = AXIS2_PLACEMENT_3D('',#8211,#8212,#8213);
#8211 = CARTESIAN_POINT('',(54.,90.,36.));
#8212 = DIRECTION('',(0.,-1.,0.));
#8213 = DIRECTION('',(-1.,0.,0.));
#8214 = ADVANCED_FACE('',(#8215),#8231,.T.);
#8215 = FACE_BOUND('',#8216,.T.);
#8216 = EDGE_LOOP('',(#8217,#8223,#8224,#8230));
#8217 = ORIENTED_EDGE('',*,*,#8218,.F.);
#8218 = EDGE_CURVE('',#7950,#8066,#8219,.T.);
#8219 = LINE('',#8220,#8221);
#8220 = CARTESIAN_POINT('',(35.75,19.1,35.));
#8221 = VECTOR('',#8222,1.);
#8222 = DIRECTION('',(0.,0.,1.));
#8223 = ORIENTED_EDGE('',*,*,#7949,.T.);
#8224 = ORIENTED_EDGE('',*,*,#8225,.T.);
#8225 = EDGE_CURVE('',#7952,#8068,#8226,.T.);
#8226 = LINE('',#8227,#8228);
#8227 = CARTESIAN_POINT('',(26.25,19.1,35.));
#8228 = VECTOR('',#8229,1.);
#8229 = DIRECTION('',(0.,0.,1.));
#8230 = ORIENTED_EDGE('',*,*,#8065,.F.);
#8231 = PLANE('',#8232);
#8232 = AXIS2_PLACEMENT_3D('',#8233,#8234,#8235);
#8233 = CARTESIAN_POINT('',(26.25,19.1,35.));
#8234 = DIRECTION('',(0.,1.,0.));
#8235 = DIRECTION('',(0.,0.,1.));
#8236 = ADVANCED_FACE('',(#8237),#8248,.F.);
#8237 = FACE_BOUND('',#8238,.F.);
#8238 = EDGE_LOOP('',(#8239,#8240,#8241,#8247));
#8239 = ORIENTED_EDGE('',*,*,#8218,.F.);
#8240 = ORIENTED_EDGE('',*,*,#7975,.T.);
#8241 = ORIENTED_EDGE('',*,*,#8242,.T.);
#8242 = EDGE_CURVE('',#7968,#8084,#8243,.T.);
#8243 = LINE('',#8244,#8245);
#8244 = CARTESIAN_POINT('',(35.75,24.1,35.));
#8245 = VECTOR('',#8246,1.);
#8246 = DIRECTION('',(0.,0.,1.));
#8247 = ORIENTED_EDGE('',*,*,#8091,.F.);
#8248 = PLANE('',#8249);
#8249 = AXIS2_PLACEMENT_3D('',#8250,#8251,#8252);
#8250 = CARTESIAN_POINT('',(35.75,19.1,35.));
#8251 = DIRECTION('',(1.,0.,0.));
#8252 = DIRECTION('',(0.,0.,1.));
#8253 = ADVANCED_FACE('',(#8254),#8265,.T.);
#8254 = FACE_BOUND('',#8255,.T.);
#8255 = EDGE_LOOP('',(#8256,#8257,#8258,#8264));
#8256 = ORIENTED_EDGE('',*,*,#8225,.F.);
#8257 = ORIENTED_EDGE('',*,*,#7959,.T.);
#8258 = ORIENTED_EDGE('',*,*,#8259,.T.);
#8259 = EDGE_CURVE('',#7960,#8076,#8260,.T.);
#8260 = LINE('',#8261,#8262);
#8261 = CARTESIAN_POINT('',(26.25,24.1,35.));
#8262 = VECTOR('',#8263,1.);
#8263 = DIRECTION('',(0.,0.,1.));
#8264 = ORIENTED_EDGE('',*,*,#8075,.F.);
#8265 = PLANE('',#8266);
#8266 = AXIS2_PLACEMENT_3D('',#8267,#8268,#8269);
#8267 = CARTESIAN_POINT('',(26.25,19.1,35.));
#8268 = DIRECTION('',(1.,0.,0.));
#8269 = DIRECTION('',(0.,0.,1.));
#8270 = ADVANCED_FACE('',(#8271),#8277,.F.);
#8271 = FACE_BOUND('',#8272,.F.);
#8272 = EDGE_LOOP('',(#8273,#8274,#8275,#8276));
#8273 = ORIENTED_EDGE('',*,*,#8242,.F.);
#8274 = ORIENTED_EDGE('',*,*,#7967,.T.);
#8275 = ORIENTED_EDGE('',*,*,#8259,.T.);
#8276 = ORIENTED_EDGE('',*,*,#8083,.F.);
#8277 = PLANE('',#8278);
#8278 = AXIS2_PLACEMENT_3D('',#8279,#8280,#8281);
#8279 = CARTESIAN_POINT('',(26.25,24.1,35.));
#8280 = DIRECTION('',(0.,1.,0.));
#8281 = DIRECTION('',(0.,0.,1.));
#8282 = ADVANCED_FACE('',(#8283),#8294,.F.);
#8283 = FACE_BOUND('',#8284,.F.);
#8284 = EDGE_LOOP('',(#8285,#8286,#8292,#8293));
#8285 = ORIENTED_EDGE('',*,*,#8099,.F.);
#8286 = ORIENTED_EDGE('',*,*,#8287,.F.);
#8287 = EDGE_CURVE('',#7984,#8100,#8288,.T.);
#8288 = LINE('',#8289,#8290);
#8289 = CARTESIAN_POINT('',(35.,43.2,35.));
#8290 = VECTOR('',#8291,1.);
#8291 = DIRECTION('',(0.,0.,1.));
#8292 = ORIENTED_EDGE('',*,*,#7983,.T.);
#8293 = ORIENTED_EDGE('',*,*,#8287,.T.);
#8294 = CYLINDRICAL_SURFACE('',#8295,4.);
#8295 = AXIS2_PLACEMENT_3D('',#8296,#8297,#8298);
#8296 = CARTESIAN_POINT('',(31.,43.2,35.));
#8297 = DIRECTION('',(0.,0.,1.));
#8298 = DIRECTION('',(1.,0.,0.));
#8299 = ADVANCED_FACE('',(#8300),#8311,.F.);
#8300 = FACE_BOUND('',#8301,.F.);
#8301 = EDGE_LOOP('',(#8302,#8303,#8309,#8310));
#8302 = ORIENTED_EDGE('',*,*,#8110,.F.);
#8303 = ORIENTED_EDGE('',*,*,#8304,.F.);
#8304 = EDGE_CURVE('',#7995,#8111,#8305,.T.);
#8305 = LINE('',#8306,#8307);
#8306 = CARTESIAN_POINT('',(15.,75.,35.));
#8307 = VECTOR('',#8308,1.);
#8308 = DIRECTION('',(0.,0.,1.));
#8309 = ORIENTED_EDGE('',*,*,#7994,.T.);
#8310 = ORIENTED_EDGE('',*,*,#8304,.T.);
#8311 = CYLINDRICAL_SURFACE('',#8312,1.5);
#8312 = AXIS2_PLACEMENT_3D('',#8313,#8314,#8315);
#8313 = CARTESIAN_POINT('',(13.5,75.,35.));
#8314 = DIRECTION('',(0.,0.,1.));
#8315 = DIRECTION('',(1.,0.,0.));
#8316 = ADVANCED_FACE('',(#8317),#8328,.F.);
#8317 = FACE_BOUND('',#8318,.F.);
#8318 = EDGE_LOOP('',(#8319,#8320,#8326,#8327));
#8319 = ORIENTED_EDGE('',*,*,#8121,.F.);
#8320 = ORIENTED_EDGE('',*,*,#8321,.F.);
#8321 = EDGE_CURVE('',#8006,#8122,#8322,.T.);
#8322 = LINE('',#8323,#8324);
#8323 = CARTESIAN_POINT('',(33.8,66.6,35.));
#8324 = VECTOR('',#8325,1.);
#8325 = DIRECTION('',(0.,0.,1.));
#8326 = ORIENTED_EDGE('',*,*,#8005,.T.);
#8327 = ORIENTED_EDGE('',*,*,#8321,.T.);
#8328 = CYLINDRICAL_SURFACE('',#8329,2.8);
#8329 = AXIS2_PLACEMENT_3D('',#8330,#8331,#8332);
#8330 = CARTESIAN_POINT('',(31.,66.6,35.));
#8331 = DIRECTION('',(0.,0.,1.));
#8332 = DIRECTION('',(1.,0.,0.));
#8333 = MANIFOLD_SOLID_BREP('',#8334);
#8334 = CLOSED_SHELL('',(#8335,#8368,#8393,#8413,#8422));
#8335 = ADVANCED_FACE('',(#8336),#8363,.T.);
#8336 = FACE_BOUND('',#8337,.T.);
#8337 = EDGE_LOOP('',(#8338,#8348,#8355,#8356));
#8338 = ORIENTED_EDGE('',*,*,#8339,.T.);
#8339 = EDGE_CURVE('',#8340,#8342,#8344,.T.);
#8340 = VERTEX_POINT('',#8341);
#8341 = CARTESIAN_POINT('',(33.5,66.6,38.500000000001));
#8342 = VERTEX_POINT('',#8343);
#8343 = CARTESIAN_POINT('',(33.5,66.6,39.8));
#8344 = LINE('',#8345,#8346);
#8345 = CARTESIAN_POINT('',(33.5,66.6,33.8));
#8346 = VECTOR('',#8347,1.);
#8347 = DIRECTION('',(0.,0.,1.));
#8348 = ORIENTED_EDGE('',*,*,#8349,.F.);
#8349 = EDGE_CURVE('',#8342,#8342,#8350,.T.);
#8350 = CIRCLE('',#8351,2.5);
#8351 = AXIS2_PLACEMENT_3D('',#8352,#8353,#8354);
#8352 = CARTESIAN_POINT('',(31.,66.6,39.8));
#8353 = DIRECTION('',(0.,0.,1.));
#8354 = DIRECTION('',(1.,0.,0.));
#8355 = ORIENTED_EDGE('',*,*,#8339,.F.);
#8356 = ORIENTED_EDGE('',*,*,#8357,.T.);
#8357 = EDGE_CURVE('',#8340,#8340,#8358,.T.);
#8358 = CIRCLE('',#8359,2.5);
#8359 = AXIS2_PLACEMENT_3D('',#8360,#8361,#8362);
#8360 = CARTESIAN_POINT('',(31.,66.6,38.5));
#8361 = DIRECTION('',(-0.,0.,1.));
#8362 = DIRECTION('',(0.,-1.,0.));
#8363 = CYLINDRICAL_SURFACE('',#8364,2.5);
#8364 = AXIS2_PLACEMENT_3D('',#8365,#8366,#8367);
#8365 = CARTESIAN_POINT('',(31.,66.6,33.8));
#8366 = DIRECTION('',(0.,0.,1.));
#8367 = DIRECTION('',(1.,0.,0.));
#8368 = ADVANCED_FACE('',(#8369),#8388,.T.);
#8369 = FACE_BOUND('',#8370,.T.);
#8370 = EDGE_LOOP('',(#8371,#8372,#8380,#8387));
#8371 = ORIENTED_EDGE('',*,*,#8357,.F.);
#8372 = ORIENTED_EDGE('',*,*,#8373,.F.);
#8373 = EDGE_CURVE('',#8374,#8340,#8376,.T.);
#8374 = VERTEX_POINT('',#8375);
#8375 = CARTESIAN_POINT('',(33.5,66.6,33.8));
#8376 = LINE('',#8377,#8378);
#8377 = CARTESIAN_POINT('',(33.5,66.6,33.8));
#8378 = VECTOR('',#8379,1.);
#8379 = DIRECTION('',(0.,0.,1.));
#8380 = ORIENTED_EDGE('',*,*,#8381,.T.);
#8381 = EDGE_CURVE('',#8374,#8374,#8382,.T.);
#8382 = CIRCLE('',#8383,2.5);
#8383 = AXIS2_PLACEMENT_3D('',#8384,#8385,#8386);
#8384 = CARTESIAN_POINT('',(31.,66.6,33.8));
#8385 = DIRECTION('',(0.,0.,1.));
#8386 = DIRECTION('',(1.,0.,0.));
#8387 = ORIENTED_EDGE('',*,*,#8373,.T.);
#8388 = CYLINDRICAL_SURFACE('',#8389,2.5);
#8389 = AXIS2_PLACEMENT_3D('',#8390,#8391,#8392);
#8390 = CARTESIAN_POINT('',(31.,66.6,33.8));
#8391 = DIRECTION('',(0.,0.,1.));
#8392 = DIRECTION('',(1.,0.,0.));
#8393 = ADVANCED_FACE('',(#8394,#8397),#8408,.T.);
#8394 = FACE_BOUND('',#8395,.T.);
#8395 = EDGE_LOOP('',(#8396));
#8396 = ORIENTED_EDGE('',*,*,#8349,.T.);
#8397 = FACE_BOUND('',#8398,.T.);
#8398 = EDGE_LOOP('',(#8399));
#8399 = ORIENTED_EDGE('',*,*,#8400,.F.);
#8400 = EDGE_CURVE('',#8401,#8401,#8403,.T.);
#8401 = VERTEX_POINT('',#8402);
#8402 = CARTESIAN_POINT('',(33.135415650406,66.6,39.8));
#8403 = CIRCLE('',#8404,2.135415650406);
#8404 = AXIS2_PLACEMENT_3D('',#8405,#8406,#8407);
#8405 = CARTESIAN_POINT('',(31.,66.6,39.8));
#8406 = DIRECTION('',(0.,0.,1.));
#8407 = DIRECTION('',(1.,0.,0.));
#8408 = PLANE('',#8409);
#8409 = AXIS2_PLACEMENT_3D('',#8410,#8411,#8412);
#8410 = CARTESIAN_POINT('',(31.,66.6,39.8));
#8411 = DIRECTION('',(0.,0.,1.));
#8412 = DIRECTION('',(1.,0.,0.));
#8413 = ADVANCED_FACE('',(#8414),#8417,.F.);
#8414 = FACE_BOUND('',#8415,.T.);
#8415 = EDGE_LOOP('',(#8416));
#8416 = ORIENTED_EDGE('',*,*,#8381,.F.);
#8417 = PLANE('',#8418);
#8418 = AXIS2_PLACEMENT_3D('',#8419,#8420,#8421);
#8419 = CARTESIAN_POINT('',(31.,66.6,33.8));
#8420 = DIRECTION('',(0.,0.,1.));
#8421 = DIRECTION('',(1.,0.,0.));
#8422 = ADVANCED_FACE('',(#8423),#8436,.T.);
#8423 = FACE_BOUND('',#8424,.T.);
#8424 = EDGE_LOOP('',(#8425,#8434,#8435));
#8425 = ORIENTED_EDGE('',*,*,#8426,.T.);
#8426 = EDGE_CURVE('',#8401,#8427,#8429,.T.);
#8427 = VERTEX_POINT('',#8428);
#8428 = CARTESIAN_POINT('',(31.,66.6,41.));
#8429 = CIRCLE('',#8430,2.5);
#8430 = AXIS2_PLACEMENT_3D('',#8431,#8432,#8433);
#8431 = CARTESIAN_POINT('',(31.,66.6,38.5));
#8432 = DIRECTION('',(-2.4E-16,-1.,0.));
#8433 = DIRECTION('',(1.,-2.4E-16,0.));
#8434 = ORIENTED_EDGE('',*,*,#8426,.F.);
#8435 = ORIENTED_EDGE('',*,*,#8400,.T.);
#8436 = SPHERICAL_SURFACE('',#8437,2.5);
#8437 = AXIS2_PLACEMENT_3D('',#8438,#8439,#8440);
#8438 = CARTESIAN_POINT('',(31.,66.6,38.5));
#8439 = DIRECTION('',(0.,0.,1.));
#8440 = DIRECTION('',(1.,0.,0.));
#8441 = MANIFOLD_SOLID_BREP('',#8442);
#8442 = CLOSED_SHELL('',(#8443,#8483,#8514,#8549,#8573,#8590,#8602,#8627
    ));
#8443 = ADVANCED_FACE('',(#8444),#8478,.F.);
#8444 = FACE_BOUND('',#8445,.F.);
#8445 = EDGE_LOOP('',(#8446,#8456,#8464,#8472));
#8446 = ORIENTED_EDGE('',*,*,#8447,.F.);
#8447 = EDGE_CURVE('',#8448,#8450,#8452,.T.);
#8448 = VERTEX_POINT('',#8449);
#8449 = CARTESIAN_POINT('',(27.,39.2,32.8));
#8450 = VERTEX_POINT('',#8451);
#8451 = CARTESIAN_POINT('',(27.,39.2,36.8));
#8452 = LINE('',#8453,#8454);
#8453 = CARTESIAN_POINT('',(27.,39.2,32.8));
#8454 = VECTOR('',#8455,1.);
#8455 = DIRECTION('',(0.,0.,1.));
#8456 = ORIENTED_EDGE('',*,*,#8457,.T.);
#8457 = EDGE_CURVE('',#8448,#8458,#8460,.T.);
#8458 = VERTEX_POINT('',#8459);
#8459 = CARTESIAN_POINT('',(27.,47.2,32.8));
#8460 = LINE('',#8461,#8462);
#8461 = CARTESIAN_POINT('',(27.,39.2,32.8));
#8462 = VECTOR('',#8463,1.);
#8463 = DIRECTION('',(0.,1.,0.));
#8464 = ORIENTED_EDGE('',*,*,#8465,.T.);
#8465 = EDGE_CURVE('',#8458,#8466,#8468,.T.);
#8466 = VERTEX_POINT('',#8467);
#8467 = CARTESIAN_POINT('',(27.,47.2,36.8));
#8468 = LINE('',#8469,#8470);
#8469 = CARTESIAN_POINT('',(27.,47.2,32.8));
#8470 = VECTOR('',#8471,1.);
#8471 = DIRECTION('',(0.,0.,1.));
#8472 = ORIENTED_EDGE('',*,*,#8473,.F.);
#8473 = EDGE_CURVE('',#8450,#8466,#8474,.T.);
#8474 = LINE('',#8475,#8476);
#8475 = CARTESIAN_POINT('',(27.,39.2,36.8));
#8476 = VECTOR('',#8477,1.);
#8477 = DIRECTION('',(0.,1.,0.));
#8478 = PLANE('',#8479);
#8479 = AXIS2_PLACEMENT_3D('',#8480,#8481,#8482);
#8480 = CARTESIAN_POINT('',(27.,39.2,32.8));
#8481 = DIRECTION('',(1.,0.,0.));
#8482 = DIRECTION('',(0.,0.,1.));
#8483 = ADVANCED_FACE('',(#8484),#8509,.F.);
#8484 = FACE_BOUND('',#8485,.F.);
#8485 = EDGE_LOOP('',(#8486,#8494,#8495,#8503));
#8486 = ORIENTED_EDGE('',*,*,#8487,.F.);
#8487 = EDGE_CURVE('',#8448,#8488,#8490,.T.);
#8488 = VERTEX_POINT('',#8489);
#8489 = CARTESIAN_POINT('',(35.,39.2,32.8));
#8490 = LINE('',#8491,#8492);
#8491 = CARTESIAN_POINT('',(27.,39.2,32.8));
#8492 = VECTOR('',#8493,1.);
#8493 = DIRECTION('',(1.,0.,0.));
#8494 = ORIENTED_EDGE('',*,*,#8447,.T.);
#8495 = ORIENTED_EDGE('',*,*,#8496,.T.);
#8496 = EDGE_CURVE('',#8450,#8497,#8499,.T.);
#8497 = VERTEX_POINT('',#8498);
#8498 = CARTESIAN_POINT('',(35.,39.2,36.8));
#8499 = LINE('',#8500,#8501);
#8500 = CARTESIAN_POINT('',(27.,39.2,36.8));
#8501 = VECTOR('',#8502,1.);
#8502 = DIRECTION('',(1.,0.,0.));
#8503 = ORIENTED_EDGE('',*,*,#8504,.F.);
#8504 = EDGE_CURVE('',#8488,#8497,#8505,.T.);
#8505 = LINE('',#8506,#8507);
#8506 = CARTESIAN_POINT('',(35.,39.2,32.8));
#8507 = VECTOR('',#8508,1.);
#8508 = DIRECTION('',(0.,0.,1.));
#8509 = PLANE('',#8510);
#8510 = AXIS2_PLACEMENT_3D('',#8511,#8512,#8513);
#8511 = CARTESIAN_POINT('',(27.,39.2,32.8));
#8512 = DIRECTION('',(0.,1.,0.));
#8513 = DIRECTION('',(0.,0.,1.));
#8514 = ADVANCED_FACE('',(#8515,#8533),#8544,.T.);
#8515 = FACE_BOUND('',#8516,.T.);
#8516 = EDGE_LOOP('',(#8517,#8518,#8519,#8527));
#8517 = ORIENTED_EDGE('',*,*,#8473,.F.);
#8518 = ORIENTED_EDGE('',*,*,#8496,.T.);
#8519 = ORIENTED_EDGE('',*,*,#8520,.T.);
#8520 = EDGE_CURVE('',#8497,#8521,#8523,.T.);
#8521 = VERTEX_POINT('',#8522);
#8522 = CARTESIAN_POINT('',(35.,47.2,36.8));
#8523 = LINE('',#8524,#8525);
#8524 = CARTESIAN_POINT('',(35.,39.2,36.8));
#8525 = VECTOR('',#8526,1.);
#8526 = DIRECTION('',(0.,1.,0.));
#8527 = ORIENTED_EDGE('',*,*,#8528,.F.);
#8528 = EDGE_CURVE('',#8466,#8521,#8529,.T.);
#8529 = LINE('',#8530,#8531);
#8530 = CARTESIAN_POINT('',(27.,47.2,36.8));
#8531 = VECTOR('',#8532,1.);
#8532 = DIRECTION('',(1.,0.,0.));
#8533 = FACE_BOUND('',#8534,.T.);
#8534 = EDGE_LOOP('',(#8535));
#8535 = ORIENTED_EDGE('',*,*,#8536,.F.);
#8536 = EDGE_CURVE('',#8537,#8537,#8539,.T.);
#8537 = VERTEX_POINT('',#8538);
#8538 = CARTESIAN_POINT('',(34.5,43.2,36.8));
#8539 = CIRCLE('',#8540,3.5);
#8540 = AXIS2_PLACEMENT_3D('',#8541,#8542,#8543);
#8541 = CARTESIAN_POINT('',(31.,43.2,36.8));
#8542 = DIRECTION('',(0.,0.,1.));
#8543 = DIRECTION('',(1.,0.,0.));
#8544 = PLANE('',#8545);
#8545 = AXIS2_PLACEMENT_3D('',#8546,#8547,#8548);
#8546 = CARTESIAN_POINT('',(27.,39.2,36.8));
#8547 = DIRECTION('',(0.,0.,1.));
#8548 = DIRECTION('',(1.,0.,0.));
#8549 = ADVANCED_FACE('',(#8550),#8568,.T.);
#8550 = FACE_BOUND('',#8551,.T.);
#8551 = EDGE_LOOP('',(#8552,#8560,#8561,#8562));
#8552 = ORIENTED_EDGE('',*,*,#8553,.F.);
#8553 = EDGE_CURVE('',#8458,#8554,#8556,.T.);
#8554 = VERTEX_POINT('',#8555);
#8555 = CARTESIAN_POINT('',(35.,47.2,32.8));
#8556 = LINE('',#8557,#8558);
#8557 = CARTESIAN_POINT('',(27.,47.2,32.8));
#8558 = VECTOR('',#8559,1.);
#8559 = DIRECTION('',(1.,0.,0.));
#8560 = ORIENTED_EDGE('',*,*,#8465,.T.);
#8561 = ORIENTED_EDGE('',*,*,#8528,.T.);
#8562 = ORIENTED_EDGE('',*,*,#8563,.F.);
#8563 = EDGE_CURVE('',#8554,#8521,#8564,.T.);
#8564 = LINE('',#8565,#8566);
#8565 = CARTESIAN_POINT('',(35.,47.2,32.8));
#8566 = VECTOR('',#8567,1.);
#8567 = DIRECTION('',(0.,0.,1.));
#8568 = PLANE('',#8569);
#8569 = AXIS2_PLACEMENT_3D('',#8570,#8571,#8572);
#8570 = CARTESIAN_POINT('',(27.,47.2,32.8));
#8571 = DIRECTION('',(0.,1.,0.));
#8572 = DIRECTION('',(0.,0.,1.));
#8573 = ADVANCED_FACE('',(#8574),#8585,.F.);
#8574 = FACE_BOUND('',#8575,.F.);
#8575 = EDGE_LOOP('',(#8576,#8577,#8578,#8584));
#8576 = ORIENTED_EDGE('',*,*,#8457,.F.);
#8577 = ORIENTED_EDGE('',*,*,#8487,.T.);
#8578 = ORIENTED_EDGE('',*,*,#8579,.T.);
#8579 = EDGE_CURVE('',#8488,#8554,#8580,.T.);
#8580 = LINE('',#8581,#8582);
#8581 = CARTESIAN_POINT('',(35.,39.2,32.8));
#8582 = VECTOR('',#8583,1.);
#8583 = DIRECTION('',(0.,1.,0.));
#8584 = ORIENTED_EDGE('',*,*,#8553,.F.);
#8585 = PLANE('',#8586);
#8586 = AXIS2_PLACEMENT_3D('',#8587,#8588,#8589);
#8587 = CARTESIAN_POINT('',(27.,39.2,32.8));
#8588 = DIRECTION('',(0.,0.,1.));
#8589 = DIRECTION('',(1.,0.,0.));
#8590 = ADVANCED_FACE('',(#8591),#8597,.T.);
#8591 = FACE_BOUND('',#8592,.T.);
#8592 = EDGE_LOOP('',(#8593,#8594,#8595,#8596));
#8593 = ORIENTED_EDGE('',*,*,#8504,.F.);
#8594 = ORIENTED_EDGE('',*,*,#8579,.T.);
#8595 = ORIENTED_EDGE('',*,*,#8563,.T.);
#8596 = ORIENTED_EDGE('',*,*,#8520,.F.);
#8597 = PLANE('',#8598);
#8598 = AXIS2_PLACEMENT_3D('',#8599,#8600,#8601);
#8599 = CARTESIAN_POINT('',(35.,39.2,32.8));
#8600 = DIRECTION('',(1.,0.,0.));
#8601 = DIRECTION('',(0.,0.,1.));
#8602 = ADVANCED_FACE('',(#8603),#8622,.T.);
#8603 = FACE_BOUND('',#8604,.T.);
#8604 = EDGE_LOOP('',(#8605,#8613,#8620,#8621));
#8605 = ORIENTED_EDGE('',*,*,#8606,.T.);
#8606 = EDGE_CURVE('',#8537,#8607,#8609,.T.);
#8607 = VERTEX_POINT('',#8608);
#8608 = CARTESIAN_POINT('',(34.5,43.2,41.8));
#8609 = LINE('',#8610,#8611);
#8610 = CARTESIAN_POINT('',(34.5,43.2,34.8));
#8611 = VECTOR('',#8612,1.);
#8612 = DIRECTION('',(0.,0.,1.));
#8613 = ORIENTED_EDGE('',*,*,#8614,.F.);
#8614 = EDGE_CURVE('',#8607,#8607,#8615,.T.);
#8615 = CIRCLE('',#8616,3.5);
#8616 = AXIS2_PLACEMENT_3D('',#8617,#8618,#8619);
#8617 = CARTESIAN_POINT('',(31.,43.2,41.8));
#8618 = DIRECTION('',(0.,0.,1.));
#8619 = DIRECTION('',(1.,0.,0.));
#8620 = ORIENTED_EDGE('',*,*,#8606,.F.);
#8621 = ORIENTED_EDGE('',*,*,#8536,.T.);
#8622 = CYLINDRICAL_SURFACE('',#8623,3.5);
#8623 = AXIS2_PLACEMENT_3D('',#8624,#8625,#8626);
#8624 = CARTESIAN_POINT('',(31.,43.2,34.8));
#8625 = DIRECTION('',(0.,0.,1.));
#8626 = DIRECTION('',(1.,0.,0.));
#8627 = ADVANCED_FACE('',(#8628),#8631,.T.);
#8628 = FACE_BOUND('',#8629,.T.);
#8629 = EDGE_LOOP('',(#8630));
#8630 = ORIENTED_EDGE('',*,*,#8614,.T.);
#8631 = PLANE('',#8632);
#8632 = AXIS2_PLACEMENT_3D('',#8633,#8634,#8635);
#8633 = CARTESIAN_POINT('',(31.,43.2,41.8));
#8634 = DIRECTION('',(0.,0.,1.));
#8635 = DIRECTION('',(1.,0.,0.));
#8636 = MANIFOLD_SOLID_BREP('',#8637);
#8637 = CLOSED_SHELL('',(#8638,#8678,#8709,#8767,#8791,#8808,#8820,#8851
    ,#8875,#8899,#8916,#8962,#8993,#9017,#9041,#9058));
#8638 = ADVANCED_FACE('',(#8639),#8673,.F.);
#8639 = FACE_BOUND('',#8640,.F.);
#8640 = EDGE_LOOP('',(#8641,#8651,#8659,#8667));
#8641 = ORIENTED_EDGE('',*,*,#8642,.F.);
#8642 = EDGE_CURVE('',#8643,#8645,#8647,.T.);
#8643 = VERTEX_POINT('',#8644);
#8644 = CARTESIAN_POINT('',(26.75,19.6,32.8));
#8645 = VERTEX_POINT('',#8646);
#8646 = CARTESIAN_POINT('',(26.75,19.6,36.3));
#8647 = LINE('',#8648,#8649);
#8648 = CARTESIAN_POINT('',(26.75,19.6,32.8));
#8649 = VECTOR('',#8650,1.);
#8650 = DIRECTION('',(0.,0.,1.));
#8651 = ORIENTED_EDGE('',*,*,#8652,.T.);
#8652 = EDGE_CURVE('',#8643,#8653,#8655,.T.);
#8653 = VERTEX_POINT('',#8654);
#8654 = CARTESIAN_POINT('',(26.75,23.6,32.8));
#8655 = LINE('',#8656,#8657);
#8656 = CARTESIAN_POINT('',(26.75,19.6,32.8));
#8657 = VECTOR('',#8658,1.);
#8658 = DIRECTION('',(0.,1.,0.));
#8659 = ORIENTED_EDGE('',*,*,#8660,.T.);
#8660 = EDGE_CURVE('',#8653,#8661,#8663,.T.);
#8661 = VERTEX_POINT('',#8662);
#8662 = CARTESIAN_POINT('',(26.75,23.6,36.3));
#8663 = LINE('',#8664,#8665);
#8664 = CARTESIAN_POINT('',(26.75,23.6,32.8));
#8665 = VECTOR('',#8666,1.);
#8666 = DIRECTION('',(0.,0.,1.));
#8667 = ORIENTED_EDGE('',*,*,#8668,.F.);
#8668 = EDGE_CURVE('',#8645,#8661,#8669,.T.);
#8669 = LINE('',#8670,#8671);
#8670 = CARTESIAN_POINT('',(26.75,19.6,36.3));
#8671 = VECTOR('',#8672,1.);
#8672 = DIRECTION('',(0.,1.,0.));
#8673 = PLANE('',#8674);
#8674 = AXIS2_PLACEMENT_3D('',#8675,#8676,#8677);
#8675 = CARTESIAN_POINT('',(26.75,19.6,32.8));
#8676 = DIRECTION('',(1.,0.,0.));
#8677 = DIRECTION('',(0.,0.,1.));
#8678 = ADVANCED_FACE('',(#8679),#8704,.F.);
#8679 = FACE_BOUND('',#8680,.F.);
#8680 = EDGE_LOOP('',(#8681,#8689,#8690,#8698));
#8681 = ORIENTED_EDGE('',*,*,#8682,.F.);
#8682 = EDGE_CURVE('',#8643,#8683,#8685,.T.);
#8683 = VERTEX_POINT('',#8684);
#8684 = CARTESIAN_POINT('',(35.25,19.6,32.8));
#8685 = LINE('',#8686,#8687);
#8686 = CARTESIAN_POINT('',(26.75,19.6,32.8));
#8687 = VECTOR('',#8688,1.);
#8688 = DIRECTION('',(1.,0.,0.));
#8689 = ORIENTED_EDGE('',*,*,#8642,.T.);
#8690 = ORIENTED_EDGE('',*,*,#8691,.T.);
#8691 = EDGE_CURVE('',#8645,#8692,#8694,.T.);
#8692 = VERTEX_POINT('',#8693);
#8693 = CARTESIAN_POINT('',(35.25,19.6,36.3));
#8694 = LINE('',#8695,#8696);
#8695 = CARTESIAN_POINT('',(26.75,19.6,36.3));
#8696 = VECTOR('',#8697,1.);
#8697 = DIRECTION('',(1.,0.,0.));
#8698 = ORIENTED_EDGE('',*,*,#8699,.F.);
#8699 = EDGE_CURVE('',#8683,#8692,#8700,.T.);
#8700 = LINE('',#8701,#8702);
#8701 = CARTESIAN_POINT('',(35.25,19.6,32.8));
#8702 = VECTOR('',#8703,1.);
#8703 = DIRECTION('',(0.,0.,1.));
#8704 = PLANE('',#8705);
#8705 = AXIS2_PLACEMENT_3D('',#8706,#8707,#8708);
#8706 = CARTESIAN_POINT('',(26.75,19.6,32.8));
#8707 = DIRECTION('',(0.,1.,0.));
#8708 = DIRECTION('',(0.,0.,1.));
#8709 = ADVANCED_FACE('',(#8710,#8744),#8762,.F.);
#8710 = FACE_BOUND('',#8711,.F.);
#8711 = EDGE_LOOP('',(#8712,#8722,#8730,#8738));
#8712 = ORIENTED_EDGE('',*,*,#8713,.F.);
#8713 = EDGE_CURVE('',#8714,#8716,#8718,.T.);
#8714 = VERTEX_POINT('',#8715);
#8715 = CARTESIAN_POINT('',(25.25,19.1,36.3));
#8716 = VERTEX_POINT('',#8717);
#8717 = CARTESIAN_POINT('',(25.25,24.1,36.3));
#8718 = LINE('',#8719,#8720);
#8719 = CARTESIAN_POINT('',(25.25,19.1,36.3));
#8720 = VECTOR('',#8721,1.);
#8721 = DIRECTION('',(0.,1.,0.));
#8722 = ORIENTED_EDGE('',*,*,#8723,.T.);
#8723 = EDGE_CURVE('',#8714,#8724,#8726,.T.);
#8724 = VERTEX_POINT('',#8725);
#8725 = CARTESIAN_POINT('',(36.75,19.1,36.3));
#8726 = LINE('',#8727,#8728);
#8727 = CARTESIAN_POINT('',(25.25,19.1,36.3));
#8728 = VECTOR('',#8729,1.);
#8729 = DIRECTION('',(1.,0.,0.));
#8730 = ORIENTED_EDGE('',*,*,#8731,.T.);
#8731 = EDGE_CURVE('',#8724,#8732,#8734,.T.);
#8732 = VERTEX_POINT('',#8733);
#8733 = CARTESIAN_POINT('',(36.75,24.1,36.3));
#8734 = LINE('',#8735,#8736);
#8735 = CARTESIAN_POINT('',(36.75,19.1,36.3));
#8736 = VECTOR('',#8737,1.);
#8737 = DIRECTION('',(0.,1.,0.));
#8738 = ORIENTED_EDGE('',*,*,#8739,.F.);
#8739 = EDGE_CURVE('',#8716,#8732,#8740,.T.);
#8740 = LINE('',#8741,#8742);
#8741 = CARTESIAN_POINT('',(25.25,24.1,36.3));
#8742 = VECTOR('',#8743,1.);
#8743 = DIRECTION('',(1.,0.,0.));
#8744 = FACE_BOUND('',#8745,.F.);
#8745 = EDGE_LOOP('',(#8746,#8747,#8748,#8756));
#8746 = ORIENTED_EDGE('',*,*,#8691,.F.);
#8747 = ORIENTED_EDGE('',*,*,#8668,.T.);
#8748 = ORIENTED_EDGE('',*,*,#8749,.T.);
#8749 = EDGE_CURVE('',#8661,#8750,#8752,.T.);
#8750 = VERTEX_POINT('',#8751);
#8751 = CARTESIAN_POINT('',(35.25,23.6,36.3));
#8752 = LINE('',#8753,#8754);
#8753 = CARTESIAN_POINT('',(26.75,23.6,36.3));
#8754 = VECTOR('',#8755,1.);
#8755 = DIRECTION('',(1.,0.,0.));
#8756 = ORIENTED_EDGE('',*,*,#8757,.F.);
#8757 = EDGE_CURVE('',#8692,#8750,#8758,.T.);
#8758 = LINE('',#8759,#8760);
#8759 = CARTESIAN_POINT('',(35.25,19.6,36.3));
#8760 = VECTOR('',#8761,1.);
#8761 = DIRECTION('',(0.,1.,0.));
#8762 = PLANE('',#8763);
#8763 = AXIS2_PLACEMENT_3D('',#8764,#8765,#8766);
#8764 = CARTESIAN_POINT('',(25.25,19.1,36.3));
#8765 = DIRECTION('',(0.,0.,1.));
#8766 = DIRECTION('',(1.,0.,0.));
#8767 = ADVANCED_FACE('',(#8768),#8786,.T.);
#8768 = FACE_BOUND('',#8769,.T.);
#8769 = EDGE_LOOP('',(#8770,#8778,#8779,#8780));
#8770 = ORIENTED_EDGE('',*,*,#8771,.F.);
#8771 = EDGE_CURVE('',#8653,#8772,#8774,.T.);
#8772 = VERTEX_POINT('',#8773);
#8773 = CARTESIAN_POINT('',(35.25,23.6,32.8));
#8774 = LINE('',#8775,#8776);
#8775 = CARTESIAN_POINT('',(26.75,23.6,32.8));
#8776 = VECTOR('',#8777,1.);
#8777 = DIRECTION('',(1.,0.,0.));
#8778 = ORIENTED_EDGE('',*,*,#8660,.T.);
#8779 = ORIENTED_EDGE('',*,*,#8749,.T.);
#8780 = ORIENTED_EDGE('',*,*,#8781,.F.);
#8781 = EDGE_CURVE('',#8772,#8750,#8782,.T.);
#8782 = LINE('',#8783,#8784);
#8783 = CARTESIAN_POINT('',(35.25,23.6,32.8));
#8784 = VECTOR('',#8785,1.);
#8785 = DIRECTION('',(0.,0.,1.));
#8786 = PLANE('',#8787);
#8787 = AXIS2_PLACEMENT_3D('',#8788,#8789,#8790);
#8788 = CARTESIAN_POINT('',(26.75,23.6,32.8));
#8789 = DIRECTION('',(0.,1.,0.));
#8790 = DIRECTION('',(0.,0.,1.));
#8791 = ADVANCED_FACE('',(#8792),#8803,.F.);
#8792 = FACE_BOUND('',#8793,.F.);
#8793 = EDGE_LOOP('',(#8794,#8795,#8796,#8802));
#8794 = ORIENTED_EDGE('',*,*,#8652,.F.);
#8795 = ORIENTED_EDGE('',*,*,#8682,.T.);
#8796 = ORIENTED_EDGE('',*,*,#8797,.T.);
#8797 = EDGE_CURVE('',#8683,#8772,#8798,.T.);
#8798 = LINE('',#8799,#8800);
#8799 = CARTESIAN_POINT('',(35.25,19.6,32.8));
#8800 = VECTOR('',#8801,1.);
#8801 = DIRECTION('',(0.,1.,0.));
#8802 = ORIENTED_EDGE('',*,*,#8771,.F.);
#8803 = PLANE('',#8804);
#8804 = AXIS2_PLACEMENT_3D('',#8805,#8806,#8807);
#8805 = CARTESIAN_POINT('',(26.75,19.6,32.8));
#8806 = DIRECTION('',(0.,0.,1.));
#8807 = DIRECTION('',(1.,0.,0.));
#8808 = ADVANCED_FACE('',(#8809),#8815,.T.);
#8809 = FACE_BOUND('',#8810,.T.);
#8810 = EDGE_LOOP('',(#8811,#8812,#8813,#8814));
#8811 = ORIENTED_EDGE('',*,*,#8699,.F.);
#8812 = ORIENTED_EDGE('',*,*,#8797,.T.);
#8813 = ORIENTED_EDGE('',*,*,#8781,.T.);
#8814 = ORIENTED_EDGE('',*,*,#8757,.F.);
#8815 = PLANE('',#8816);
#8816 = AXIS2_PLACEMENT_3D('',#8817,#8818,#8819);
#8817 = CARTESIAN_POINT('',(35.25,19.6,32.8));
#8818 = DIRECTION('',(1.,0.,0.));
#8819 = DIRECTION('',(0.,0.,1.));
#8820 = ADVANCED_FACE('',(#8821),#8846,.F.);
#8821 = FACE_BOUND('',#8822,.F.);
#8822 = EDGE_LOOP('',(#8823,#8831,#8832,#8840));
#8823 = ORIENTED_EDGE('',*,*,#8824,.F.);
#8824 = EDGE_CURVE('',#8714,#8825,#8827,.T.);
#8825 = VERTEX_POINT('',#8826);
#8826 = CARTESIAN_POINT('',(25.25,19.1,37.1));
#8827 = LINE('',#8828,#8829);
#8828 = CARTESIAN_POINT('',(25.25,19.1,36.3));
#8829 = VECTOR('',#8830,1.);
#8830 = DIRECTION('',(0.,0.,1.));
#8831 = ORIENTED_EDGE('',*,*,#8713,.T.);
#8832 = ORIENTED_EDGE('',*,*,#8833,.T.);
#8833 = EDGE_CURVE('',#8716,#8834,#8836,.T.);
#8834 = VERTEX_POINT('',#8835);
#8835 = CARTESIAN_POINT('',(25.25,24.1,37.1));
#8836 = LINE('',#8837,#8838);
#8837 = CARTESIAN_POINT('',(25.25,24.1,36.3));
#8838 = VECTOR('',#8839,1.);
#8839 = DIRECTION('',(0.,0.,1.));
#8840 = ORIENTED_EDGE('',*,*,#8841,.F.);
#8841 = EDGE_CURVE('',#8825,#8834,#8842,.T.);
#8842 = LINE('',#8843,#8844);
#8843 = CARTESIAN_POINT('',(25.25,19.1,37.1));
#8844 = VECTOR('',#8845,1.);
#8845 = DIRECTION('',(0.,1.,0.));
#8846 = PLANE('',#8847);
#8847 = AXIS2_PLACEMENT_3D('',#8848,#8849,#8850);
#8848 = CARTESIAN_POINT('',(25.25,19.1,36.3));
#8849 = DIRECTION('',(1.,0.,0.));
#8850 = DIRECTION('',(0.,0.,1.));
#8851 = ADVANCED_FACE('',(#8852),#8870,.T.);
#8852 = FACE_BOUND('',#8853,.T.);
#8853 = EDGE_LOOP('',(#8854,#8855,#8856,#8864));
#8854 = ORIENTED_EDGE('',*,*,#8739,.F.);
#8855 = ORIENTED_EDGE('',*,*,#8833,.T.);
#8856 = ORIENTED_EDGE('',*,*,#8857,.T.);
#8857 = EDGE_CURVE('',#8834,#8858,#8860,.T.);
#8858 = VERTEX_POINT('',#8859);
#8859 = CARTESIAN_POINT('',(36.75,24.1,37.1));
#8860 = LINE('',#8861,#8862);
#8861 = CARTESIAN_POINT('',(25.25,24.1,37.1));
#8862 = VECTOR('',#8863,1.);
#8863 = DIRECTION('',(1.,0.,0.));
#8864 = ORIENTED_EDGE('',*,*,#8865,.F.);
#8865 = EDGE_CURVE('',#8732,#8858,#8866,.T.);
#8866 = LINE('',#8867,#8868);
#8867 = CARTESIAN_POINT('',(36.75,24.1,36.3));
#8868 = VECTOR('',#8869,1.);
#8869 = DIRECTION('',(0.,0.,1.));
#8870 = PLANE('',#8871);
#8871 = AXIS2_PLACEMENT_3D('',#8872,#8873,#8874);
#8872 = CARTESIAN_POINT('',(25.25,24.1,36.3));
#8873 = DIRECTION('',(0.,1.,0.));
#8874 = DIRECTION('',(0.,0.,1.));
#8875 = ADVANCED_FACE('',(#8876),#8894,.F.);
#8876 = FACE_BOUND('',#8877,.F.);
#8877 = EDGE_LOOP('',(#8878,#8879,#8880,#8888));
#8878 = ORIENTED_EDGE('',*,*,#8723,.F.);
#8879 = ORIENTED_EDGE('',*,*,#8824,.T.);
#8880 = ORIENTED_EDGE('',*,*,#8881,.T.);
#8881 = EDGE_CURVE('',#8825,#8882,#8884,.T.);
#8882 = VERTEX_POINT('',#8883);
#8883 = CARTESIAN_POINT('',(36.75,19.1,37.1));
#8884 = LINE('',#8885,#8886);
#8885 = CARTESIAN_POINT('',(25.25,19.1,37.1));
#8886 = VECTOR('',#8887,1.);
#8887 = DIRECTION('',(1.,0.,0.));
#8888 = ORIENTED_EDGE('',*,*,#8889,.F.);
#8889 = EDGE_CURVE('',#8724,#8882,#8890,.T.);
#8890 = LINE('',#8891,#8892);
#8891 = CARTESIAN_POINT('',(36.75,19.1,36.3));
#8892 = VECTOR('',#8893,1.);
#8893 = DIRECTION('',(0.,0.,1.));
#8894 = PLANE('',#8895);
#8895 = AXIS2_PLACEMENT_3D('',#8896,#8897,#8898);
#8896 = CARTESIAN_POINT('',(25.25,19.1,36.3));
#8897 = DIRECTION('',(0.,1.,0.));
#8898 = DIRECTION('',(0.,0.,1.));
#8899 = ADVANCED_FACE('',(#8900),#8911,.T.);
#8900 = FACE_BOUND('',#8901,.T.);
#8901 = EDGE_LOOP('',(#8902,#8903,#8904,#8905));
#8902 = ORIENTED_EDGE('',*,*,#8889,.F.);
#8903 = ORIENTED_EDGE('',*,*,#8731,.T.);
#8904 = ORIENTED_EDGE('',*,*,#8865,.T.);
#8905 = ORIENTED_EDGE('',*,*,#8906,.F.);
#8906 = EDGE_CURVE('',#8882,#8858,#8907,.T.);
#8907 = LINE('',#8908,#8909);
#8908 = CARTESIAN_POINT('',(36.75,19.1,37.1));
#8909 = VECTOR('',#8910,1.);
#8910 = DIRECTION('',(0.,1.,0.));
#8911 = PLANE('',#8912);
#8912 = AXIS2_PLACEMENT_3D('',#8913,#8914,#8915);
#8913 = CARTESIAN_POINT('',(36.75,19.1,36.3));
#8914 = DIRECTION('',(1.,0.,0.));
#8915 = DIRECTION('',(0.,0.,1.));
#8916 = ADVANCED_FACE('',(#8917,#8923),#8957,.T.);
#8917 = FACE_BOUND('',#8918,.T.);
#8918 = EDGE_LOOP('',(#8919,#8920,#8921,#8922));
#8919 = ORIENTED_EDGE('',*,*,#8841,.F.);
#8920 = ORIENTED_EDGE('',*,*,#8881,.T.);
#8921 = ORIENTED_EDGE('',*,*,#8906,.T.);
#8922 = ORIENTED_EDGE('',*,*,#8857,.F.);
#8923 = FACE_BOUND('',#8924,.T.);
#8924 = EDGE_LOOP('',(#8925,#8935,#8943,#8951));
#8925 = ORIENTED_EDGE('',*,*,#8926,.T.);
#8926 = EDGE_CURVE('',#8927,#8929,#8931,.T.);
#8927 = VERTEX_POINT('',#8928);
#8928 = CARTESIAN_POINT('',(32.25,20.35,37.1));
#8929 = VERTEX_POINT('',#8930);
#8930 = CARTESIAN_POINT('',(29.75,20.35,37.1));
#8931 = LINE('',#8932,#8933);
#8932 = CARTESIAN_POINT('',(27.5,20.35,37.1));
#8933 = VECTOR('',#8934,1.);
#8934 = DIRECTION('',(-1.,0.,0.));
#8935 = ORIENTED_EDGE('',*,*,#8936,.T.);
#8936 = EDGE_CURVE('',#8929,#8937,#8939,.T.);
#8937 = VERTEX_POINT('',#8938);
#8938 = CARTESIAN_POINT('',(29.75,22.85,37.1));
#8939 = LINE('',#8940,#8941);
#8940 = CARTESIAN_POINT('',(29.75,19.725,37.1));
#8941 = VECTOR('',#8942,1.);
#8942 = DIRECTION('',(0.,1.,0.));
#8943 = ORIENTED_EDGE('',*,*,#8944,.F.);
#8944 = EDGE_CURVE('',#8945,#8937,#8947,.T.);
#8945 = VERTEX_POINT('',#8946);
#8946 = CARTESIAN_POINT('',(32.25,22.85,37.1));
#8947 = LINE('',#8948,#8949);
#8948 = CARTESIAN_POINT('',(27.5,22.85,37.1));
#8949 = VECTOR('',#8950,1.);
#8950 = DIRECTION('',(-1.,0.,0.));
#8951 = ORIENTED_EDGE('',*,*,#8952,.F.);
#8952 = EDGE_CURVE('',#8927,#8945,#8953,.T.);
#8953 = LINE('',#8954,#8955);
#8954 = CARTESIAN_POINT('',(32.25,19.725,37.1));
#8955 = VECTOR('',#8956,1.);
#8956 = DIRECTION('',(0.,1.,0.));
#8957 = PLANE('',#8958);
#8958 = AXIS2_PLACEMENT_3D('',#8959,#8960,#8961);
#8959 = CARTESIAN_POINT('',(25.25,19.1,37.1));
#8960 = DIRECTION('',(0.,0.,1.));
#8961 = DIRECTION('',(1.,0.,0.));
#8962 = ADVANCED_FACE('',(#8963),#8988,.F.);
#8963 = FACE_BOUND('',#8964,.F.);
#8964 = EDGE_LOOP('',(#8965,#8973,#8974,#8982));
#8965 = ORIENTED_EDGE('',*,*,#8966,.F.);
#8966 = EDGE_CURVE('',#8927,#8967,#8969,.T.);
#8967 = VERTEX_POINT('',#8968);
#8968 = CARTESIAN_POINT('',(32.25,20.35,42.3));
#8969 = LINE('',#8970,#8971);
#8970 = CARTESIAN_POINT('',(32.25,20.35,36.3));
#8971 = VECTOR('',#8972,1.);
#8972 = DIRECTION('',(0.,0.,1.));
#8973 = ORIENTED_EDGE('',*,*,#8926,.T.);
#8974 = ORIENTED_EDGE('',*,*,#8975,.T.);
#8975 = EDGE_CURVE('',#8929,#8976,#8978,.T.);
#8976 = VERTEX_POINT('',#8977);
#8977 = CARTESIAN_POINT('',(29.75,20.35,42.3));
#8978 = LINE('',#8979,#8980);
#8979 = CARTESIAN_POINT('',(29.75,20.35,36.3));
#8980 = VECTOR('',#8981,1.);
#8981 = DIRECTION('',(0.,0.,1.));
#8982 = ORIENTED_EDGE('',*,*,#8983,.T.);
#8983 = EDGE_CURVE('',#8976,#8967,#8984,.T.);
#8984 = LINE('',#8985,#8986);
#8985 = CARTESIAN_POINT('',(29.75,20.35,42.3));
#8986 = VECTOR('',#8987,1.);
#8987 = DIRECTION('',(1.,0.,0.));
#8988 = PLANE('',#8989);
#8989 = AXIS2_PLACEMENT_3D('',#8990,#8991,#8992);
#8990 = CARTESIAN_POINT('',(29.75,20.35,36.3));
#8991 = DIRECTION('',(0.,1.,0.));
#8992 = DIRECTION('',(0.,0.,1.));
#8993 = ADVANCED_FACE('',(#8994),#9012,.T.);
#8994 = FACE_BOUND('',#8995,.T.);
#8995 = EDGE_LOOP('',(#8996,#8997,#8998,#9006));
#8996 = ORIENTED_EDGE('',*,*,#8966,.F.);
#8997 = ORIENTED_EDGE('',*,*,#8952,.T.);
#8998 = ORIENTED_EDGE('',*,*,#8999,.T.);
#8999 = EDGE_CURVE('',#8945,#9000,#9002,.T.);
#9000 = VERTEX_POINT('',#9001);
#9001 = CARTESIAN_POINT('',(32.25,22.85,42.3));
#9002 = LINE('',#9003,#9004);
#9003 = CARTESIAN_POINT('',(32.25,22.85,36.3));
#9004 = VECTOR('',#9005,1.);
#9005 = DIRECTION('',(0.,0.,1.));
#9006 = ORIENTED_EDGE('',*,*,#9007,.F.);
#9007 = EDGE_CURVE('',#8967,#9000,#9008,.T.);
#9008 = LINE('',#9009,#9010);
#9009 = CARTESIAN_POINT('',(32.25,20.35,42.3));
#9010 = VECTOR('',#9011,1.);
#9011 = DIRECTION('',(0.,1.,0.));
#9012 = PLANE('',#9013);
#9013 = AXIS2_PLACEMENT_3D('',#9014,#9015,#9016);
#9014 = CARTESIAN_POINT('',(32.25,20.35,36.3));
#9015 = DIRECTION('',(1.,0.,0.));
#9016 = DIRECTION('',(0.,0.,1.));
#9017 = ADVANCED_FACE('',(#9018),#9036,.T.);
#9018 = FACE_BOUND('',#9019,.T.);
#9019 = EDGE_LOOP('',(#9020,#9021,#9022,#9030));
#9020 = ORIENTED_EDGE('',*,*,#8999,.F.);
#9021 = ORIENTED_EDGE('',*,*,#8944,.T.);
#9022 = ORIENTED_EDGE('',*,*,#9023,.T.);
#9023 = EDGE_CURVE('',#8937,#9024,#9026,.T.);
#9024 = VERTEX_POINT('',#9025);
#9025 = CARTESIAN_POINT('',(29.75,22.85,42.3));
#9026 = LINE('',#9027,#9028);
#9027 = CARTESIAN_POINT('',(29.75,22.85,36.3));
#9028 = VECTOR('',#9029,1.);
#9029 = DIRECTION('',(0.,0.,1.));
#9030 = ORIENTED_EDGE('',*,*,#9031,.T.);
#9031 = EDGE_CURVE('',#9024,#9000,#9032,.T.);
#9032 = LINE('',#9033,#9034);
#9033 = CARTESIAN_POINT('',(29.75,22.85,42.3));
#9034 = VECTOR('',#9035,1.);
#9035 = DIRECTION('',(1.,0.,0.));
#9036 = PLANE('',#9037);
#9037 = AXIS2_PLACEMENT_3D('',#9038,#9039,#9040);
#9038 = CARTESIAN_POINT('',(29.75,22.85,36.3));
#9039 = DIRECTION('',(0.,1.,0.));
#9040 = DIRECTION('',(0.,0.,1.));
#9041 = ADVANCED_FACE('',(#9042),#9053,.F.);
#9042 = FACE_BOUND('',#9043,.F.);
#9043 = EDGE_LOOP('',(#9044,#9045,#9046,#9047));
#9044 = ORIENTED_EDGE('',*,*,#8975,.F.);
#9045 = ORIENTED_EDGE('',*,*,#8936,.T.);
#9046 = ORIENTED_EDGE('',*,*,#9023,.T.);
#9047 = ORIENTED_EDGE('',*,*,#9048,.F.);
#9048 = EDGE_CURVE('',#8976,#9024,#9049,.T.);
#9049 = LINE('',#9050,#9051);
#9050 = CARTESIAN_POINT('',(29.75,20.35,42.3));
#9051 = VECTOR('',#9052,1.);
#9052 = DIRECTION('',(0.,1.,0.));
#9053 = PLANE('',#9054);
#9054 = AXIS2_PLACEMENT_3D('',#9055,#9056,#9057);
#9055 = CARTESIAN_POINT('',(29.75,20.35,36.3));
#9056 = DIRECTION('',(1.,0.,0.));
#9057 = DIRECTION('',(0.,0.,1.));
#9058 = ADVANCED_FACE('',(#9059),#9065,.T.);
#9059 = FACE_BOUND('',#9060,.T.);
#9060 = EDGE_LOOP('',(#9061,#9062,#9063,#9064));
#9061 = ORIENTED_EDGE('',*,*,#9048,.F.);
#9062 = ORIENTED_EDGE('',*,*,#8983,.T.);
#9063 = ORIENTED_EDGE('',*,*,#9007,.T.);
#9064 = ORIENTED_EDGE('',*,*,#9031,.F.);
#9065 = PLANE('',#9066);
#9066 = AXIS2_PLACEMENT_3D('',#9067,#9068,#9069);
#9067 = CARTESIAN_POINT('',(29.75,20.35,42.3));
#9068 = DIRECTION('',(0.,0.,1.));
#9069 = DIRECTION('',(1.,0.,0.));
#9070 = MANIFOLD_SOLID_BREP('',#9071);
#9071 = CLOSED_SHELL('',(#9072,#9112,#9143,#9174,#9205,#9236,#9267,#9298
    ,#9320,#9336));
#9072 = ADVANCED_FACE('',(#9073),#9107,.F.);
#9073 = FACE_BOUND('',#9074,.F.);
#9074 = EDGE_LOOP('',(#9075,#9085,#9093,#9101));
#9075 = ORIENTED_EDGE('',*,*,#9076,.T.);
#9076 = EDGE_CURVE('',#9077,#9079,#9081,.T.);
#9077 = VERTEX_POINT('',#9078);
#9078 = CARTESIAN_POINT('',(6.,0.,31.2));
#9079 = VERTEX_POINT('',#9080);
#9080 = CARTESIAN_POINT('',(6.,0.,32.8));
#9081 = LINE('',#9082,#9083);
#9082 = CARTESIAN_POINT('',(6.,0.,31.2));
#9083 = VECTOR('',#9084,1.);
#9084 = DIRECTION('',(0.,0.,1.));
#9085 = ORIENTED_EDGE('',*,*,#9086,.T.);
#9086 = EDGE_CURVE('',#9079,#9087,#9089,.T.);
#9087 = VERTEX_POINT('',#9088);
#9088 = CARTESIAN_POINT('',(48.,0.,32.8));
#9089 = LINE('',#9090,#9091);
#9090 = CARTESIAN_POINT('',(6.,0.,32.8));
#9091 = VECTOR('',#9092,1.);
#9092 = DIRECTION('',(1.,0.,0.));
#9093 = ORIENTED_EDGE('',*,*,#9094,.F.);
#9094 = EDGE_CURVE('',#9095,#9087,#9097,.T.);
#9095 = VERTEX_POINT('',#9096);
#9096 = CARTESIAN_POINT('',(48.,0.,31.2));
#9097 = LINE('',#9098,#9099);
#9098 = CARTESIAN_POINT('',(48.,0.,31.2));
#9099 = VECTOR('',#9100,1.);
#9100 = DIRECTION('',(0.,0.,1.));
#9101 = ORIENTED_EDGE('',*,*,#9102,.F.);
#9102 = EDGE_CURVE('',#9077,#9095,#9103,.T.);
#9103 = LINE('',#9104,#9105);
#9104 = CARTESIAN_POINT('',(6.,0.,31.2));
#9105 = VECTOR('',#9106,1.);
#9106 = DIRECTION('',(1.,0.,0.));
#9107 = PLANE('',#9108);
#9108 = AXIS2_PLACEMENT_3D('',#9109,#9110,#9111);
#9109 = CARTESIAN_POINT('',(6.,0.,31.2));
#9110 = DIRECTION('',(0.,1.,0.));
#9111 = DIRECTION('',(1.,0.,0.));
#9112 = ADVANCED_FACE('',(#9113),#9138,.F.);
#9113 = FACE_BOUND('',#9114,.F.);
#9114 = EDGE_LOOP('',(#9115,#9116,#9124,#9132));
#9115 = ORIENTED_EDGE('',*,*,#9094,.T.);
#9116 = ORIENTED_EDGE('',*,*,#9117,.T.);
#9117 = EDGE_CURVE('',#9087,#9118,#9120,.T.);
#9118 = VERTEX_POINT('',#9119);
#9119 = CARTESIAN_POINT('',(54.,6.,32.8));
#9120 = LINE('',#9121,#9122);
#9121 = CARTESIAN_POINT('',(48.,0.,32.8));
#9122 = VECTOR('',#9123,1.);
#9123 = DIRECTION('',(0.707106781187,0.707106781187,0.));
#9124 = ORIENTED_EDGE('',*,*,#9125,.F.);
#9125 = EDGE_CURVE('',#9126,#9118,#9128,.T.);
#9126 = VERTEX_POINT('',#9127);
#9127 = CARTESIAN_POINT('',(54.,6.,31.2));
#9128 = LINE('',#9129,#9130);
#9129 = CARTESIAN_POINT('',(54.,6.,31.2));
#9130 = VECTOR('',#9131,1.);
#9131 = DIRECTION('',(0.,0.,1.));
#9132 = ORIENTED_EDGE('',*,*,#9133,.F.);
#9133 = EDGE_CURVE('',#9095,#9126,#9134,.T.);
#9134 = LINE('',#9135,#9136);
#9135 = CARTESIAN_POINT('',(48.,0.,31.2));
#9136 = VECTOR('',#9137,1.);
#9137 = DIRECTION('',(0.707106781187,0.707106781187,0.));
#9138 = PLANE('',#9139);
#9139 = AXIS2_PLACEMENT_3D('',#9140,#9141,#9142);
#9140 = CARTESIAN_POINT('',(48.,0.,31.2));
#9141 = DIRECTION('',(-0.707106781187,0.707106781187,0.));
#9142 = DIRECTION('',(0.707106781187,0.707106781187,0.));
#9143 = ADVANCED_FACE('',(#9144),#9169,.F.);
#9144 = FACE_BOUND('',#9145,.F.);
#9145 = EDGE_LOOP('',(#9146,#9147,#9155,#9163));
#9146 = ORIENTED_EDGE('',*,*,#9125,.T.);
#9147 = ORIENTED_EDGE('',*,*,#9148,.T.);
#9148 = EDGE_CURVE('',#9118,#9149,#9151,.T.);
#9149 = VERTEX_POINT('',#9150);
#9150 = CARTESIAN_POINT('',(54.,76.,32.8));
#9151 = LINE('',#9152,#9153);
#9152 = CARTESIAN_POINT('',(54.,6.,32.8));
#9153 = VECTOR('',#9154,1.);
#9154 = DIRECTION('',(0.,1.,0.));
#9155 = ORIENTED_EDGE('',*,*,#9156,.F.);
#9156 = EDGE_CURVE('',#9157,#9149,#9159,.T.);
#9157 = VERTEX_POINT('',#9158);
#9158 = CARTESIAN_POINT('',(54.,76.,31.2));
#9159 = LINE('',#9160,#9161);
#9160 = CARTESIAN_POINT('',(54.,76.,31.2));
#9161 = VECTOR('',#9162,1.);
#9162 = DIRECTION('',(0.,0.,1.));
#9163 = ORIENTED_EDGE('',*,*,#9164,.F.);
#9164 = EDGE_CURVE('',#9126,#9157,#9165,.T.);
#9165 = LINE('',#9166,#9167);
#9166 = CARTESIAN_POINT('',(54.,6.,31.2));
#9167 = VECTOR('',#9168,1.);
#9168 = DIRECTION('',(0.,1.,0.));
#9169 = PLANE('',#9170);
#9170 = AXIS2_PLACEMENT_3D('',#9171,#9172,#9173);
#9171 = CARTESIAN_POINT('',(54.,6.,31.2));
#9172 = DIRECTION('',(-1.,0.,0.));
#9173 = DIRECTION('',(0.,1.,0.));
#9174 = ADVANCED_FACE('',(#9175),#9200,.F.);
#9175 = FACE_BOUND('',#9176,.F.);
#9176 = EDGE_LOOP('',(#9177,#9178,#9186,#9194));
#9177 = ORIENTED_EDGE('',*,*,#9156,.T.);
#9178 = ORIENTED_EDGE('',*,*,#9179,.T.);
#9179 = EDGE_CURVE('',#9149,#9180,#9182,.T.);
#9180 = VERTEX_POINT('',#9181);
#9181 = CARTESIAN_POINT('',(48.,82.,32.8));
#9182 = LINE('',#9183,#9184);
#9183 = CARTESIAN_POINT('',(54.,76.,32.8));
#9184 = VECTOR('',#9185,1.);
#9185 = DIRECTION('',(-0.707106781187,0.707106781187,0.));
#9186 = ORIENTED_EDGE('',*,*,#9187,.F.);
#9187 = EDGE_CURVE('',#9188,#9180,#9190,.T.);
#9188 = VERTEX_POINT('',#9189);
#9189 = CARTESIAN_POINT('',(48.,82.,31.2));
#9190 = LINE('',#9191,#9192);
#9191 = CARTESIAN_POINT('',(48.,82.,31.2));
#9192 = VECTOR('',#9193,1.);
#9193 = DIRECTION('',(0.,0.,1.));
#9194 = ORIENTED_EDGE('',*,*,#9195,.F.);
#9195 = EDGE_CURVE('',#9157,#9188,#9196,.T.);
#9196 = LINE('',#9197,#9198);
#9197 = CARTESIAN_POINT('',(54.,76.,31.2));
#9198 = VECTOR('',#9199,1.);
#9199 = DIRECTION('',(-0.707106781187,0.707106781187,0.));
#9200 = PLANE('',#9201);
#9201 = AXIS2_PLACEMENT_3D('',#9202,#9203,#9204);
#9202 = CARTESIAN_POINT('',(54.,76.,31.2));
#9203 = DIRECTION('',(-0.707106781187,-0.707106781187,0.));
#9204 = DIRECTION('',(-0.707106781187,0.707106781187,0.));
#9205 = ADVANCED_FACE('',(#9206),#9231,.F.);
#9206 = FACE_BOUND('',#9207,.F.);
#9207 = EDGE_LOOP('',(#9208,#9209,#9217,#9225));
#9208 = ORIENTED_EDGE('',*,*,#9187,.T.);
#9209 = ORIENTED_EDGE('',*,*,#9210,.T.);
#9210 = EDGE_CURVE('',#9180,#9211,#9213,.T.);
#9211 = VERTEX_POINT('',#9212);
#9212 = CARTESIAN_POINT('',(6.,82.,32.8));
#9213 = LINE('',#9214,#9215);
#9214 = CARTESIAN_POINT('',(48.,82.,32.8));
#9215 = VECTOR('',#9216,1.);
#9216 = DIRECTION('',(-1.,0.,0.));
#9217 = ORIENTED_EDGE('',*,*,#9218,.F.);
#9218 = EDGE_CURVE('',#9219,#9211,#9221,.T.);
#9219 = VERTEX_POINT('',#9220);
#9220 = CARTESIAN_POINT('',(6.,82.,31.2));
#9221 = LINE('',#9222,#9223);
#9222 = CARTESIAN_POINT('',(6.,82.,31.2));
#9223 = VECTOR('',#9224,1.);
#9224 = DIRECTION('',(0.,0.,1.));
#9225 = ORIENTED_EDGE('',*,*,#9226,.F.);
#9226 = EDGE_CURVE('',#9188,#9219,#9227,.T.);
#9227 = LINE('',#9228,#9229);
#9228 = CARTESIAN_POINT('',(48.,82.,31.2));
#9229 = VECTOR('',#9230,1.);
#9230 = DIRECTION('',(-1.,0.,0.));
#9231 = PLANE('',#9232);
#9232 = AXIS2_PLACEMENT_3D('',#9233,#9234,#9235);
#9233 = CARTESIAN_POINT('',(48.,82.,31.2));
#9234 = DIRECTION('',(0.,-1.,0.));
#9235 = DIRECTION('',(-1.,0.,0.));
#9236 = ADVANCED_FACE('',(#9237),#9262,.F.);
#9237 = FACE_BOUND('',#9238,.F.);
#9238 = EDGE_LOOP('',(#9239,#9240,#9248,#9256));
#9239 = ORIENTED_EDGE('',*,*,#9218,.T.);
#9240 = ORIENTED_EDGE('',*,*,#9241,.T.);
#9241 = EDGE_CURVE('',#9211,#9242,#9244,.T.);
#9242 = VERTEX_POINT('',#9243);
#9243 = CARTESIAN_POINT('',(0.,76.,32.8));
#9244 = LINE('',#9245,#9246);
#9245 = CARTESIAN_POINT('',(6.,82.,32.8));
#9246 = VECTOR('',#9247,1.);
#9247 = DIRECTION('',(-0.707106781187,-0.707106781187,0.));
#9248 = ORIENTED_EDGE('',*,*,#9249,.F.);
#9249 = EDGE_CURVE('',#9250,#9242,#9252,.T.);
#9250 = VERTEX_POINT('',#9251);
#9251 = CARTESIAN_POINT('',(0.,76.,31.2));
#9252 = LINE('',#9253,#9254);
#9253 = CARTESIAN_POINT('',(0.,76.,31.2));
#9254 = VECTOR('',#9255,1.);
#9255 = DIRECTION('',(0.,0.,1.));
#9256 = ORIENTED_EDGE('',*,*,#9257,.F.);
#9257 = EDGE_CURVE('',#9219,#9250,#9258,.T.);
#9258 = LINE('',#9259,#9260);
#9259 = CARTESIAN_POINT('',(6.,82.,31.2));
#9260 = VECTOR('',#9261,1.);
#9261 = DIRECTION('',(-0.707106781187,-0.707106781187,0.));
#9262 = PLANE('',#9263);
#9263 = AXIS2_PLACEMENT_3D('',#9264,#9265,#9266);
#9264 = CARTESIAN_POINT('',(6.,82.,31.2));
#9265 = DIRECTION('',(0.707106781187,-0.707106781187,0.));
#9266 = DIRECTION('',(-0.707106781187,-0.707106781187,0.));
#9267 = ADVANCED_FACE('',(#9268),#9293,.F.);
#9268 = FACE_BOUND('',#9269,.F.);
#9269 = EDGE_LOOP('',(#9270,#9271,#9279,#9287));
#9270 = ORIENTED_EDGE('',*,*,#9249,.T.);
#9271 = ORIENTED_EDGE('',*,*,#9272,.T.);
#9272 = EDGE_CURVE('',#9242,#9273,#9275,.T.);
#9273 = VERTEX_POINT('',#9274);
#9274 = CARTESIAN_POINT('',(0.,6.,32.8));
#9275 = LINE('',#9276,#9277);
#9276 = CARTESIAN_POINT('',(0.,76.,32.8));
#9277 = VECTOR('',#9278,1.);
#9278 = DIRECTION('',(0.,-1.,0.));
#9279 = ORIENTED_EDGE('',*,*,#9280,.F.);
#9280 = EDGE_CURVE('',#9281,#9273,#9283,.T.);
#9281 = VERTEX_POINT('',#9282);
#9282 = CARTESIAN_POINT('',(0.,6.,31.2));
#9283 = LINE('',#9284,#9285);
#9284 = CARTESIAN_POINT('',(0.,6.,31.2));
#9285 = VECTOR('',#9286,1.);
#9286 = DIRECTION('',(0.,0.,1.));
#9287 = ORIENTED_EDGE('',*,*,#9288,.F.);
#9288 = EDGE_CURVE('',#9250,#9281,#9289,.T.);
#9289 = LINE('',#9290,#9291);
#9290 = CARTESIAN_POINT('',(0.,76.,31.2));
#9291 = VECTOR('',#9292,1.);
#9292 = DIRECTION('',(0.,-1.,0.));
#9293 = PLANE('',#9294);
#9294 = AXIS2_PLACEMENT_3D('',#9295,#9296,#9297);
#9295 = CARTESIAN_POINT('',(0.,76.,31.2));
#9296 = DIRECTION('',(1.,0.,0.));
#9297 = DIRECTION('',(0.,-1.,0.));
#9298 = ADVANCED_FACE('',(#9299),#9315,.F.);
#9299 = FACE_BOUND('',#9300,.F.);
#9300 = EDGE_LOOP('',(#9301,#9302,#9308,#9309));
#9301 = ORIENTED_EDGE('',*,*,#9280,.T.);
#9302 = ORIENTED_EDGE('',*,*,#9303,.T.);
#9303 = EDGE_CURVE('',#9273,#9079,#9304,.T.);
#9304 = LINE('',#9305,#9306);
#9305 = CARTESIAN_POINT('',(0.,6.,32.8));
#9306 = VECTOR('',#9307,1.);
#9307 = DIRECTION('',(0.707106781187,-0.707106781187,0.));
#9308 = ORIENTED_EDGE('',*,*,#9076,.F.);
#9309 = ORIENTED_EDGE('',*,*,#9310,.F.);
#9310 = EDGE_CURVE('',#9281,#9077,#9311,.T.);
#9311 = LINE('',#9312,#9313);
#9312 = CARTESIAN_POINT('',(0.,6.,31.2));
#9313 = VECTOR('',#9314,1.);
#9314 = DIRECTION('',(0.707106781187,-0.707106781187,0.));
#9315 = PLANE('',#9316);
#9316 = AXIS2_PLACEMENT_3D('',#9317,#9318,#9319);
#9317 = CARTESIAN_POINT('',(0.,6.,31.2));
#9318 = DIRECTION('',(0.707106781187,0.707106781187,0.));
#9319 = DIRECTION('',(0.707106781187,-0.707106781187,0.));
#9320 = ADVANCED_FACE('',(#9321),#9331,.F.);
#9321 = FACE_BOUND('',#9322,.F.);
#9322 = EDGE_LOOP('',(#9323,#9324,#9325,#9326,#9327,#9328,#9329,#9330));
#9323 = ORIENTED_EDGE('',*,*,#9102,.T.);
#9324 = ORIENTED_EDGE('',*,*,#9133,.T.);
#9325 = ORIENTED_EDGE('',*,*,#9164,.T.);
#9326 = ORIENTED_EDGE('',*,*,#9195,.T.);
#9327 = ORIENTED_EDGE('',*,*,#9226,.T.);
#9328 = ORIENTED_EDGE('',*,*,#9257,.T.);
#9329 = ORIENTED_EDGE('',*,*,#9288,.T.);
#9330 = ORIENTED_EDGE('',*,*,#9310,.T.);
#9331 = PLANE('',#9332);
#9332 = AXIS2_PLACEMENT_3D('',#9333,#9334,#9335);
#9333 = CARTESIAN_POINT('',(27.,41.,31.2));
#9334 = DIRECTION('',(0.,0.,1.));
#9335 = DIRECTION('',(1.,0.,0.));
#9336 = ADVANCED_FACE('',(#9337),#9347,.T.);
#9337 = FACE_BOUND('',#9338,.T.);
#9338 = EDGE_LOOP('',(#9339,#9340,#9341,#9342,#9343,#9344,#9345,#9346));
#9339 = ORIENTED_EDGE('',*,*,#9086,.T.);
#9340 = ORIENTED_EDGE('',*,*,#9117,.T.);
#9341 = ORIENTED_EDGE('',*,*,#9148,.T.);
#9342 = ORIENTED_EDGE('',*,*,#9179,.T.);
#9343 = ORIENTED_EDGE('',*,*,#9210,.T.);
#9344 = ORIENTED_EDGE('',*,*,#9241,.T.);
#9345 = ORIENTED_EDGE('',*,*,#9272,.T.);
#9346 = ORIENTED_EDGE('',*,*,#9303,.T.);
#9347 = PLANE('',#9348);
#9348 = AXIS2_PLACEMENT_3D('',#9349,#9350,#9351);
#9349 = CARTESIAN_POINT('',(27.,41.,32.8));
#9350 = DIRECTION('',(0.,0.,1.));
#9351 = DIRECTION('',(1.,0.,0.));
#9352 = MANIFOLD_SOLID_BREP('',#9353);
#9353 = CLOSED_SHELL('',(#9354,#9394,#9434,#9456,#9478,#9490));
#9354 = ADVANCED_FACE('',(#9355),#9389,.F.);
#9355 = FACE_BOUND('',#9356,.F.);
#9356 = EDGE_LOOP('',(#9357,#9367,#9375,#9383));
#9357 = ORIENTED_EDGE('',*,*,#9358,.F.);
#9358 = EDGE_CURVE('',#9359,#9361,#9363,.T.);
#9359 = VERTEX_POINT('',#9360);
#9360 = CARTESIAN_POINT('',(8.,68.,32.8));
#9361 = VERTEX_POINT('',#9362);
#9362 = CARTESIAN_POINT('',(8.,68.,36.3));
#9363 = LINE('',#9364,#9365);
#9364 = CARTESIAN_POINT('',(8.,68.,32.8));
#9365 = VECTOR('',#9366,1.);
#9366 = DIRECTION('',(0.,0.,1.));
#9367 = ORIENTED_EDGE('',*,*,#9368,.T.);
#9368 = EDGE_CURVE('',#9359,#9369,#9371,.T.);
#9369 = VERTEX_POINT('',#9370);
#9370 = CARTESIAN_POINT('',(8.,82.,32.8));
#9371 = LINE('',#9372,#9373);
#9372 = CARTESIAN_POINT('',(8.,68.,32.8));
#9373 = VECTOR('',#9374,1.);
#9374 = DIRECTION('',(0.,1.,0.));
#9375 = ORIENTED_EDGE('',*,*,#9376,.T.);
#9376 = EDGE_CURVE('',#9369,#9377,#9379,.T.);
#9377 = VERTEX_POINT('',#9378);
#9378 = CARTESIAN_POINT('',(8.,82.,36.3));
#9379 = LINE('',#9380,#9381);
#9380 = CARTESIAN_POINT('',(8.,82.,32.8));
#9381 = VECTOR('',#9382,1.);
#9382 = DIRECTION('',(0.,0.,1.));
#9383 = ORIENTED_EDGE('',*,*,#9384,.F.);
#9384 = EDGE_CURVE('',#9361,#9377,#9385,.T.);
#9385 = LINE('',#9386,#9387);
#9386 = CARTESIAN_POINT('',(8.,68.,36.3));
#9387 = VECTOR('',#9388,1.);
#9388 = DIRECTION('',(0.,1.,0.));
#9389 = PLANE('',#9390);
#9390 = AXIS2_PLACEMENT_3D('',#9391,#9392,#9393);
#9391 = CARTESIAN_POINT('',(8.,68.,32.8));
#9392 = DIRECTION('',(1.,0.,0.));
#9393 = DIRECTION('',(0.,0.,1.));
#9394 = ADVANCED_FACE('',(#9395),#9429,.T.);
#9395 = FACE_BOUND('',#9396,.T.);
#9396 = EDGE_LOOP('',(#9397,#9407,#9415,#9423));
#9397 = ORIENTED_EDGE('',*,*,#9398,.F.);
#9398 = EDGE_CURVE('',#9399,#9401,#9403,.T.);
#9399 = VERTEX_POINT('',#9400);
#9400 = CARTESIAN_POINT('',(19.,68.,32.8));
#9401 = VERTEX_POINT('',#9402);
#9402 = CARTESIAN_POINT('',(19.,68.,36.3));
#9403 = LINE('',#9404,#9405);
#9404 = CARTESIAN_POINT('',(19.,68.,32.8));
#9405 = VECTOR('',#9406,1.);
#9406 = DIRECTION('',(0.,0.,1.));
#9407 = ORIENTED_EDGE('',*,*,#9408,.T.);
#9408 = EDGE_CURVE('',#9399,#9409,#9411,.T.);
#9409 = VERTEX_POINT('',#9410);
#9410 = CARTESIAN_POINT('',(19.,82.,32.8));
#9411 = LINE('',#9412,#9413);
#9412 = CARTESIAN_POINT('',(19.,68.,32.8));
#9413 = VECTOR('',#9414,1.);
#9414 = DIRECTION('',(0.,1.,0.));
#9415 = ORIENTED_EDGE('',*,*,#9416,.T.);
#9416 = EDGE_CURVE('',#9409,#9417,#9419,.T.);
#9417 = VERTEX_POINT('',#9418);
#9418 = CARTESIAN_POINT('',(19.,82.,36.3));
#9419 = LINE('',#9420,#9421);
#9420 = CARTESIAN_POINT('',(19.,82.,32.8));
#9421 = VECTOR('',#9422,1.);
#9422 = DIRECTION('',(0.,0.,1.));
#9423 = ORIENTED_EDGE('',*,*,#9424,.F.);
#9424 = EDGE_CURVE('',#9401,#9417,#9425,.T.);
#9425 = LINE('',#9426,#9427);
#9426 = CARTESIAN_POINT('',(19.,68.,36.3));
#9427 = VECTOR('',#9428,1.);
#9428 = DIRECTION('',(0.,1.,0.));
#9429 = PLANE('',#9430);
#9430 = AXIS2_PLACEMENT_3D('',#9431,#9432,#9433);
#9431 = CARTESIAN_POINT('',(19.,68.,32.8));
#9432 = DIRECTION('',(1.,0.,0.));
#9433 = DIRECTION('',(0.,0.,1.));
#9434 = ADVANCED_FACE('',(#9435),#9451,.F.);
#9435 = FACE_BOUND('',#9436,.F.);
#9436 = EDGE_LOOP('',(#9437,#9443,#9444,#9450));
#9437 = ORIENTED_EDGE('',*,*,#9438,.F.);
#9438 = EDGE_CURVE('',#9359,#9399,#9439,.T.);
#9439 = LINE('',#9440,#9441);
#9440 = CARTESIAN_POINT('',(8.,68.,32.8));
#9441 = VECTOR('',#9442,1.);
#9442 = DIRECTION('',(1.,0.,0.));
#9443 = ORIENTED_EDGE('',*,*,#9358,.T.);
#9444 = ORIENTED_EDGE('',*,*,#9445,.T.);
#9445 = EDGE_CURVE('',#9361,#9401,#9446,.T.);
#9446 = LINE('',#9447,#9448);
#9447 = CARTESIAN_POINT('',(8.,68.,36.3));
#9448 = VECTOR('',#9449,1.);
#9449 = DIRECTION('',(1.,0.,0.));
#9450 = ORIENTED_EDGE('',*,*,#9398,.F.);
#9451 = PLANE('',#9452);
#9452 = AXIS2_PLACEMENT_3D('',#9453,#9454,#9455);
#9453 = CARTESIAN_POINT('',(8.,68.,32.8));
#9454 = DIRECTION('',(0.,1.,0.));
#9455 = DIRECTION('',(0.,0.,1.));
#9456 = ADVANCED_FACE('',(#9457),#9473,.T.);
#9457 = FACE_BOUND('',#9458,.T.);
#9458 = EDGE_LOOP('',(#9459,#9465,#9466,#9472));
#9459 = ORIENTED_EDGE('',*,*,#9460,.F.);
#9460 = EDGE_CURVE('',#9369,#9409,#9461,.T.);
#9461 = LINE('',#9462,#9463);
#9462 = CARTESIAN_POINT('',(8.,82.,32.8));
#9463 = VECTOR('',#9464,1.);
#9464 = DIRECTION('',(1.,0.,0.));
#9465 = ORIENTED_EDGE('',*,*,#9376,.T.);
#9466 = ORIENTED_EDGE('',*,*,#9467,.T.);
#9467 = EDGE_CURVE('',#9377,#9417,#9468,.T.);
#9468 = LINE('',#9469,#9470);
#9469 = CARTESIAN_POINT('',(8.,82.,36.3));
#9470 = VECTOR('',#9471,1.);
#9471 = DIRECTION('',(1.,0.,0.));
#9472 = ORIENTED_EDGE('',*,*,#9416,.F.);
#9473 = PLANE('',#9474);
#9474 = AXIS2_PLACEMENT_3D('',#9475,#9476,#9477);
#9475 = CARTESIAN_POINT('',(8.,82.,32.8));
#9476 = DIRECTION('',(0.,1.,0.));
#9477 = DIRECTION('',(0.,0.,1.));
#9478 = ADVANCED_FACE('',(#9479),#9485,.F.);
#9479 = FACE_BOUND('',#9480,.F.);
#9480 = EDGE_LOOP('',(#9481,#9482,#9483,#9484));
#9481 = ORIENTED_EDGE('',*,*,#9368,.F.);
#9482 = ORIENTED_EDGE('',*,*,#9438,.T.);
#9483 = ORIENTED_EDGE('',*,*,#9408,.T.);
#9484 = ORIENTED_EDGE('',*,*,#9460,.F.);
#9485 = PLANE('',#9486);
#9486 = AXIS2_PLACEMENT_3D('',#9487,#9488,#9489);
#9487 = CARTESIAN_POINT('',(8.,68.,32.8));
#9488 = DIRECTION('',(0.,0.,1.));
#9489 = DIRECTION('',(1.,0.,0.));
#9490 = ADVANCED_FACE('',(#9491),#9497,.T.);
#9491 = FACE_BOUND('',#9492,.T.);
#9492 = EDGE_LOOP('',(#9493,#9494,#9495,#9496));
#9493 = ORIENTED_EDGE('',*,*,#9384,.F.);
#9494 = ORIENTED_EDGE('',*,*,#9445,.T.);
#9495 = ORIENTED_EDGE('',*,*,#9424,.T.);
#9496 = ORIENTED_EDGE('',*,*,#9467,.F.);
#9497 = PLANE('',#9498);
#9498 = AXIS2_PLACEMENT_3D('',#9499,#9500,#9501);
#9499 = CARTESIAN_POINT('',(8.,68.,36.3));
#9500 = DIRECTION('',(0.,0.,1.));
#9501 = DIRECTION('',(1.,0.,0.));
#9502 = MANIFOLD_SOLID_BREP('',#9503);
#9503 = CLOSED_SHELL('',(#9504,#9544,#9575,#9667,#9691,#9708,#9720,#9751
    ,#9775,#9799,#9816,#9847,#9871,#9895,#9912,#9924));
#9504 = ADVANCED_FACE('',(#9505),#9539,.F.);
#9505 = FACE_BOUND('',#9506,.F.);
#9506 = EDGE_LOOP('',(#9507,#9517,#9525,#9533));
#9507 = ORIENTED_EDGE('',*,*,#9508,.F.);
#9508 = EDGE_CURVE('',#9509,#9511,#9513,.T.);
#9509 = VERTEX_POINT('',#9510);
#9510 = CARTESIAN_POINT('',(30.,10.,32.8));
#9511 = VERTEX_POINT('',#9512);
#9512 = CARTESIAN_POINT('',(30.,10.,34.4));
#9513 = LINE('',#9514,#9515);
#9514 = CARTESIAN_POINT('',(30.,10.,32.8));
#9515 = VECTOR('',#9516,1.);
#9516 = DIRECTION('',(0.,0.,1.));
#9517 = ORIENTED_EDGE('',*,*,#9518,.T.);
#9518 = EDGE_CURVE('',#9509,#9519,#9521,.T.);
#9519 = VERTEX_POINT('',#9520);
#9520 = CARTESIAN_POINT('',(30.,60.,32.8));
#9521 = LINE('',#9522,#9523);
#9522 = CARTESIAN_POINT('',(30.,10.,32.8));
#9523 = VECTOR('',#9524,1.);
#9524 = DIRECTION('',(0.,1.,0.));
#9525 = ORIENTED_EDGE('',*,*,#9526,.T.);
#9526 = EDGE_CURVE('',#9519,#9527,#9529,.T.);
#9527 = VERTEX_POINT('',#9528);
#9528 = CARTESIAN_POINT('',(30.,60.,34.4));
#9529 = LINE('',#9530,#9531);
#9530 = CARTESIAN_POINT('',(30.,60.,32.8));
#9531 = VECTOR('',#9532,1.);
#9532 = DIRECTION('',(0.,0.,1.));
#9533 = ORIENTED_EDGE('',*,*,#9534,.F.);
#9534 = EDGE_CURVE('',#9511,#9527,#9535,.T.);
#9535 = LINE('',#9536,#9537);
#9536 = CARTESIAN_POINT('',(30.,10.,34.4));
#9537 = VECTOR('',#9538,1.);
#9538 = DIRECTION('',(0.,1.,0.));
#9539 = PLANE('',#9540);
#9540 = AXIS2_PLACEMENT_3D('',#9541,#9542,#9543);
#9541 = CARTESIAN_POINT('',(30.,10.,32.8));
#9542 = DIRECTION('',(1.,0.,0.));
#9543 = DIRECTION('',(0.,0.,1.));
#9544 = ADVANCED_FACE('',(#9545),#9570,.F.);
#9545 = FACE_BOUND('',#9546,.F.);
#9546 = EDGE_LOOP('',(#9547,#9555,#9556,#9564));
#9547 = ORIENTED_EDGE('',*,*,#9548,.F.);
#9548 = EDGE_CURVE('',#9509,#9549,#9551,.T.);
#9549 = VERTEX_POINT('',#9550);
#9550 = CARTESIAN_POINT('',(55.,10.,32.8));
#9551 = LINE('',#9552,#9553);
#9552 = CARTESIAN_POINT('',(30.,10.,32.8));
#9553 = VECTOR('',#9554,1.);
#9554 = DIRECTION('',(1.,0.,0.));
#9555 = ORIENTED_EDGE('',*,*,#9508,.T.);
#9556 = ORIENTED_EDGE('',*,*,#9557,.T.);
#9557 = EDGE_CURVE('',#9511,#9558,#9560,.T.);
#9558 = VERTEX_POINT('',#9559);
#9559 = CARTESIAN_POINT('',(55.,10.,34.4));
#9560 = LINE('',#9561,#9562);
#9561 = CARTESIAN_POINT('',(30.,10.,34.4));
#9562 = VECTOR('',#9563,1.);
#9563 = DIRECTION('',(1.,0.,0.));
#9564 = ORIENTED_EDGE('',*,*,#9565,.F.);
#9565 = EDGE_CURVE('',#9549,#9558,#9566,.T.);
#9566 = LINE('',#9567,#9568);
#9567 = CARTESIAN_POINT('',(55.,10.,32.8));
#9568 = VECTOR('',#9569,1.);
#9569 = DIRECTION('',(0.,0.,1.));
#9570 = PLANE('',#9571);
#9571 = AXIS2_PLACEMENT_3D('',#9572,#9573,#9574);
#9572 = CARTESIAN_POINT('',(30.,10.,32.8));
#9573 = DIRECTION('',(0.,1.,0.));
#9574 = DIRECTION('',(0.,0.,1.));
#9575 = ADVANCED_FACE('',(#9576,#9594,#9628),#9662,.T.);
#9576 = FACE_BOUND('',#9577,.T.);
#9577 = EDGE_LOOP('',(#9578,#9579,#9580,#9588));
#9578 = ORIENTED_EDGE('',*,*,#9534,.F.);
#9579 = ORIENTED_EDGE('',*,*,#9557,.T.);
#9580 = ORIENTED_EDGE('',*,*,#9581,.T.);
#9581 = EDGE_CURVE('',#9558,#9582,#9584,.T.);
#9582 = VERTEX_POINT('',#9583);
#9583 = CARTESIAN_POINT('',(55.,60.,34.4));
#9584 = LINE('',#9585,#9586);
#9585 = CARTESIAN_POINT('',(55.,10.,34.4));
#9586 = VECTOR('',#9587,1.);
#9587 = DIRECTION('',(0.,1.,0.));
#9588 = ORIENTED_EDGE('',*,*,#9589,.F.);
#9589 = EDGE_CURVE('',#9527,#9582,#9590,.T.);
#9590 = LINE('',#9591,#9592);
#9591 = CARTESIAN_POINT('',(30.,60.,34.4));
#9592 = VECTOR('',#9593,1.);
#9593 = DIRECTION('',(1.,0.,0.));
#9594 = FACE_BOUND('',#9595,.T.);
#9595 = EDGE_LOOP('',(#9596,#9606,#9614,#9622));
#9596 = ORIENTED_EDGE('',*,*,#9597,.F.);
#9597 = EDGE_CURVE('',#9598,#9600,#9602,.T.);
#9598 = VERTEX_POINT('',#9599);
#9599 = CARTESIAN_POINT('',(34.5,14.,34.4));
#9600 = VERTEX_POINT('',#9601);
#9601 = CARTESIAN_POINT('',(50.5,14.,34.4));
#9602 = LINE('',#9603,#9604);
#9603 = CARTESIAN_POINT('',(34.5,14.,34.4));
#9604 = VECTOR('',#9605,1.);
#9605 = DIRECTION('',(1.,0.,0.));
#9606 = ORIENTED_EDGE('',*,*,#9607,.T.);
#9607 = EDGE_CURVE('',#9598,#9608,#9610,.T.);
#9608 = VERTEX_POINT('',#9609);
#9609 = CARTESIAN_POINT('',(34.5,32.,34.4));
#9610 = LINE('',#9611,#9612);
#9611 = CARTESIAN_POINT('',(34.5,14.,34.4));
#9612 = VECTOR('',#9613,1.);
#9613 = DIRECTION('',(0.,1.,0.));
#9614 = ORIENTED_EDGE('',*,*,#9615,.T.);
#9615 = EDGE_CURVE('',#9608,#9616,#9618,.T.);
#9616 = VERTEX_POINT('',#9617);
#9617 = CARTESIAN_POINT('',(50.5,32.,34.4));
#9618 = LINE('',#9619,#9620);
#9619 = CARTESIAN_POINT('',(34.5,32.,34.4));
#9620 = VECTOR('',#9621,1.);
#9621 = DIRECTION('',(1.,0.,0.));
#9622 = ORIENTED_EDGE('',*,*,#9623,.F.);
#9623 = EDGE_CURVE('',#9600,#9616,#9624,.T.);
#9624 = LINE('',#9625,#9626);
#9625 = CARTESIAN_POINT('',(50.5,14.,34.4));
#9626 = VECTOR('',#9627,1.);
#9627 = DIRECTION('',(0.,1.,0.));
#9628 = FACE_BOUND('',#9629,.T.);
#9629 = EDGE_LOOP('',(#9630,#9640,#9648,#9656));
#9630 = ORIENTED_EDGE('',*,*,#9631,.F.);
#9631 = EDGE_CURVE('',#9632,#9634,#9636,.T.);
#9632 = VERTEX_POINT('',#9633);
#9633 = CARTESIAN_POINT('',(32.,56.,34.4));
#9634 = VERTEX_POINT('',#9635);
#9635 = CARTESIAN_POINT('',(53.,56.,34.4));
#9636 = LINE('',#9637,#9638);
#9637 = CARTESIAN_POINT('',(32.,56.,34.4));
#9638 = VECTOR('',#9639,1.);
#9639 = DIRECTION('',(1.,0.,0.));
#9640 = ORIENTED_EDGE('',*,*,#9641,.T.);
#9641 = EDGE_CURVE('',#9632,#9642,#9644,.T.);
#9642 = VERTEX_POINT('',#9643);
#9643 = CARTESIAN_POINT('',(32.,59.,34.4));
#9644 = LINE('',#9645,#9646);
#9645 = CARTESIAN_POINT('',(32.,56.,34.4));
#9646 = VECTOR('',#9647,1.);
#9647 = DIRECTION('',(0.,1.,0.));
#9648 = ORIENTED_EDGE('',*,*,#9649,.T.);
#9649 = EDGE_CURVE('',#9642,#9650,#9652,.T.);
#9650 = VERTEX_POINT('',#9651);
#9651 = CARTESIAN_POINT('',(53.,59.,34.4));
#9652 = LINE('',#9653,#9654);
#9653 = CARTESIAN_POINT('',(32.,59.,34.4));
#9654 = VECTOR('',#9655,1.);
#9655 = DIRECTION('',(1.,0.,0.));
#9656 = ORIENTED_EDGE('',*,*,#9657,.F.);
#9657 = EDGE_CURVE('',#9634,#9650,#9658,.T.);
#9658 = LINE('',#9659,#9660);
#9659 = CARTESIAN_POINT('',(53.,56.,34.4));
#9660 = VECTOR('',#9661,1.);
#9661 = DIRECTION('',(0.,1.,0.));
#9662 = PLANE('',#9663);
#9663 = AXIS2_PLACEMENT_3D('',#9664,#9665,#9666);
#9664 = CARTESIAN_POINT('',(30.,10.,34.4));
#9665 = DIRECTION('',(0.,0.,1.));
#9666 = DIRECTION('',(1.,0.,0.));
#9667 = ADVANCED_FACE('',(#9668),#9686,.T.);
#9668 = FACE_BOUND('',#9669,.T.);
#9669 = EDGE_LOOP('',(#9670,#9678,#9679,#9680));
#9670 = ORIENTED_EDGE('',*,*,#9671,.F.);
#9671 = EDGE_CURVE('',#9519,#9672,#9674,.T.);
#9672 = VERTEX_POINT('',#9673);
#9673 = CARTESIAN_POINT('',(55.,60.,32.8));
#9674 = LINE('',#9675,#9676);
#9675 = CARTESIAN_POINT('',(30.,60.,32.8));
#9676 = VECTOR('',#9677,1.);
#9677 = DIRECTION('',(1.,0.,0.));
#9678 = ORIENTED_EDGE('',*,*,#9526,.T.);
#9679 = ORIENTED_EDGE('',*,*,#9589,.T.);
#9680 = ORIENTED_EDGE('',*,*,#9681,.F.);
#9681 = EDGE_CURVE('',#9672,#9582,#9682,.T.);
#9682 = LINE('',#9683,#9684);
#9683 = CARTESIAN_POINT('',(55.,60.,32.8));
#9684 = VECTOR('',#9685,1.);
#9685 = DIRECTION('',(0.,0.,1.));
#9686 = PLANE('',#9687);
#9687 = AXIS2_PLACEMENT_3D('',#9688,#9689,#9690);
#9688 = CARTESIAN_POINT('',(30.,60.,32.8));
#9689 = DIRECTION('',(0.,1.,0.));
#9690 = DIRECTION('',(0.,0.,1.));
#9691 = ADVANCED_FACE('',(#9692),#9703,.F.);
#9692 = FACE_BOUND('',#9693,.F.);
#9693 = EDGE_LOOP('',(#9694,#9695,#9696,#9702));
#9694 = ORIENTED_EDGE('',*,*,#9518,.F.);
#9695 = ORIENTED_EDGE('',*,*,#9548,.T.);
#9696 = ORIENTED_EDGE('',*,*,#9697,.T.);
#9697 = EDGE_CURVE('',#9549,#9672,#9698,.T.);
#9698 = LINE('',#9699,#9700);
#9699 = CARTESIAN_POINT('',(55.,10.,32.8));
#9700 = VECTOR('',#9701,1.);
#9701 = DIRECTION('',(0.,1.,0.));
#9702 = ORIENTED_EDGE('',*,*,#9671,.F.);
#9703 = PLANE('',#9704);
#9704 = AXIS2_PLACEMENT_3D('',#9705,#9706,#9707);
#9705 = CARTESIAN_POINT('',(30.,10.,32.8));
#9706 = DIRECTION('',(0.,0.,1.));
#9707 = DIRECTION('',(1.,0.,0.));
#9708 = ADVANCED_FACE('',(#9709),#9715,.T.);
#9709 = FACE_BOUND('',#9710,.T.);
#9710 = EDGE_LOOP('',(#9711,#9712,#9713,#9714));
#9711 = ORIENTED_EDGE('',*,*,#9565,.F.);
#9712 = ORIENTED_EDGE('',*,*,#9697,.T.);
#9713 = ORIENTED_EDGE('',*,*,#9681,.T.);
#9714 = ORIENTED_EDGE('',*,*,#9581,.F.);
#9715 = PLANE('',#9716);
#9716 = AXIS2_PLACEMENT_3D('',#9717,#9718,#9719);
#9717 = CARTESIAN_POINT('',(55.,10.,32.8));
#9718 = DIRECTION('',(1.,0.,0.));
#9719 = DIRECTION('',(0.,0.,1.));
#9720 = ADVANCED_FACE('',(#9721),#9746,.F.);
#9721 = FACE_BOUND('',#9722,.F.);
#9722 = EDGE_LOOP('',(#9723,#9724,#9732,#9740));
#9723 = ORIENTED_EDGE('',*,*,#9597,.F.);
#9724 = ORIENTED_EDGE('',*,*,#9725,.T.);
#9725 = EDGE_CURVE('',#9598,#9726,#9728,.T.);
#9726 = VERTEX_POINT('',#9727);
#9727 = CARTESIAN_POINT('',(34.5,14.,36.8));
#9728 = LINE('',#9729,#9730);
#9729 = CARTESIAN_POINT('',(34.5,14.,34.4));
#9730 = VECTOR('',#9731,1.);
#9731 = DIRECTION('',(0.,0.,1.));
#9732 = ORIENTED_EDGE('',*,*,#9733,.T.);
#9733 = EDGE_CURVE('',#9726,#9734,#9736,.T.);
#9734 = VERTEX_POINT('',#9735);
#9735 = CARTESIAN_POINT('',(50.5,14.,36.8));
#9736 = LINE('',#9737,#9738);
#9737 = CARTESIAN_POINT('',(34.5,14.,36.8));
#9738 = VECTOR('',#9739,1.);
#9739 = DIRECTION('',(1.,0.,0.));
#9740 = ORIENTED_EDGE('',*,*,#9741,.F.);
#9741 = EDGE_CURVE('',#9600,#9734,#9742,.T.);
#9742 = LINE('',#9743,#9744);
#9743 = CARTESIAN_POINT('',(50.5,14.,34.4));
#9744 = VECTOR('',#9745,1.);
#9745 = DIRECTION('',(0.,0.,1.));
#9746 = PLANE('',#9747);
#9747 = AXIS2_PLACEMENT_3D('',#9748,#9749,#9750);
#9748 = CARTESIAN_POINT('',(34.5,14.,34.4));
#9749 = DIRECTION('',(0.,1.,0.));
#9750 = DIRECTION('',(0.,0.,1.));
#9751 = ADVANCED_FACE('',(#9752),#9770,.F.);
#9752 = FACE_BOUND('',#9753,.F.);
#9753 = EDGE_LOOP('',(#9754,#9755,#9756,#9764));
#9754 = ORIENTED_EDGE('',*,*,#9725,.F.);
#9755 = ORIENTED_EDGE('',*,*,#9607,.T.);
#9756 = ORIENTED_EDGE('',*,*,#9757,.T.);
#9757 = EDGE_CURVE('',#9608,#9758,#9760,.T.);
#9758 = VERTEX_POINT('',#9759);
#9759 = CARTESIAN_POINT('',(34.5,32.,36.8));
#9760 = LINE('',#9761,#9762);
#9761 = CARTESIAN_POINT('',(34.5,32.,34.4));
#9762 = VECTOR('',#9763,1.);
#9763 = DIRECTION('',(0.,0.,1.));
#9764 = ORIENTED_EDGE('',*,*,#9765,.F.);
#9765 = EDGE_CURVE('',#9726,#9758,#9766,.T.);
#9766 = LINE('',#9767,#9768);
#9767 = CARTESIAN_POINT('',(34.5,14.,36.8));
#9768 = VECTOR('',#9769,1.);
#9769 = DIRECTION('',(0.,1.,0.));
#9770 = PLANE('',#9771);
#9771 = AXIS2_PLACEMENT_3D('',#9772,#9773,#9774);
#9772 = CARTESIAN_POINT('',(34.5,14.,34.4));
#9773 = DIRECTION('',(1.,0.,0.));
#9774 = DIRECTION('',(0.,0.,1.));
#9775 = ADVANCED_FACE('',(#9776),#9794,.T.);
#9776 = FACE_BOUND('',#9777,.T.);
#9777 = EDGE_LOOP('',(#9778,#9779,#9780,#9788));
#9778 = ORIENTED_EDGE('',*,*,#9741,.F.);
#9779 = ORIENTED_EDGE('',*,*,#9623,.T.);
#9780 = ORIENTED_EDGE('',*,*,#9781,.T.);
#9781 = EDGE_CURVE('',#9616,#9782,#9784,.T.);
#9782 = VERTEX_POINT('',#9783);
#9783 = CARTESIAN_POINT('',(50.5,32.,36.8));
#9784 = LINE('',#9785,#9786);
#9785 = CARTESIAN_POINT('',(50.5,32.,34.4));
#9786 = VECTOR('',#9787,1.);
#9787 = DIRECTION('',(0.,0.,1.));
#9788 = ORIENTED_EDGE('',*,*,#9789,.F.);
#9789 = EDGE_CURVE('',#9734,#9782,#9790,.T.);
#9790 = LINE('',#9791,#9792);
#9791 = CARTESIAN_POINT('',(50.5,14.,36.8));
#9792 = VECTOR('',#9793,1.);
#9793 = DIRECTION('',(0.,1.,0.));
#9794 = PLANE('',#9795);
#9795 = AXIS2_PLACEMENT_3D('',#9796,#9797,#9798);
#9796 = CARTESIAN_POINT('',(50.5,14.,34.4));
#9797 = DIRECTION('',(1.,0.,0.));
#9798 = DIRECTION('',(0.,0.,1.));
#9799 = ADVANCED_FACE('',(#9800),#9811,.T.);
#9800 = FACE_BOUND('',#9801,.T.);
#9801 = EDGE_LOOP('',(#9802,#9803,#9804,#9810));
#9802 = ORIENTED_EDGE('',*,*,#9615,.F.);
#9803 = ORIENTED_EDGE('',*,*,#9757,.T.);
#9804 = ORIENTED_EDGE('',*,*,#9805,.T.);
#9805 = EDGE_CURVE('',#9758,#9782,#9806,.T.);
#9806 = LINE('',#9807,#9808);
#9807 = CARTESIAN_POINT('',(34.5,32.,36.8));
#9808 = VECTOR('',#9809,1.);
#9809 = DIRECTION('',(1.,0.,0.));
#9810 = ORIENTED_EDGE('',*,*,#9781,.F.);
#9811 = PLANE('',#9812);
#9812 = AXIS2_PLACEMENT_3D('',#9813,#9814,#9815);
#9813 = CARTESIAN_POINT('',(34.5,32.,34.4));
#9814 = DIRECTION('',(0.,1.,0.));
#9815 = DIRECTION('',(0.,0.,1.));
#9816 = ADVANCED_FACE('',(#9817),#9842,.F.);
#9817 = FACE_BOUND('',#9818,.F.);
#9818 = EDGE_LOOP('',(#9819,#9820,#9828,#9836));
#9819 = ORIENTED_EDGE('',*,*,#9631,.F.);
#9820 = ORIENTED_EDGE('',*,*,#9821,.T.);
#9821 = EDGE_CURVE('',#9632,#9822,#9824,.T.);
#9822 = VERTEX_POINT('',#9823);
#9823 = CARTESIAN_POINT('',(32.,56.,40.4));
#9824 = LINE('',#9825,#9826);
#9825 = CARTESIAN_POINT('',(32.,56.,34.4));
#9826 = VECTOR('',#9827,1.);
#9827 = DIRECTION('',(0.,0.,1.));
#9828 = ORIENTED_EDGE('',*,*,#9829,.T.);
#9829 = EDGE_CURVE('',#9822,#9830,#9832,.T.);
#9830 = VERTEX_POINT('',#9831);
#9831 = CARTESIAN_POINT('',(53.,56.,40.4));
#9832 = LINE('',#9833,#9834);
#9833 = CARTESIAN_POINT('',(32.,56.,40.4));
#9834 = VECTOR('',#9835,1.);
#9835 = DIRECTION('',(1.,0.,0.));
#9836 = ORIENTED_EDGE('',*,*,#9837,.F.);
#9837 = EDGE_CURVE('',#9634,#9830,#9838,.T.);
#9838 = LINE('',#9839,#9840);
#9839 = CARTESIAN_POINT('',(53.,56.,34.4));
#9840 = VECTOR('',#9841,1.);
#9841 = DIRECTION('',(0.,0.,1.));
#9842 = PLANE('',#9843);
#9843 = AXIS2_PLACEMENT_3D('',#9844,#9845,#9846);
#9844 = CARTESIAN_POINT('',(32.,56.,34.4));
#9845 = DIRECTION('',(0.,1.,0.));
#9846 = DIRECTION('',(0.,0.,1.));
#9847 = ADVANCED_FACE('',(#9848),#9866,.T.);
#9848 = FACE_BOUND('',#9849,.T.);
#9849 = EDGE_LOOP('',(#9850,#9851,#9852,#9860));
#9850 = ORIENTED_EDGE('',*,*,#9837,.F.);
#9851 = ORIENTED_EDGE('',*,*,#9657,.T.);
#9852 = ORIENTED_EDGE('',*,*,#9853,.T.);
#9853 = EDGE_CURVE('',#9650,#9854,#9856,.T.);
#9854 = VERTEX_POINT('',#9855);
#9855 = CARTESIAN_POINT('',(53.,59.,40.4));
#9856 = LINE('',#9857,#9858);
#9857 = CARTESIAN_POINT('',(53.,59.,34.4));
#9858 = VECTOR('',#9859,1.);
#9859 = DIRECTION('',(0.,0.,1.));
#9860 = ORIENTED_EDGE('',*,*,#9861,.F.);
#9861 = EDGE_CURVE('',#9830,#9854,#9862,.T.);
#9862 = LINE('',#9863,#9864);
#9863 = CARTESIAN_POINT('',(53.,56.,40.4));
#9864 = VECTOR('',#9865,1.);
#9865 = DIRECTION('',(0.,1.,0.));
#9866 = PLANE('',#9867);
#9867 = AXIS2_PLACEMENT_3D('',#9868,#9869,#9870);
#9868 = CARTESIAN_POINT('',(53.,56.,34.4));
#9869 = DIRECTION('',(1.,0.,0.));
#9870 = DIRECTION('',(0.,0.,1.));
#9871 = ADVANCED_FACE('',(#9872),#9890,.T.);
#9872 = FACE_BOUND('',#9873,.T.);
#9873 = EDGE_LOOP('',(#9874,#9875,#9883,#9889));
#9874 = ORIENTED_EDGE('',*,*,#9649,.F.);
#9875 = ORIENTED_EDGE('',*,*,#9876,.T.);
#9876 = EDGE_CURVE('',#9642,#9877,#9879,.T.);
#9877 = VERTEX_POINT('',#9878);
#9878 = CARTESIAN_POINT('',(32.,59.,40.4));
#9879 = LINE('',#9880,#9881);
#9880 = CARTESIAN_POINT('',(32.,59.,34.4));
#9881 = VECTOR('',#9882,1.);
#9882 = DIRECTION('',(0.,0.,1.));
#9883 = ORIENTED_EDGE('',*,*,#9884,.T.);
#9884 = EDGE_CURVE('',#9877,#9854,#9885,.T.);
#9885 = LINE('',#9886,#9887);
#9886 = CARTESIAN_POINT('',(32.,59.,40.4));
#9887 = VECTOR('',#9888,1.);
#9888 = DIRECTION('',(1.,0.,0.));
#9889 = ORIENTED_EDGE('',*,*,#9853,.F.);
#9890 = PLANE('',#9891);
#9891 = AXIS2_PLACEMENT_3D('',#9892,#9893,#9894);
#9892 = CARTESIAN_POINT('',(32.,59.,34.4));
#9893 = DIRECTION('',(0.,1.,0.));
#9894 = DIRECTION('',(0.,0.,1.));
#9895 = ADVANCED_FACE('',(#9896),#9907,.F.);
#9896 = FACE_BOUND('',#9897,.F.);
#9897 = EDGE_LOOP('',(#9898,#9899,#9900,#9901));
#9898 = ORIENTED_EDGE('',*,*,#9821,.F.);
#9899 = ORIENTED_EDGE('',*,*,#9641,.T.);
#9900 = ORIENTED_EDGE('',*,*,#9876,.T.);
#9901 = ORIENTED_EDGE('',*,*,#9902,.F.);
#9902 = EDGE_CURVE('',#9822,#9877,#9903,.T.);
#9903 = LINE('',#9904,#9905);
#9904 = CARTESIAN_POINT('',(32.,56.,40.4));
#9905 = VECTOR('',#9906,1.);
#9906 = DIRECTION('',(0.,1.,0.));
#9907 = PLANE('',#9908);
#9908 = AXIS2_PLACEMENT_3D('',#9909,#9910,#9911);
#9909 = CARTESIAN_POINT('',(32.,56.,34.4));
#9910 = DIRECTION('',(1.,0.,0.));
#9911 = DIRECTION('',(0.,0.,1.));
#9912 = ADVANCED_FACE('',(#9913),#9919,.T.);
#9913 = FACE_BOUND('',#9914,.T.);
#9914 = EDGE_LOOP('',(#9915,#9916,#9917,#9918));
#9915 = ORIENTED_EDGE('',*,*,#9765,.F.);
#9916 = ORIENTED_EDGE('',*,*,#9733,.T.);
#9917 = ORIENTED_EDGE('',*,*,#9789,.T.);
#9918 = ORIENTED_EDGE('',*,*,#9805,.F.);
#9919 = PLANE('',#9920);
#9920 = AXIS2_PLACEMENT_3D('',#9921,#9922,#9923);
#9921 = CARTESIAN_POINT('',(34.5,14.,36.8));
#9922 = DIRECTION('',(0.,0.,1.));
#9923 = DIRECTION('',(1.,0.,0.));
#9924 = ADVANCED_FACE('',(#9925),#9931,.T.);
#9925 = FACE_BOUND('',#9926,.T.);
#9926 = EDGE_LOOP('',(#9927,#9928,#9929,#9930));
#9927 = ORIENTED_EDGE('',*,*,#9902,.F.);
#9928 = ORIENTED_EDGE('',*,*,#9829,.T.);
#9929 = ORIENTED_EDGE('',*,*,#9861,.T.);
#9930 = ORIENTED_EDGE('',*,*,#9884,.F.);
#9931 = PLANE('',#9932);
#9932 = AXIS2_PLACEMENT_3D('',#9933,#9934,#9935);
#9933 = CARTESIAN_POINT('',(32.,56.,40.4));
#9934 = DIRECTION('',(0.,0.,1.));
#9935 = DIRECTION('',(1.,0.,0.));
#9936 = MANIFOLD_SOLID_BREP('',#9937);
#9937 = CLOSED_SHELL('',(#9938,#9971,#9980));
#9938 = ADVANCED_FACE('',(#9939),#9966,.T.);
#9939 = FACE_BOUND('',#9940,.T.);
#9940 = EDGE_LOOP('',(#9941,#9950,#9958,#9965));
#9941 = ORIENTED_EDGE('',*,*,#9942,.F.);
#9942 = EDGE_CURVE('',#9943,#9943,#9945,.T.);
#9943 = VERTEX_POINT('',#9944);
#9944 = CARTESIAN_POINT('',(10.,8.5,31.2));
#9945 = CIRCLE('',#9946,1.5);
#9946 = AXIS2_PLACEMENT_3D('',#9947,#9948,#9949);
#9947 = CARTESIAN_POINT('',(8.5,8.5,31.2));
#9948 = DIRECTION('',(0.,0.,1.));
#9949 = DIRECTION('',(1.,0.,0.));
#9950 = ORIENTED_EDGE('',*,*,#9951,.F.);
#9951 = EDGE_CURVE('',#9952,#9943,#9954,.T.);
#9952 = VERTEX_POINT('',#9953);
#9953 = CARTESIAN_POINT('',(10.,8.5,20.2));
#9954 = LINE('',#9955,#9956);
#9955 = CARTESIAN_POINT('',(10.,8.5,20.2));
#9956 = VECTOR('',#9957,1.);
#9957 = DIRECTION('',(0.,0.,1.));
#9958 = ORIENTED_EDGE('',*,*,#9959,.T.);
#9959 = EDGE_CURVE('',#9952,#9952,#9960,.T.);
#9960 = CIRCLE('',#9961,1.5);
#9961 = AXIS2_PLACEMENT_3D('',#9962,#9963,#9964);
#9962 = CARTESIAN_POINT('',(8.5,8.5,20.2));
#9963 = DIRECTION('',(0.,0.,1.));
#9964 = DIRECTION('',(1.,0.,0.));
#9965 = ORIENTED_EDGE('',*,*,#9951,.T.);
#9966 = CYLINDRICAL_SURFACE('',#9967,1.5);
#9967 = AXIS2_PLACEMENT_3D('',#9968,#9969,#9970);
#9968 = CARTESIAN_POINT('',(8.5,8.5,20.2));
#9969 = DIRECTION('',(0.,0.,1.));
#9970 = DIRECTION('',(1.,0.,0.));
#9971 = ADVANCED_FACE('',(#9972),#9975,.T.);
#9972 = FACE_BOUND('',#9973,.T.);
#9973 = EDGE_LOOP('',(#9974));
#9974 = ORIENTED_EDGE('',*,*,#9942,.T.);
#9975 = PLANE('',#9976);
#9976 = AXIS2_PLACEMENT_3D('',#9977,#9978,#9979);
#9977 = CARTESIAN_POINT('',(8.5,8.5,31.2));
#9978 = DIRECTION('',(0.,0.,1.));
#9979 = DIRECTION('',(1.,0.,0.));
#9980 = ADVANCED_FACE('',(#9981),#9984,.F.);
#9981 = FACE_BOUND('',#9982,.T.);
#9982 = EDGE_LOOP('',(#9983));
#9983 = ORIENTED_EDGE('',*,*,#9959,.F.);
#9984 = PLANE('',#9985);
#9985 = AXIS2_PLACEMENT_3D('',#9986,#9987,#9988);
#9986 = CARTESIAN_POINT('',(8.5,8.5,20.2));
#9987 = DIRECTION('',(0.,0.,1.));
#9988 = DIRECTION('',(1.,0.,0.));
#9989 = MANIFOLD_SOLID_BREP('',#9990);
#9990 = CLOSED_SHELL('',(#9991,#10024,#10033));
#9991 = ADVANCED_FACE('',(#9992),#10019,.T.);
#9992 = FACE_BOUND('',#9993,.T.);
#9993 = EDGE_LOOP('',(#9994,#10003,#10011,#10018));
#9994 = ORIENTED_EDGE('',*,*,#9995,.F.);
#9995 = EDGE_CURVE('',#9996,#9996,#9998,.T.);
#9996 = VERTEX_POINT('',#9997);
#9997 = CARTESIAN_POINT('',(55.,8.5,31.2));
#9998 = CIRCLE('',#9999,1.5);
#9999 = AXIS2_PLACEMENT_3D('',#10000,#10001,#10002);
#10000 = CARTESIAN_POINT('',(53.5,8.5,31.2));
#10001 = DIRECTION('',(0.,0.,1.));
#10002 = DIRECTION('',(1.,0.,0.));
#10003 = ORIENTED_EDGE('',*,*,#10004,.F.);
#10004 = EDGE_CURVE('',#10005,#9996,#10007,.T.);
#10005 = VERTEX_POINT('',#10006);
#10006 = CARTESIAN_POINT('',(55.,8.5,20.2));
#10007 = LINE('',#10008,#10009);
#10008 = CARTESIAN_POINT('',(55.,8.5,20.2));
#10009 = VECTOR('',#10010,1.);
#10010 = DIRECTION('',(0.,0.,1.));
#10011 = ORIENTED_EDGE('',*,*,#10012,.T.);
#10012 = EDGE_CURVE('',#10005,#10005,#10013,.T.);
#10013 = CIRCLE('',#10014,1.5);
#10014 = AXIS2_PLACEMENT_3D('',#10015,#10016,#10017);
#10015 = CARTESIAN_POINT('',(53.5,8.5,20.2));
#10016 = DIRECTION('',(0.,0.,1.));
#10017 = DIRECTION('',(1.,0.,0.));
#10018 = ORIENTED_EDGE('',*,*,#10004,.T.);
#10019 = CYLINDRICAL_SURFACE('',#10020,1.5);
#10020 = AXIS2_PLACEMENT_3D('',#10021,#10022,#10023);
#10021 = CARTESIAN_POINT('',(53.5,8.5,20.2));
#10022 = DIRECTION('',(0.,0.,1.));
#10023 = DIRECTION('',(1.,0.,0.));
#10024 = ADVANCED_FACE('',(#10025),#10028,.T.);
#10025 = FACE_BOUND('',#10026,.T.);
#10026 = EDGE_LOOP('',(#10027));
#10027 = ORIENTED_EDGE('',*,*,#9995,.T.);
#10028 = PLANE('',#10029);
#10029 = AXIS2_PLACEMENT_3D('',#10030,#10031,#10032);
#10030 = CARTESIAN_POINT('',(53.5,8.5,31.2));
#10031 = DIRECTION('',(0.,0.,1.));
#10032 = DIRECTION('',(1.,0.,0.));
#10033 = ADVANCED_FACE('',(#10034),#10037,.F.);
#10034 = FACE_BOUND('',#10035,.T.);
#10035 = EDGE_LOOP('',(#10036));
#10036 = ORIENTED_EDGE('',*,*,#10012,.F.);
#10037 = PLANE('',#10038);
#10038 = AXIS2_PLACEMENT_3D('',#10039,#10040,#10041);
#10039 = CARTESIAN_POINT('',(53.5,8.5,20.2));
#10040 = DIRECTION('',(0.,0.,1.));
#10041 = DIRECTION('',(1.,0.,0.));
#10042 = MANIFOLD_SOLID_BREP('',#10043);
#10043 = CLOSED_SHELL('',(#10044,#10077,#10086));
#10044 = ADVANCED_FACE('',(#10045),#10072,.T.);
#10045 = FACE_BOUND('',#10046,.T.);
#10046 = EDGE_LOOP('',(#10047,#10056,#10064,#10071));
#10047 = ORIENTED_EDGE('',*,*,#10048,.F.);
#10048 = EDGE_CURVE('',#10049,#10049,#10051,.T.);
#10049 = VERTEX_POINT('',#10050);
#10050 = CARTESIAN_POINT('',(10.,81.5,31.2));
#10051 = CIRCLE('',#10052,1.5);
#10052 = AXIS2_PLACEMENT_3D('',#10053,#10054,#10055);
#10053 = CARTESIAN_POINT('',(8.5,81.5,31.2));
#10054 = DIRECTION('',(0.,0.,1.));
#10055 = DIRECTION('',(1.,0.,0.));
#10056 = ORIENTED_EDGE('',*,*,#10057,.F.);
#10057 = EDGE_CURVE('',#10058,#10049,#10060,.T.);
#10058 = VERTEX_POINT('',#10059);
#10059 = CARTESIAN_POINT('',(10.,81.5,20.2));
#10060 = LINE('',#10061,#10062);
#10061 = CARTESIAN_POINT('',(10.,81.5,20.2));
#10062 = VECTOR('',#10063,1.);
#10063 = DIRECTION('',(0.,0.,1.));
#10064 = ORIENTED_EDGE('',*,*,#10065,.T.);
#10065 = EDGE_CURVE('',#10058,#10058,#10066,.T.);
#10066 = CIRCLE('',#10067,1.5);
#10067 = AXIS2_PLACEMENT_3D('',#10068,#10069,#10070);
#10068 = CARTESIAN_POINT('',(8.5,81.5,20.2));
#10069 = DIRECTION('',(0.,0.,1.));
#10070 = DIRECTION('',(1.,0.,0.));
#10071 = ORIENTED_EDGE('',*,*,#10057,.T.);
#10072 = CYLINDRICAL_SURFACE('',#10073,1.5);
#10073 = AXIS2_PLACEMENT_3D('',#10074,#10075,#10076);
#10074 = CARTESIAN_POINT('',(8.5,81.5,20.2));
#10075 = DIRECTION('',(0.,0.,1.));
#10076 = DIRECTION('',(1.,0.,0.));
#10077 = ADVANCED_FACE('',(#10078),#10081,.T.);
#10078 = FACE_BOUND('',#10079,.T.);
#10079 = EDGE_LOOP('',(#10080));
#10080 = ORIENTED_EDGE('',*,*,#10048,.T.);
#10081 = PLANE('',#10082);
#10082 = AXIS2_PLACEMENT_3D('',#10083,#10084,#10085);
#10083 = CARTESIAN_POINT('',(8.5,81.5,31.2));
#10084 = DIRECTION('',(0.,0.,1.));
#10085 = DIRECTION('',(1.,0.,0.));
#10086 = ADVANCED_FACE('',(#10087),#10090,.F.);
#10087 = FACE_BOUND('',#10088,.T.);
#10088 = EDGE_LOOP('',(#10089));
#10089 = ORIENTED_EDGE('',*,*,#10065,.F.);
#10090 = PLANE('',#10091);
#10091 = AXIS2_PLACEMENT_3D('',#10092,#10093,#10094);
#10092 = CARTESIAN_POINT('',(8.5,81.5,20.2));
#10093 = DIRECTION('',(0.,0.,1.));
#10094 = DIRECTION('',(1.,0.,0.));
#10095 = MANIFOLD_SOLID_BREP('',#10096);
#10096 = CLOSED_SHELL('',(#10097,#10130,#10139));
#10097 = ADVANCED_FACE('',(#10098),#10125,.T.);
#10098 = FACE_BOUND('',#10099,.T.);
#10099 = EDGE_LOOP('',(#10100,#10109,#10117,#10124));
#10100 = ORIENTED_EDGE('',*,*,#10101,.F.);
#10101 = EDGE_CURVE('',#10102,#10102,#10104,.T.);
#10102 = VERTEX_POINT('',#10103);
#10103 = CARTESIAN_POINT('',(55.,81.5,31.2));
#10104 = CIRCLE('',#10105,1.5);
#10105 = AXIS2_PLACEMENT_3D('',#10106,#10107,#10108);
#10106 = CARTESIAN_POINT('',(53.5,81.5,31.2));
#10107 = DIRECTION('',(0.,0.,1.));
#10108 = DIRECTION('',(1.,0.,0.));
#10109 = ORIENTED_EDGE('',*,*,#10110,.F.);
#10110 = EDGE_CURVE('',#10111,#10102,#10113,.T.);
#10111 = VERTEX_POINT('',#10112);
#10112 = CARTESIAN_POINT('',(55.,81.5,20.2));
#10113 = LINE('',#10114,#10115);
#10114 = CARTESIAN_POINT('',(55.,81.5,20.2));
#10115 = VECTOR('',#10116,1.);
#10116 = DIRECTION('',(0.,0.,1.));
#10117 = ORIENTED_EDGE('',*,*,#10118,.T.);
#10118 = EDGE_CURVE('',#10111,#10111,#10119,.T.);
#10119 = CIRCLE('',#10120,1.5);
#10120 = AXIS2_PLACEMENT_3D('',#10121,#10122,#10123);
#10121 = CARTESIAN_POINT('',(53.5,81.5,20.2));
#10122 = DIRECTION('',(0.,0.,1.));
#10123 = DIRECTION('',(1.,0.,0.));
#10124 = ORIENTED_EDGE('',*,*,#10110,.T.);
#10125 = CYLINDRICAL_SURFACE('',#10126,1.5);
#10126 = AXIS2_PLACEMENT_3D('',#10127,#10128,#10129);
#10127 = CARTESIAN_POINT('',(53.5,81.5,20.2));
#10128 = DIRECTION('',(0.,0.,1.));
#10129 = DIRECTION('',(1.,0.,0.));
#10130 = ADVANCED_FACE('',(#10131),#10134,.T.);
#10131 = FACE_BOUND('',#10132,.T.);
#10132 = EDGE_LOOP('',(#10133));
#10133 = ORIENTED_EDGE('',*,*,#10101,.T.);
#10134 = PLANE('',#10135);
#10135 = AXIS2_PLACEMENT_3D('',#10136,#10137,#10138);
#10136 = CARTESIAN_POINT('',(53.5,81.5,31.2));
#10137 = DIRECTION('',(0.,0.,1.));
#10138 = DIRECTION('',(1.,0.,0.));
#10139 = ADVANCED_FACE('',(#10140),#10143,.F.);
#10140 = FACE_BOUND('',#10141,.T.);
#10141 = EDGE_LOOP('',(#10142));
#10142 = ORIENTED_EDGE('',*,*,#10118,.F.);
#10143 = PLANE('',#10144);
#10144 = AXIS2_PLACEMENT_3D('',#10145,#10146,#10147);
#10145 = CARTESIAN_POINT('',(53.5,81.5,20.2));
#10146 = DIRECTION('',(0.,0.,1.));
#10147 = DIRECTION('',(1.,0.,0.));
#10148 = MANIFOLD_SOLID_BREP('',#10149);
#10149 = CLOSED_SHELL('',(#10150,#10190,#10221,#10252,#10283,#10314,
    #10345,#10376,#10398,#10414));
#10150 = ADVANCED_FACE('',(#10151),#10185,.F.);
#10151 = FACE_BOUND('',#10152,.F.);
#10152 = EDGE_LOOP('',(#10153,#10163,#10171,#10179));
#10153 = ORIENTED_EDGE('',*,*,#10154,.T.);
#10154 = EDGE_CURVE('',#10155,#10157,#10159,.T.);
#10155 = VERTEX_POINT('',#10156);
#10156 = CARTESIAN_POINT('',(6.,0.,18.6));
#10157 = VERTEX_POINT('',#10158);
#10158 = CARTESIAN_POINT('',(6.,0.,20.2));
#10159 = LINE('',#10160,#10161);
#10160 = CARTESIAN_POINT('',(6.,0.,18.6));
#10161 = VECTOR('',#10162,1.);
#10162 = DIRECTION('',(0.,0.,1.));
#10163 = ORIENTED_EDGE('',*,*,#10164,.T.);
#10164 = EDGE_CURVE('',#10157,#10165,#10167,.T.);
#10165 = VERTEX_POINT('',#10166);
#10166 = CARTESIAN_POINT('',(48.,0.,20.2));
#10167 = LINE('',#10168,#10169);
#10168 = CARTESIAN_POINT('',(6.,0.,20.2));
#10169 = VECTOR('',#10170,1.);
#10170 = DIRECTION('',(1.,0.,0.));
#10171 = ORIENTED_EDGE('',*,*,#10172,.F.);
#10172 = EDGE_CURVE('',#10173,#10165,#10175,.T.);
#10173 = VERTEX_POINT('',#10174);
#10174 = CARTESIAN_POINT('',(48.,0.,18.6));
#10175 = LINE('',#10176,#10177);
#10176 = CARTESIAN_POINT('',(48.,0.,18.6));
#10177 = VECTOR('',#10178,1.);
#10178 = DIRECTION('',(0.,0.,1.));
#10179 = ORIENTED_EDGE('',*,*,#10180,.F.);
#10180 = EDGE_CURVE('',#10155,#10173,#10181,.T.);
#10181 = LINE('',#10182,#10183);
#10182 = CARTESIAN_POINT('',(6.,0.,18.6));
#10183 = VECTOR('',#10184,1.);
#10184 = DIRECTION('',(1.,0.,0.));
#10185 = PLANE('',#10186);
#10186 = AXIS2_PLACEMENT_3D('',#10187,#10188,#10189);
#10187 = CARTESIAN_POINT('',(6.,0.,18.6));
#10188 = DIRECTION('',(0.,1.,0.));
#10189 = DIRECTION('',(1.,0.,0.));
#10190 = ADVANCED_FACE('',(#10191),#10216,.F.);
#10191 = FACE_BOUND('',#10192,.F.);
#10192 = EDGE_LOOP('',(#10193,#10194,#10202,#10210));
#10193 = ORIENTED_EDGE('',*,*,#10172,.T.);
#10194 = ORIENTED_EDGE('',*,*,#10195,.T.);
#10195 = EDGE_CURVE('',#10165,#10196,#10198,.T.);
#10196 = VERTEX_POINT('',#10197);
#10197 = CARTESIAN_POINT('',(54.,6.,20.2));
#10198 = LINE('',#10199,#10200);
#10199 = CARTESIAN_POINT('',(48.,0.,20.2));
#10200 = VECTOR('',#10201,1.);
#10201 = DIRECTION('',(0.707106781187,0.707106781187,0.));
#10202 = ORIENTED_EDGE('',*,*,#10203,.F.);
#10203 = EDGE_CURVE('',#10204,#10196,#10206,.T.);
#10204 = VERTEX_POINT('',#10205);
#10205 = CARTESIAN_POINT('',(54.,6.,18.6));
#10206 = LINE('',#10207,#10208);
#10207 = CARTESIAN_POINT('',(54.,6.,18.6));
#10208 = VECTOR('',#10209,1.);
#10209 = DIRECTION('',(0.,0.,1.));
#10210 = ORIENTED_EDGE('',*,*,#10211,.F.);
#10211 = EDGE_CURVE('',#10173,#10204,#10212,.T.);
#10212 = LINE('',#10213,#10214);
#10213 = CARTESIAN_POINT('',(48.,0.,18.6));
#10214 = VECTOR('',#10215,1.);
#10215 = DIRECTION('',(0.707106781187,0.707106781187,0.));
#10216 = PLANE('',#10217);
#10217 = AXIS2_PLACEMENT_3D('',#10218,#10219,#10220);
#10218 = CARTESIAN_POINT('',(48.,0.,18.6));
#10219 = DIRECTION('',(-0.707106781187,0.707106781187,0.));
#10220 = DIRECTION('',(0.707106781187,0.707106781187,0.));
#10221 = ADVANCED_FACE('',(#10222),#10247,.F.);
#10222 = FACE_BOUND('',#10223,.F.);
#10223 = EDGE_LOOP('',(#10224,#10225,#10233,#10241));
#10224 = ORIENTED_EDGE('',*,*,#10203,.T.);
#10225 = ORIENTED_EDGE('',*,*,#10226,.T.);
#10226 = EDGE_CURVE('',#10196,#10227,#10229,.T.);
#10227 = VERTEX_POINT('',#10228);
#10228 = CARTESIAN_POINT('',(54.,76.,20.2));
#10229 = LINE('',#10230,#10231);
#10230 = CARTESIAN_POINT('',(54.,6.,20.2));
#10231 = VECTOR('',#10232,1.);
#10232 = DIRECTION('',(0.,1.,0.));
#10233 = ORIENTED_EDGE('',*,*,#10234,.F.);
#10234 = EDGE_CURVE('',#10235,#10227,#10237,.T.);
#10235 = VERTEX_POINT('',#10236);
#10236 = CARTESIAN_POINT('',(54.,76.,18.6));
#10237 = LINE('',#10238,#10239);
#10238 = CARTESIAN_POINT('',(54.,76.,18.6));
#10239 = VECTOR('',#10240,1.);
#10240 = DIRECTION('',(0.,0.,1.));
#10241 = ORIENTED_EDGE('',*,*,#10242,.F.);
#10242 = EDGE_CURVE('',#10204,#10235,#10243,.T.);
#10243 = LINE('',#10244,#10245);
#10244 = CARTESIAN_POINT('',(54.,6.,18.6));
#10245 = VECTOR('',#10246,1.);
#10246 = DIRECTION('',(0.,1.,0.));
#10247 = PLANE('',#10248);
#10248 = AXIS2_PLACEMENT_3D('',#10249,#10250,#10251);
#10249 = CARTESIAN_POINT('',(54.,6.,18.6));
#10250 = DIRECTION('',(-1.,0.,0.));
#10251 = DIRECTION('',(0.,1.,0.));
#10252 = ADVANCED_FACE('',(#10253),#10278,.F.);
#10253 = FACE_BOUND('',#10254,.F.);
#10254 = EDGE_LOOP('',(#10255,#10256,#10264,#10272));
#10255 = ORIENTED_EDGE('',*,*,#10234,.T.);
#10256 = ORIENTED_EDGE('',*,*,#10257,.T.);
#10257 = EDGE_CURVE('',#10227,#10258,#10260,.T.);
#10258 = VERTEX_POINT('',#10259);
#10259 = CARTESIAN_POINT('',(48.,82.,20.2));
#10260 = LINE('',#10261,#10262);
#10261 = CARTESIAN_POINT('',(54.,76.,20.2));
#10262 = VECTOR('',#10263,1.);
#10263 = DIRECTION('',(-0.707106781187,0.707106781187,0.));
#10264 = ORIENTED_EDGE('',*,*,#10265,.F.);
#10265 = EDGE_CURVE('',#10266,#10258,#10268,.T.);
#10266 = VERTEX_POINT('',#10267);
#10267 = CARTESIAN_POINT('',(48.,82.,18.6));
#10268 = LINE('',#10269,#10270);
#10269 = CARTESIAN_POINT('',(48.,82.,18.6));
#10270 = VECTOR('',#10271,1.);
#10271 = DIRECTION('',(0.,0.,1.));
#10272 = ORIENTED_EDGE('',*,*,#10273,.F.);
#10273 = EDGE_CURVE('',#10235,#10266,#10274,.T.);
#10274 = LINE('',#10275,#10276);
#10275 = CARTESIAN_POINT('',(54.,76.,18.6));
#10276 = VECTOR('',#10277,1.);
#10277 = DIRECTION('',(-0.707106781187,0.707106781187,0.));
#10278 = PLANE('',#10279);
#10279 = AXIS2_PLACEMENT_3D('',#10280,#10281,#10282);
#10280 = CARTESIAN_POINT('',(54.,76.,18.6));
#10281 = DIRECTION('',(-0.707106781187,-0.707106781187,0.));
#10282 = DIRECTION('',(-0.707106781187,0.707106781187,0.));
#10283 = ADVANCED_FACE('',(#10284),#10309,.F.);
#10284 = FACE_BOUND('',#10285,.F.);
#10285 = EDGE_LOOP('',(#10286,#10287,#10295,#10303));
#10286 = ORIENTED_EDGE('',*,*,#10265,.T.);
#10287 = ORIENTED_EDGE('',*,*,#10288,.T.);
#10288 = EDGE_CURVE('',#10258,#10289,#10291,.T.);
#10289 = VERTEX_POINT('',#10290);
#10290 = CARTESIAN_POINT('',(6.,82.,20.2));
#10291 = LINE('',#10292,#10293);
#10292 = CARTESIAN_POINT('',(48.,82.,20.2));
#10293 = VECTOR('',#10294,1.);
#10294 = DIRECTION('',(-1.,0.,0.));
#10295 = ORIENTED_EDGE('',*,*,#10296,.F.);
#10296 = EDGE_CURVE('',#10297,#10289,#10299,.T.);
#10297 = VERTEX_POINT('',#10298);
#10298 = CARTESIAN_POINT('',(6.,82.,18.6));
#10299 = LINE('',#10300,#10301);
#10300 = CARTESIAN_POINT('',(6.,82.,18.6));
#10301 = VECTOR('',#10302,1.);
#10302 = DIRECTION('',(0.,0.,1.));
#10303 = ORIENTED_EDGE('',*,*,#10304,.F.);
#10304 = EDGE_CURVE('',#10266,#10297,#10305,.T.);
#10305 = LINE('',#10306,#10307);
#10306 = CARTESIAN_POINT('',(48.,82.,18.6));
#10307 = VECTOR('',#10308,1.);
#10308 = DIRECTION('',(-1.,0.,0.));
#10309 = PLANE('',#10310);
#10310 = AXIS2_PLACEMENT_3D('',#10311,#10312,#10313);
#10311 = CARTESIAN_POINT('',(48.,82.,18.6));
#10312 = DIRECTION('',(0.,-1.,0.));
#10313 = DIRECTION('',(-1.,0.,0.));
#10314 = ADVANCED_FACE('',(#10315),#10340,.F.);
#10315 = FACE_BOUND('',#10316,.F.);
#10316 = EDGE_LOOP('',(#10317,#10318,#10326,#10334));
#10317 = ORIENTED_EDGE('',*,*,#10296,.T.);
#10318 = ORIENTED_EDGE('',*,*,#10319,.T.);
#10319 = EDGE_CURVE('',#10289,#10320,#10322,.T.);
#10320 = VERTEX_POINT('',#10321);
#10321 = CARTESIAN_POINT('',(0.,76.,20.2));
#10322 = LINE('',#10323,#10324);
#10323 = CARTESIAN_POINT('',(6.,82.,20.2));
#10324 = VECTOR('',#10325,1.);
#10325 = DIRECTION('',(-0.707106781187,-0.707106781187,0.));
#10326 = ORIENTED_EDGE('',*,*,#10327,.F.);
#10327 = EDGE_CURVE('',#10328,#10320,#10330,.T.);
#10328 = VERTEX_POINT('',#10329);
#10329 = CARTESIAN_POINT('',(0.,76.,18.6));
#10330 = LINE('',#10331,#10332);
#10331 = CARTESIAN_POINT('',(0.,76.,18.6));
#10332 = VECTOR('',#10333,1.);
#10333 = DIRECTION('',(0.,0.,1.));
#10334 = ORIENTED_EDGE('',*,*,#10335,.F.);
#10335 = EDGE_CURVE('',#10297,#10328,#10336,.T.);
#10336 = LINE('',#10337,#10338);
#10337 = CARTESIAN_POINT('',(6.,82.,18.6));
#10338 = VECTOR('',#10339,1.);
#10339 = DIRECTION('',(-0.707106781187,-0.707106781187,0.));
#10340 = PLANE('',#10341);
#10341 = AXIS2_PLACEMENT_3D('',#10342,#10343,#10344);
#10342 = CARTESIAN_POINT('',(6.,82.,18.6));
#10343 = DIRECTION('',(0.707106781187,-0.707106781187,0.));
#10344 = DIRECTION('',(-0.707106781187,-0.707106781187,0.));
#10345 = ADVANCED_FACE('',(#10346),#10371,.F.);
#10346 = FACE_BOUND('',#10347,.F.);
#10347 = EDGE_LOOP('',(#10348,#10349,#10357,#10365));
#10348 = ORIENTED_EDGE('',*,*,#10327,.T.);
#10349 = ORIENTED_EDGE('',*,*,#10350,.T.);
#10350 = EDGE_CURVE('',#10320,#10351,#10353,.T.);
#10351 = VERTEX_POINT('',#10352);
#10352 = CARTESIAN_POINT('',(0.,6.,20.2));
#10353 = LINE('',#10354,#10355);
#10354 = CARTESIAN_POINT('',(0.,76.,20.2));
#10355 = VECTOR('',#10356,1.);
#10356 = DIRECTION('',(0.,-1.,0.));
#10357 = ORIENTED_EDGE('',*,*,#10358,.F.);
#10358 = EDGE_CURVE('',#10359,#10351,#10361,.T.);
#10359 = VERTEX_POINT('',#10360);
#10360 = CARTESIAN_POINT('',(0.,6.,18.6));
#10361 = LINE('',#10362,#10363);
#10362 = CARTESIAN_POINT('',(0.,6.,18.6));
#10363 = VECTOR('',#10364,1.);
#10364 = DIRECTION('',(0.,0.,1.));
#10365 = ORIENTED_EDGE('',*,*,#10366,.F.);
#10366 = EDGE_CURVE('',#10328,#10359,#10367,.T.);
#10367 = LINE('',#10368,#10369);
#10368 = CARTESIAN_POINT('',(0.,76.,18.6));
#10369 = VECTOR('',#10370,1.);
#10370 = DIRECTION('',(0.,-1.,0.));
#10371 = PLANE('',#10372);
#10372 = AXIS2_PLACEMENT_3D('',#10373,#10374,#10375);
#10373 = CARTESIAN_POINT('',(0.,76.,18.6));
#10374 = DIRECTION('',(1.,0.,0.));
#10375 = DIRECTION('',(0.,-1.,0.));
#10376 = ADVANCED_FACE('',(#10377),#10393,.F.);
#10377 = FACE_BOUND('',#10378,.F.);
#10378 = EDGE_LOOP('',(#10379,#10380,#10386,#10387));
#10379 = ORIENTED_EDGE('',*,*,#10358,.T.);
#10380 = ORIENTED_EDGE('',*,*,#10381,.T.);
#10381 = EDGE_CURVE('',#10351,#10157,#10382,.T.);
#10382 = LINE('',#10383,#10384);
#10383 = CARTESIAN_POINT('',(0.,6.,20.2));
#10384 = VECTOR('',#10385,1.);
#10385 = DIRECTION('',(0.707106781187,-0.707106781187,0.));
#10386 = ORIENTED_EDGE('',*,*,#10154,.F.);
#10387 = ORIENTED_EDGE('',*,*,#10388,.F.);
#10388 = EDGE_CURVE('',#10359,#10155,#10389,.T.);
#10389 = LINE('',#10390,#10391);
#10390 = CARTESIAN_POINT('',(0.,6.,18.6));
#10391 = VECTOR('',#10392,1.);
#10392 = DIRECTION('',(0.707106781187,-0.707106781187,0.));
#10393 = PLANE('',#10394);
#10394 = AXIS2_PLACEMENT_3D('',#10395,#10396,#10397);
#10395 = CARTESIAN_POINT('',(0.,6.,18.6));
#10396 = DIRECTION('',(0.707106781187,0.707106781187,0.));
#10397 = DIRECTION('',(0.707106781187,-0.707106781187,0.));
#10398 = ADVANCED_FACE('',(#10399),#10409,.F.);
#10399 = FACE_BOUND('',#10400,.F.);
#10400 = EDGE_LOOP('',(#10401,#10402,#10403,#10404,#10405,#10406,#10407,
    #10408));
#10401 = ORIENTED_EDGE('',*,*,#10180,.T.);
#10402 = ORIENTED_EDGE('',*,*,#10211,.T.);
#10403 = ORIENTED_EDGE('',*,*,#10242,.T.);
#10404 = ORIENTED_EDGE('',*,*,#10273,.T.);
#10405 = ORIENTED_EDGE('',*,*,#10304,.T.);
#10406 = ORIENTED_EDGE('',*,*,#10335,.T.);
#10407 = ORIENTED_EDGE('',*,*,#10366,.T.);
#10408 = ORIENTED_EDGE('',*,*,#10388,.T.);
#10409 = PLANE('',#10410);
#10410 = AXIS2_PLACEMENT_3D('',#10411,#10412,#10413);
#10411 = CARTESIAN_POINT('',(27.,41.,18.6));
#10412 = DIRECTION('',(0.,0.,1.));
#10413 = DIRECTION('',(1.,0.,0.));
#10414 = ADVANCED_FACE('',(#10415),#10425,.T.);
#10415 = FACE_BOUND('',#10416,.T.);
#10416 = EDGE_LOOP('',(#10417,#10418,#10419,#10420,#10421,#10422,#10423,
    #10424));
#10417 = ORIENTED_EDGE('',*,*,#10164,.T.);
#10418 = ORIENTED_EDGE('',*,*,#10195,.T.);
#10419 = ORIENTED_EDGE('',*,*,#10226,.T.);
#10420 = ORIENTED_EDGE('',*,*,#10257,.T.);
#10421 = ORIENTED_EDGE('',*,*,#10288,.T.);
#10422 = ORIENTED_EDGE('',*,*,#10319,.T.);
#10423 = ORIENTED_EDGE('',*,*,#10350,.T.);
#10424 = ORIENTED_EDGE('',*,*,#10381,.T.);
#10425 = PLANE('',#10426);
#10426 = AXIS2_PLACEMENT_3D('',#10427,#10428,#10429);
#10427 = CARTESIAN_POINT('',(27.,41.,20.2));
#10428 = DIRECTION('',(0.,0.,1.));
#10429 = DIRECTION('',(1.,0.,0.));
#10430 = MANIFOLD_SOLID_BREP('',#10431);
#10431 = CLOSED_SHELL('',(#10432,#10472,#10503,#10593,#10624,#10641,
    #10653,#10692,#10716,#10748,#10779,#10803,#10827,#10844,#10861,
    #10878,#10890));
#10432 = ADVANCED_FACE('',(#10433),#10467,.F.);
#10433 = FACE_BOUND('',#10434,.F.);
#10434 = EDGE_LOOP('',(#10435,#10445,#10453,#10461));
#10435 = ORIENTED_EDGE('',*,*,#10436,.F.);
#10436 = EDGE_CURVE('',#10437,#10439,#10441,.T.);
#10437 = VERTEX_POINT('',#10438);
#10438 = CARTESIAN_POINT('',(11.5,10.,20.2));
#10439 = VERTEX_POINT('',#10440);
#10440 = CARTESIAN_POINT('',(11.5,10.,21.8));
#10441 = LINE('',#10442,#10443);
#10442 = CARTESIAN_POINT('',(11.5,10.,20.2));
#10443 = VECTOR('',#10444,1.);
#10444 = DIRECTION('',(0.,0.,1.));
#10445 = ORIENTED_EDGE('',*,*,#10446,.T.);
#10446 = EDGE_CURVE('',#10437,#10447,#10449,.T.);
#10447 = VERTEX_POINT('',#10448);
#10448 = CARTESIAN_POINT('',(11.5,80.,20.2));
#10449 = LINE('',#10450,#10451);
#10450 = CARTESIAN_POINT('',(11.5,10.,20.2));
#10451 = VECTOR('',#10452,1.);
#10452 = DIRECTION('',(0.,1.,0.));
#10453 = ORIENTED_EDGE('',*,*,#10454,.T.);
#10454 = EDGE_CURVE('',#10447,#10455,#10457,.T.);
#10455 = VERTEX_POINT('',#10456);
#10456 = CARTESIAN_POINT('',(11.5,80.,21.8));
#10457 = LINE('',#10458,#10459);
#10458 = CARTESIAN_POINT('',(11.5,80.,20.2));
#10459 = VECTOR('',#10460,1.);
#10460 = DIRECTION('',(0.,0.,1.));
#10461 = ORIENTED_EDGE('',*,*,#10462,.F.);
#10462 = EDGE_CURVE('',#10439,#10455,#10463,.T.);
#10463 = LINE('',#10464,#10465);
#10464 = CARTESIAN_POINT('',(11.5,10.,21.8));
#10465 = VECTOR('',#10466,1.);
#10466 = DIRECTION('',(0.,1.,0.));
#10467 = PLANE('',#10468);
#10468 = AXIS2_PLACEMENT_3D('',#10469,#10470,#10471);
#10469 = CARTESIAN_POINT('',(11.5,10.,20.2));
#10470 = DIRECTION('',(1.,0.,0.));
#10471 = DIRECTION('',(0.,0.,1.));
#10472 = ADVANCED_FACE('',(#10473),#10498,.F.);
#10473 = FACE_BOUND('',#10474,.F.);
#10474 = EDGE_LOOP('',(#10475,#10483,#10484,#10492));
#10475 = ORIENTED_EDGE('',*,*,#10476,.F.);
#10476 = EDGE_CURVE('',#10437,#10477,#10479,.T.);
#10477 = VERTEX_POINT('',#10478);
#10478 = CARTESIAN_POINT('',(50.5,10.,20.2));
#10479 = LINE('',#10480,#10481);
#10480 = CARTESIAN_POINT('',(11.5,10.,20.2));
#10481 = VECTOR('',#10482,1.);
#10482 = DIRECTION('',(1.,0.,0.));
#10483 = ORIENTED_EDGE('',*,*,#10436,.T.);
#10484 = ORIENTED_EDGE('',*,*,#10485,.T.);
#10485 = EDGE_CURVE('',#10439,#10486,#10488,.T.);
#10486 = VERTEX_POINT('',#10487);
#10487 = CARTESIAN_POINT('',(50.5,10.,21.8));
#10488 = LINE('',#10489,#10490);
#10489 = CARTESIAN_POINT('',(11.5,10.,21.8));
#10490 = VECTOR('',#10491,1.);
#10491 = DIRECTION('',(1.,0.,0.));
#10492 = ORIENTED_EDGE('',*,*,#10493,.F.);
#10493 = EDGE_CURVE('',#10477,#10486,#10494,.T.);
#10494 = LINE('',#10495,#10496);
#10495 = CARTESIAN_POINT('',(50.5,10.,20.2));
#10496 = VECTOR('',#10497,1.);
#10497 = DIRECTION('',(0.,0.,1.));
#10498 = PLANE('',#10499);
#10499 = AXIS2_PLACEMENT_3D('',#10500,#10501,#10502);
#10500 = CARTESIAN_POINT('',(11.5,10.,20.2));
#10501 = DIRECTION('',(0.,1.,0.));
#10502 = DIRECTION('',(0.,0.,1.));
#10503 = ADVANCED_FACE('',(#10504,#10554),#10588,.T.);
#10504 = FACE_BOUND('',#10505,.T.);
#10505 = EDGE_LOOP('',(#10506,#10514,#10515,#10516,#10524,#10532,#10540,
    #10548));
#10506 = ORIENTED_EDGE('',*,*,#10507,.F.);
#10507 = EDGE_CURVE('',#10455,#10508,#10510,.T.);
#10508 = VERTEX_POINT('',#10509);
#10509 = CARTESIAN_POINT('',(27.,80.,21.8));
#10510 = LINE('',#10511,#10512);
#10511 = CARTESIAN_POINT('',(11.5,80.,21.8));
#10512 = VECTOR('',#10513,1.);
#10513 = DIRECTION('',(1.,0.,0.));
#10514 = ORIENTED_EDGE('',*,*,#10462,.F.);
#10515 = ORIENTED_EDGE('',*,*,#10485,.T.);
#10516 = ORIENTED_EDGE('',*,*,#10517,.T.);
#10517 = EDGE_CURVE('',#10486,#10518,#10520,.T.);
#10518 = VERTEX_POINT('',#10519);
#10519 = CARTESIAN_POINT('',(50.5,80.,21.8));
#10520 = LINE('',#10521,#10522);
#10521 = CARTESIAN_POINT('',(50.5,10.,21.8));
#10522 = VECTOR('',#10523,1.);
#10523 = DIRECTION('',(0.,1.,0.));
#10524 = ORIENTED_EDGE('',*,*,#10525,.F.);
#10525 = EDGE_CURVE('',#10526,#10518,#10528,.T.);
#10526 = VERTEX_POINT('',#10527);
#10527 = CARTESIAN_POINT('',(35.,80.,21.8));
#10528 = LINE('',#10529,#10530);
#10529 = CARTESIAN_POINT('',(11.5,80.,21.8));
#10530 = VECTOR('',#10531,1.);
#10531 = DIRECTION('',(1.,0.,0.));
#10532 = ORIENTED_EDGE('',*,*,#10533,.F.);
#10533 = EDGE_CURVE('',#10534,#10526,#10536,.T.);
#10534 = VERTEX_POINT('',#10535);
#10535 = CARTESIAN_POINT('',(35.,75.,21.8));
#10536 = LINE('',#10537,#10538);
#10537 = CARTESIAN_POINT('',(35.,75.,21.8));
#10538 = VECTOR('',#10539,1.);
#10539 = DIRECTION('',(0.,1.,0.));
#10540 = ORIENTED_EDGE('',*,*,#10541,.F.);
#10541 = EDGE_CURVE('',#10542,#10534,#10544,.T.);
#10542 = VERTEX_POINT('',#10543);
#10543 = CARTESIAN_POINT('',(27.,75.,21.8));
#10544 = LINE('',#10545,#10546);
#10545 = CARTESIAN_POINT('',(27.,75.,21.8));
#10546 = VECTOR('',#10547,1.);
#10547 = DIRECTION('',(1.,0.,0.));
#10548 = ORIENTED_EDGE('',*,*,#10549,.T.);
#10549 = EDGE_CURVE('',#10542,#10508,#10550,.T.);
#10550 = LINE('',#10551,#10552);
#10551 = CARTESIAN_POINT('',(27.,75.,21.8));
#10552 = VECTOR('',#10553,1.);
#10553 = DIRECTION('',(0.,1.,0.));
#10554 = FACE_BOUND('',#10555,.T.);
#10555 = EDGE_LOOP('',(#10556,#10566,#10574,#10582));
#10556 = ORIENTED_EDGE('',*,*,#10557,.F.);
#10557 = EDGE_CURVE('',#10558,#10560,#10562,.T.);
#10558 = VERTEX_POINT('',#10559);
#10559 = CARTESIAN_POINT('',(22.,28.,21.8));
#10560 = VERTEX_POINT('',#10561);
#10561 = CARTESIAN_POINT('',(40.,28.,21.8));
#10562 = LINE('',#10563,#10564);
#10563 = CARTESIAN_POINT('',(22.,28.,21.8));
#10564 = VECTOR('',#10565,1.);
#10565 = DIRECTION('',(1.,0.,0.));
#10566 = ORIENTED_EDGE('',*,*,#10567,.T.);
#10567 = EDGE_CURVE('',#10558,#10568,#10570,.T.);
#10568 = VERTEX_POINT('',#10569);
#10569 = CARTESIAN_POINT('',(22.,53.,21.8));
#10570 = LINE('',#10571,#10572);
#10571 = CARTESIAN_POINT('',(22.,28.,21.8));
#10572 = VECTOR('',#10573,1.);
#10573 = DIRECTION('',(0.,1.,0.));
#10574 = ORIENTED_EDGE('',*,*,#10575,.T.);
#10575 = EDGE_CURVE('',#10568,#10576,#10578,.T.);
#10576 = VERTEX_POINT('',#10577);
#10577 = CARTESIAN_POINT('',(40.,53.,21.8));
#10578 = LINE('',#10579,#10580);
#10579 = CARTESIAN_POINT('',(22.,53.,21.8));
#10580 = VECTOR('',#10581,1.);
#10581 = DIRECTION('',(1.,0.,0.));
#10582 = ORIENTED_EDGE('',*,*,#10583,.F.);
#10583 = EDGE_CURVE('',#10560,#10576,#10584,.T.);
#10584 = LINE('',#10585,#10586);
#10585 = CARTESIAN_POINT('',(40.,28.,21.8));
#10586 = VECTOR('',#10587,1.);
#10587 = DIRECTION('',(0.,1.,0.));
#10588 = PLANE('',#10589);
#10589 = AXIS2_PLACEMENT_3D('',#10590,#10591,#10592);
#10590 = CARTESIAN_POINT('',(11.5,10.,21.8));
#10591 = DIRECTION('',(0.,0.,1.));
#10592 = DIRECTION('',(1.,0.,0.));
#10593 = ADVANCED_FACE('',(#10594),#10619,.T.);
#10594 = FACE_BOUND('',#10595,.T.);
#10595 = EDGE_LOOP('',(#10596,#10604,#10605,#10606,#10612,#10613));
#10596 = ORIENTED_EDGE('',*,*,#10597,.F.);
#10597 = EDGE_CURVE('',#10447,#10598,#10600,.T.);
#10598 = VERTEX_POINT('',#10599);
#10599 = CARTESIAN_POINT('',(50.5,80.,20.2));
#10600 = LINE('',#10601,#10602);
#10601 = CARTESIAN_POINT('',(11.5,80.,20.2));
#10602 = VECTOR('',#10603,1.);
#10603 = DIRECTION('',(1.,0.,0.));
#10604 = ORIENTED_EDGE('',*,*,#10454,.T.);
#10605 = ORIENTED_EDGE('',*,*,#10507,.T.);
#10606 = ORIENTED_EDGE('',*,*,#10607,.T.);
#10607 = EDGE_CURVE('',#10508,#10526,#10608,.T.);
#10608 = LINE('',#10609,#10610);
#10609 = CARTESIAN_POINT('',(11.5,80.,21.8));
#10610 = VECTOR('',#10611,1.);
#10611 = DIRECTION('',(1.,0.,0.));
#10612 = ORIENTED_EDGE('',*,*,#10525,.T.);
#10613 = ORIENTED_EDGE('',*,*,#10614,.F.);
#10614 = EDGE_CURVE('',#10598,#10518,#10615,.T.);
#10615 = LINE('',#10616,#10617);
#10616 = CARTESIAN_POINT('',(50.5,80.,20.2));
#10617 = VECTOR('',#10618,1.);
#10618 = DIRECTION('',(0.,0.,1.));
#10619 = PLANE('',#10620);
#10620 = AXIS2_PLACEMENT_3D('',#10621,#10622,#10623);
#10621 = CARTESIAN_POINT('',(11.5,80.,20.2));
#10622 = DIRECTION('',(0.,1.,0.));
#10623 = DIRECTION('',(0.,0.,1.));
#10624 = ADVANCED_FACE('',(#10625),#10636,.F.);
#10625 = FACE_BOUND('',#10626,.F.);
#10626 = EDGE_LOOP('',(#10627,#10628,#10629,#10635));
#10627 = ORIENTED_EDGE('',*,*,#10446,.F.);
#10628 = ORIENTED_EDGE('',*,*,#10476,.T.);
#10629 = ORIENTED_EDGE('',*,*,#10630,.T.);
#10630 = EDGE_CURVE('',#10477,#10598,#10631,.T.);
#10631 = LINE('',#10632,#10633);
#10632 = CARTESIAN_POINT('',(50.5,10.,20.2));
#10633 = VECTOR('',#10634,1.);
#10634 = DIRECTION('',(0.,1.,0.));
#10635 = ORIENTED_EDGE('',*,*,#10597,.F.);
#10636 = PLANE('',#10637);
#10637 = AXIS2_PLACEMENT_3D('',#10638,#10639,#10640);
#10638 = CARTESIAN_POINT('',(11.5,10.,20.2));
#10639 = DIRECTION('',(0.,0.,1.));
#10640 = DIRECTION('',(1.,0.,0.));
#10641 = ADVANCED_FACE('',(#10642),#10648,.T.);
#10642 = FACE_BOUND('',#10643,.T.);
#10643 = EDGE_LOOP('',(#10644,#10645,#10646,#10647));
#10644 = ORIENTED_EDGE('',*,*,#10493,.F.);
#10645 = ORIENTED_EDGE('',*,*,#10630,.T.);
#10646 = ORIENTED_EDGE('',*,*,#10614,.T.);
#10647 = ORIENTED_EDGE('',*,*,#10517,.F.);
#10648 = PLANE('',#10649);
#10649 = AXIS2_PLACEMENT_3D('',#10650,#10651,#10652);
#10650 = CARTESIAN_POINT('',(50.5,10.,20.2));
#10651 = DIRECTION('',(1.,0.,0.));
#10652 = DIRECTION('',(0.,0.,1.));
#10653 = ADVANCED_FACE('',(#10654),#10687,.F.);
#10654 = FACE_BOUND('',#10655,.F.);
#10655 = EDGE_LOOP('',(#10656,#10664,#10665,#10673,#10681));
#10656 = ORIENTED_EDGE('',*,*,#10657,.F.);
#10657 = EDGE_CURVE('',#10542,#10658,#10660,.T.);
#10658 = VERTEX_POINT('',#10659);
#10659 = CARTESIAN_POINT('',(27.,75.,25.));
#10660 = LINE('',#10661,#10662);
#10661 = CARTESIAN_POINT('',(27.,75.,21.8));
#10662 = VECTOR('',#10663,1.);
#10663 = DIRECTION('',(0.,0.,1.));
#10664 = ORIENTED_EDGE('',*,*,#10549,.T.);
#10665 = ORIENTED_EDGE('',*,*,#10666,.T.);
#10666 = EDGE_CURVE('',#10508,#10667,#10669,.T.);
#10667 = VERTEX_POINT('',#10668);
#10668 = CARTESIAN_POINT('',(27.,82.,21.8));
#10669 = LINE('',#10670,#10671);
#10670 = CARTESIAN_POINT('',(27.,75.,21.8));
#10671 = VECTOR('',#10672,1.);
#10672 = DIRECTION('',(0.,1.,0.));
#10673 = ORIENTED_EDGE('',*,*,#10674,.T.);
#10674 = EDGE_CURVE('',#10667,#10675,#10677,.T.);
#10675 = VERTEX_POINT('',#10676);
#10676 = CARTESIAN_POINT('',(27.,82.,25.));
#10677 = LINE('',#10678,#10679);
#10678 = CARTESIAN_POINT('',(27.,82.,21.8));
#10679 = VECTOR('',#10680,1.);
#10680 = DIRECTION('',(0.,0.,1.));
#10681 = ORIENTED_EDGE('',*,*,#10682,.F.);
#10682 = EDGE_CURVE('',#10658,#10675,#10683,.T.);
#10683 = LINE('',#10684,#10685);
#10684 = CARTESIAN_POINT('',(27.,75.,25.));
#10685 = VECTOR('',#10686,1.);
#10686 = DIRECTION('',(0.,1.,0.));
#10687 = PLANE('',#10688);
#10688 = AXIS2_PLACEMENT_3D('',#10689,#10690,#10691);
#10689 = CARTESIAN_POINT('',(27.,75.,21.8));
#10690 = DIRECTION('',(1.,0.,0.));
#10691 = DIRECTION('',(0.,0.,1.));
#10692 = ADVANCED_FACE('',(#10693),#10711,.F.);
#10693 = FACE_BOUND('',#10694,.F.);
#10694 = EDGE_LOOP('',(#10695,#10696,#10697,#10705));
#10695 = ORIENTED_EDGE('',*,*,#10541,.F.);
#10696 = ORIENTED_EDGE('',*,*,#10657,.T.);
#10697 = ORIENTED_EDGE('',*,*,#10698,.T.);
#10698 = EDGE_CURVE('',#10658,#10699,#10701,.T.);
#10699 = VERTEX_POINT('',#10700);
#10700 = CARTESIAN_POINT('',(35.,75.,25.));
#10701 = LINE('',#10702,#10703);
#10702 = CARTESIAN_POINT('',(27.,75.,25.));
#10703 = VECTOR('',#10704,1.);
#10704 = DIRECTION('',(1.,0.,0.));
#10705 = ORIENTED_EDGE('',*,*,#10706,.F.);
#10706 = EDGE_CURVE('',#10534,#10699,#10707,.T.);
#10707 = LINE('',#10708,#10709);
#10708 = CARTESIAN_POINT('',(35.,75.,21.8));
#10709 = VECTOR('',#10710,1.);
#10710 = DIRECTION('',(0.,0.,1.));
#10711 = PLANE('',#10712);
#10712 = AXIS2_PLACEMENT_3D('',#10713,#10714,#10715);
#10713 = CARTESIAN_POINT('',(27.,75.,21.8));
#10714 = DIRECTION('',(0.,1.,0.));
#10715 = DIRECTION('',(0.,0.,1.));
#10716 = ADVANCED_FACE('',(#10717),#10743,.T.);
#10717 = FACE_BOUND('',#10718,.T.);
#10718 = EDGE_LOOP('',(#10719,#10720,#10721,#10729,#10737));
#10719 = ORIENTED_EDGE('',*,*,#10706,.F.);
#10720 = ORIENTED_EDGE('',*,*,#10533,.T.);
#10721 = ORIENTED_EDGE('',*,*,#10722,.T.);
#10722 = EDGE_CURVE('',#10526,#10723,#10725,.T.);
#10723 = VERTEX_POINT('',#10724);
#10724 = CARTESIAN_POINT('',(35.,82.,21.8));
#10725 = LINE('',#10726,#10727);
#10726 = CARTESIAN_POINT('',(35.,75.,21.8));
#10727 = VECTOR('',#10728,1.);
#10728 = DIRECTION('',(0.,1.,0.));
#10729 = ORIENTED_EDGE('',*,*,#10730,.T.);
#10730 = EDGE_CURVE('',#10723,#10731,#10733,.T.);
#10731 = VERTEX_POINT('',#10732);
#10732 = CARTESIAN_POINT('',(35.,82.,25.));
#10733 = LINE('',#10734,#10735);
#10734 = CARTESIAN_POINT('',(35.,82.,21.8));
#10735 = VECTOR('',#10736,1.);
#10736 = DIRECTION('',(0.,0.,1.));
#10737 = ORIENTED_EDGE('',*,*,#10738,.F.);
#10738 = EDGE_CURVE('',#10699,#10731,#10739,.T.);
#10739 = LINE('',#10740,#10741);
#10740 = CARTESIAN_POINT('',(35.,75.,25.));
#10741 = VECTOR('',#10742,1.);
#10742 = DIRECTION('',(0.,1.,0.));
#10743 = PLANE('',#10744);
#10744 = AXIS2_PLACEMENT_3D('',#10745,#10746,#10747);
#10745 = CARTESIAN_POINT('',(35.,75.,21.8));
#10746 = DIRECTION('',(1.,0.,0.));
#10747 = DIRECTION('',(0.,0.,1.));
#10748 = ADVANCED_FACE('',(#10749),#10774,.F.);
#10749 = FACE_BOUND('',#10750,.F.);
#10750 = EDGE_LOOP('',(#10751,#10752,#10760,#10768));
#10751 = ORIENTED_EDGE('',*,*,#10557,.F.);
#10752 = ORIENTED_EDGE('',*,*,#10753,.T.);
#10753 = EDGE_CURVE('',#10558,#10754,#10756,.T.);
#10754 = VERTEX_POINT('',#10755);
#10755 = CARTESIAN_POINT('',(22.,28.,24.3));
#10756 = LINE('',#10757,#10758);
#10757 = CARTESIAN_POINT('',(22.,28.,21.8));
#10758 = VECTOR('',#10759,1.);
#10759 = DIRECTION('',(0.,0.,1.));
#10760 = ORIENTED_EDGE('',*,*,#10761,.T.);
#10761 = EDGE_CURVE('',#10754,#10762,#10764,.T.);
#10762 = VERTEX_POINT('',#10763);
#10763 = CARTESIAN_POINT('',(40.,28.,24.3));
#10764 = LINE('',#10765,#10766);
#10765 = CARTESIAN_POINT('',(22.,28.,24.3));
#10766 = VECTOR('',#10767,1.);
#10767 = DIRECTION('',(1.,0.,0.));
#10768 = ORIENTED_EDGE('',*,*,#10769,.F.);
#10769 = EDGE_CURVE('',#10560,#10762,#10770,.T.);
#10770 = LINE('',#10771,#10772);
#10771 = CARTESIAN_POINT('',(40.,28.,21.8));
#10772 = VECTOR('',#10773,1.);
#10773 = DIRECTION('',(0.,0.,1.));
#10774 = PLANE('',#10775);
#10775 = AXIS2_PLACEMENT_3D('',#10776,#10777,#10778);
#10776 = CARTESIAN_POINT('',(22.,28.,21.8));
#10777 = DIRECTION('',(0.,1.,0.));
#10778 = DIRECTION('',(0.,0.,1.));
#10779 = ADVANCED_FACE('',(#10780),#10798,.F.);
#10780 = FACE_BOUND('',#10781,.F.);
#10781 = EDGE_LOOP('',(#10782,#10783,#10784,#10792));
#10782 = ORIENTED_EDGE('',*,*,#10753,.F.);
#10783 = ORIENTED_EDGE('',*,*,#10567,.T.);
#10784 = ORIENTED_EDGE('',*,*,#10785,.T.);
#10785 = EDGE_CURVE('',#10568,#10786,#10788,.T.);
#10786 = VERTEX_POINT('',#10787);
#10787 = CARTESIAN_POINT('',(22.,53.,24.3));
#10788 = LINE('',#10789,#10790);
#10789 = CARTESIAN_POINT('',(22.,53.,21.8));
#10790 = VECTOR('',#10791,1.);
#10791 = DIRECTION('',(0.,0.,1.));
#10792 = ORIENTED_EDGE('',*,*,#10793,.F.);
#10793 = EDGE_CURVE('',#10754,#10786,#10794,.T.);
#10794 = LINE('',#10795,#10796);
#10795 = CARTESIAN_POINT('',(22.,28.,24.3));
#10796 = VECTOR('',#10797,1.);
#10797 = DIRECTION('',(0.,1.,0.));
#10798 = PLANE('',#10799);
#10799 = AXIS2_PLACEMENT_3D('',#10800,#10801,#10802);
#10800 = CARTESIAN_POINT('',(22.,28.,21.8));
#10801 = DIRECTION('',(1.,0.,0.));
#10802 = DIRECTION('',(0.,0.,1.));
#10803 = ADVANCED_FACE('',(#10804),#10822,.T.);
#10804 = FACE_BOUND('',#10805,.T.);
#10805 = EDGE_LOOP('',(#10806,#10807,#10808,#10816));
#10806 = ORIENTED_EDGE('',*,*,#10769,.F.);
#10807 = ORIENTED_EDGE('',*,*,#10583,.T.);
#10808 = ORIENTED_EDGE('',*,*,#10809,.T.);
#10809 = EDGE_CURVE('',#10576,#10810,#10812,.T.);
#10810 = VERTEX_POINT('',#10811);
#10811 = CARTESIAN_POINT('',(40.,53.,24.3));
#10812 = LINE('',#10813,#10814);
#10813 = CARTESIAN_POINT('',(40.,53.,21.8));
#10814 = VECTOR('',#10815,1.);
#10815 = DIRECTION('',(0.,0.,1.));
#10816 = ORIENTED_EDGE('',*,*,#10817,.F.);
#10817 = EDGE_CURVE('',#10762,#10810,#10818,.T.);
#10818 = LINE('',#10819,#10820);
#10819 = CARTESIAN_POINT('',(40.,28.,24.3));
#10820 = VECTOR('',#10821,1.);
#10821 = DIRECTION('',(0.,1.,0.));
#10822 = PLANE('',#10823);
#10823 = AXIS2_PLACEMENT_3D('',#10824,#10825,#10826);
#10824 = CARTESIAN_POINT('',(40.,28.,21.8));
#10825 = DIRECTION('',(1.,0.,0.));
#10826 = DIRECTION('',(0.,0.,1.));
#10827 = ADVANCED_FACE('',(#10828),#10839,.T.);
#10828 = FACE_BOUND('',#10829,.T.);
#10829 = EDGE_LOOP('',(#10830,#10831,#10832,#10838));
#10830 = ORIENTED_EDGE('',*,*,#10575,.F.);
#10831 = ORIENTED_EDGE('',*,*,#10785,.T.);
#10832 = ORIENTED_EDGE('',*,*,#10833,.T.);
#10833 = EDGE_CURVE('',#10786,#10810,#10834,.T.);
#10834 = LINE('',#10835,#10836);
#10835 = CARTESIAN_POINT('',(22.,53.,24.3));
#10836 = VECTOR('',#10837,1.);
#10837 = DIRECTION('',(1.,0.,0.));
#10838 = ORIENTED_EDGE('',*,*,#10809,.F.);
#10839 = PLANE('',#10840);
#10840 = AXIS2_PLACEMENT_3D('',#10841,#10842,#10843);
#10841 = CARTESIAN_POINT('',(22.,53.,21.8));
#10842 = DIRECTION('',(0.,1.,0.));
#10843 = DIRECTION('',(0.,0.,1.));
#10844 = ADVANCED_FACE('',(#10845),#10856,.F.);
#10845 = FACE_BOUND('',#10846,.F.);
#10846 = EDGE_LOOP('',(#10847,#10848,#10849,#10850));
#10847 = ORIENTED_EDGE('',*,*,#10666,.F.);
#10848 = ORIENTED_EDGE('',*,*,#10607,.T.);
#10849 = ORIENTED_EDGE('',*,*,#10722,.T.);
#10850 = ORIENTED_EDGE('',*,*,#10851,.F.);
#10851 = EDGE_CURVE('',#10667,#10723,#10852,.T.);
#10852 = LINE('',#10853,#10854);
#10853 = CARTESIAN_POINT('',(27.,82.,21.8));
#10854 = VECTOR('',#10855,1.);
#10855 = DIRECTION('',(1.,0.,0.));
#10856 = PLANE('',#10857);
#10857 = AXIS2_PLACEMENT_3D('',#10858,#10859,#10860);
#10858 = CARTESIAN_POINT('',(27.,75.,21.8));
#10859 = DIRECTION('',(0.,0.,1.));
#10860 = DIRECTION('',(1.,0.,0.));
#10861 = ADVANCED_FACE('',(#10862),#10873,.T.);
#10862 = FACE_BOUND('',#10863,.T.);
#10863 = EDGE_LOOP('',(#10864,#10865,#10866,#10867));
#10864 = ORIENTED_EDGE('',*,*,#10682,.F.);
#10865 = ORIENTED_EDGE('',*,*,#10698,.T.);
#10866 = ORIENTED_EDGE('',*,*,#10738,.T.);
#10867 = ORIENTED_EDGE('',*,*,#10868,.F.);
#10868 = EDGE_CURVE('',#10675,#10731,#10869,.T.);
#10869 = LINE('',#10870,#10871);
#10870 = CARTESIAN_POINT('',(27.,82.,25.));
#10871 = VECTOR('',#10872,1.);
#10872 = DIRECTION('',(1.,0.,0.));
#10873 = PLANE('',#10874);
#10874 = AXIS2_PLACEMENT_3D('',#10875,#10876,#10877);
#10875 = CARTESIAN_POINT('',(27.,75.,25.));
#10876 = DIRECTION('',(0.,0.,1.));
#10877 = DIRECTION('',(1.,0.,0.));
#10878 = ADVANCED_FACE('',(#10879),#10885,.T.);
#10879 = FACE_BOUND('',#10880,.T.);
#10880 = EDGE_LOOP('',(#10881,#10882,#10883,#10884));
#10881 = ORIENTED_EDGE('',*,*,#10851,.F.);
#10882 = ORIENTED_EDGE('',*,*,#10674,.T.);
#10883 = ORIENTED_EDGE('',*,*,#10868,.T.);
#10884 = ORIENTED_EDGE('',*,*,#10730,.F.);
#10885 = PLANE('',#10886);
#10886 = AXIS2_PLACEMENT_3D('',#10887,#10888,#10889);
#10887 = CARTESIAN_POINT('',(27.,82.,21.8));
#10888 = DIRECTION('',(0.,1.,0.));
#10889 = DIRECTION('',(0.,0.,1.));
#10890 = ADVANCED_FACE('',(#10891),#10897,.T.);
#10891 = FACE_BOUND('',#10892,.T.);
#10892 = EDGE_LOOP('',(#10893,#10894,#10895,#10896));
#10893 = ORIENTED_EDGE('',*,*,#10793,.F.);
#10894 = ORIENTED_EDGE('',*,*,#10761,.T.);
#10895 = ORIENTED_EDGE('',*,*,#10817,.T.);
#10896 = ORIENTED_EDGE('',*,*,#10833,.F.);
#10897 = PLANE('',#10898);
#10898 = AXIS2_PLACEMENT_3D('',#10899,#10900,#10901);
#10899 = CARTESIAN_POINT('',(22.,28.,24.3));
#10900 = DIRECTION('',(0.,0.,1.));
#10901 = DIRECTION('',(1.,0.,0.));
#10902 = MANIFOLD_SOLID_BREP('',#10903);
#10903 = CLOSED_SHELL('',(#10904,#10944,#10984,#11006,#11028,#11040));
#10904 = ADVANCED_FACE('',(#10905),#10939,.F.);
#10905 = FACE_BOUND('',#10906,.F.);
#10906 = EDGE_LOOP('',(#10907,#10917,#10925,#10933));
#10907 = ORIENTED_EDGE('',*,*,#10908,.F.);
#10908 = EDGE_CURVE('',#10909,#10911,#10913,.T.);
#10909 = VERTEX_POINT('',#10910);
#10910 = CARTESIAN_POINT('',(12.5,14.,14.6));
#10911 = VERTEX_POINT('',#10912);
#10912 = CARTESIAN_POINT('',(12.5,14.,19.6));
#10913 = LINE('',#10914,#10915);
#10914 = CARTESIAN_POINT('',(12.5,14.,14.6));
#10915 = VECTOR('',#10916,1.);
#10916 = DIRECTION('',(0.,0.,1.));
#10917 = ORIENTED_EDGE('',*,*,#10918,.T.);
#10918 = EDGE_CURVE('',#10909,#10919,#10921,.T.);
#10919 = VERTEX_POINT('',#10920);
#10920 = CARTESIAN_POINT('',(12.5,76.,14.6));
#10921 = LINE('',#10922,#10923);
#10922 = CARTESIAN_POINT('',(12.5,14.,14.6));
#10923 = VECTOR('',#10924,1.);
#10924 = DIRECTION('',(0.,1.,0.));
#10925 = ORIENTED_EDGE('',*,*,#10926,.T.);
#10926 = EDGE_CURVE('',#10919,#10927,#10929,.T.);
#10927 = VERTEX_POINT('',#10928);
#10928 = CARTESIAN_POINT('',(12.5,76.,19.6));
#10929 = LINE('',#10930,#10931);
#10930 = CARTESIAN_POINT('',(12.5,76.,14.6));
#10931 = VECTOR('',#10932,1.);
#10932 = DIRECTION('',(0.,0.,1.));
#10933 = ORIENTED_EDGE('',*,*,#10934,.F.);
#10934 = EDGE_CURVE('',#10911,#10927,#10935,.T.);
#10935 = LINE('',#10936,#10937);
#10936 = CARTESIAN_POINT('',(12.5,14.,19.6));
#10937 = VECTOR('',#10938,1.);
#10938 = DIRECTION('',(0.,1.,0.));
#10939 = PLANE('',#10940);
#10940 = AXIS2_PLACEMENT_3D('',#10941,#10942,#10943);
#10941 = CARTESIAN_POINT('',(12.5,14.,14.6));
#10942 = DIRECTION('',(1.,0.,0.));
#10943 = DIRECTION('',(0.,0.,1.));
#10944 = ADVANCED_FACE('',(#10945),#10979,.T.);
#10945 = FACE_BOUND('',#10946,.T.);
#10946 = EDGE_LOOP('',(#10947,#10957,#10965,#10973));
#10947 = ORIENTED_EDGE('',*,*,#10948,.F.);
#10948 = EDGE_CURVE('',#10949,#10951,#10953,.T.);
#10949 = VERTEX_POINT('',#10950);
#10950 = CARTESIAN_POINT('',(15.,14.,14.6));
#10951 = VERTEX_POINT('',#10952);
#10952 = CARTESIAN_POINT('',(15.,14.,19.6));
#10953 = LINE('',#10954,#10955);
#10954 = CARTESIAN_POINT('',(15.,14.,14.6));
#10955 = VECTOR('',#10956,1.);
#10956 = DIRECTION('',(0.,0.,1.));
#10957 = ORIENTED_EDGE('',*,*,#10958,.T.);
#10958 = EDGE_CURVE('',#10949,#10959,#10961,.T.);
#10959 = VERTEX_POINT('',#10960);
#10960 = CARTESIAN_POINT('',(15.,76.,14.6));
#10961 = LINE('',#10962,#10963);
#10962 = CARTESIAN_POINT('',(15.,14.,14.6));
#10963 = VECTOR('',#10964,1.);
#10964 = DIRECTION('',(0.,1.,0.));
#10965 = ORIENTED_EDGE('',*,*,#10966,.T.);
#10966 = EDGE_CURVE('',#10959,#10967,#10969,.T.);
#10967 = VERTEX_POINT('',#10968);
#10968 = CARTESIAN_POINT('',(15.,76.,19.6));
#10969 = LINE('',#10970,#10971);
#10970 = CARTESIAN_POINT('',(15.,76.,14.6));
#10971 = VECTOR('',#10972,1.);
#10972 = DIRECTION('',(0.,0.,1.));
#10973 = ORIENTED_EDGE('',*,*,#10974,.F.);
#10974 = EDGE_CURVE('',#10951,#10967,#10975,.T.);
#10975 = LINE('',#10976,#10977);
#10976 = CARTESIAN_POINT('',(15.,14.,19.6));
#10977 = VECTOR('',#10978,1.);
#10978 = DIRECTION('',(0.,1.,0.));
#10979 = PLANE('',#10980);
#10980 = AXIS2_PLACEMENT_3D('',#10981,#10982,#10983);
#10981 = CARTESIAN_POINT('',(15.,14.,14.6));
#10982 = DIRECTION('',(1.,0.,0.));
#10983 = DIRECTION('',(0.,0.,1.));
#10984 = ADVANCED_FACE('',(#10985),#11001,.F.);
#10985 = FACE_BOUND('',#10986,.F.);
#10986 = EDGE_LOOP('',(#10987,#10993,#10994,#11000));
#10987 = ORIENTED_EDGE('',*,*,#10988,.F.);
#10988 = EDGE_CURVE('',#10909,#10949,#10989,.T.);
#10989 = LINE('',#10990,#10991);
#10990 = CARTESIAN_POINT('',(12.5,14.,14.6));
#10991 = VECTOR('',#10992,1.);
#10992 = DIRECTION('',(1.,0.,0.));
#10993 = ORIENTED_EDGE('',*,*,#10908,.T.);
#10994 = ORIENTED_EDGE('',*,*,#10995,.T.);
#10995 = EDGE_CURVE('',#10911,#10951,#10996,.T.);
#10996 = LINE('',#10997,#10998);
#10997 = CARTESIAN_POINT('',(12.5,14.,19.6));
#10998 = VECTOR('',#10999,1.);
#10999 = DIRECTION('',(1.,0.,0.));
#11000 = ORIENTED_EDGE('',*,*,#10948,.F.);
#11001 = PLANE('',#11002);
#11002 = AXIS2_PLACEMENT_3D('',#11003,#11004,#11005);
#11003 = CARTESIAN_POINT('',(12.5,14.,14.6));
#11004 = DIRECTION('',(0.,1.,0.));
#11005 = DIRECTION('',(0.,0.,1.));
#11006 = ADVANCED_FACE('',(#11007),#11023,.T.);
#11007 = FACE_BOUND('',#11008,.T.);
#11008 = EDGE_LOOP('',(#11009,#11015,#11016,#11022));
#11009 = ORIENTED_EDGE('',*,*,#11010,.F.);
#11010 = EDGE_CURVE('',#10919,#10959,#11011,.T.);
#11011 = LINE('',#11012,#11013);
#11012 = CARTESIAN_POINT('',(12.5,76.,14.6));
#11013 = VECTOR('',#11014,1.);
#11014 = DIRECTION('',(1.,0.,0.));
#11015 = ORIENTED_EDGE('',*,*,#10926,.T.);
#11016 = ORIENTED_EDGE('',*,*,#11017,.T.);
#11017 = EDGE_CURVE('',#10927,#10967,#11018,.T.);
#11018 = LINE('',#11019,#11020);
#11019 = CARTESIAN_POINT('',(12.5,76.,19.6));
#11020 = VECTOR('',#11021,1.);
#11021 = DIRECTION('',(1.,0.,0.));
#11022 = ORIENTED_EDGE('',*,*,#10966,.F.);
#11023 = PLANE('',#11024);
#11024 = AXIS2_PLACEMENT_3D('',#11025,#11026,#11027);
#11025 = CARTESIAN_POINT('',(12.5,76.,14.6));
#11026 = DIRECTION('',(0.,1.,0.));
#11027 = DIRECTION('',(0.,0.,1.));
#11028 = ADVANCED_FACE('',(#11029),#11035,.F.);
#11029 = FACE_BOUND('',#11030,.F.);
#11030 = EDGE_LOOP('',(#11031,#11032,#11033,#11034));
#11031 = ORIENTED_EDGE('',*,*,#10918,.F.);
#11032 = ORIENTED_EDGE('',*,*,#10988,.T.);
#11033 = ORIENTED_EDGE('',*,*,#10958,.T.);
#11034 = ORIENTED_EDGE('',*,*,#11010,.F.);
#11035 = PLANE('',#11036);
#11036 = AXIS2_PLACEMENT_3D('',#11037,#11038,#11039);
#11037 = CARTESIAN_POINT('',(12.5,14.,14.6));
#11038 = DIRECTION('',(0.,0.,1.));
#11039 = DIRECTION('',(1.,0.,0.));
#11040 = ADVANCED_FACE('',(#11041),#11047,.T.);
#11041 = FACE_BOUND('',#11042,.T.);
#11042 = EDGE_LOOP('',(#11043,#11044,#11045,#11046));
#11043 = ORIENTED_EDGE('',*,*,#10934,.F.);
#11044 = ORIENTED_EDGE('',*,*,#10995,.T.);
#11045 = ORIENTED_EDGE('',*,*,#10974,.T.);
#11046 = ORIENTED_EDGE('',*,*,#11017,.F.);
#11047 = PLANE('',#11048);
#11048 = AXIS2_PLACEMENT_3D('',#11049,#11050,#11051);
#11049 = CARTESIAN_POINT('',(12.5,14.,19.6));
#11050 = DIRECTION('',(0.,0.,1.));
#11051 = DIRECTION('',(1.,0.,0.));
#11052 = MANIFOLD_SOLID_BREP('',#11053);
#11053 = CLOSED_SHELL('',(#11054,#11094,#11134,#11156,#11178,#11190));
#11054 = ADVANCED_FACE('',(#11055),#11089,.F.);
#11055 = FACE_BOUND('',#11056,.F.);
#11056 = EDGE_LOOP('',(#11057,#11067,#11075,#11083));
#11057 = ORIENTED_EDGE('',*,*,#11058,.F.);
#11058 = EDGE_CURVE('',#11059,#11061,#11063,.T.);
#11059 = VERTEX_POINT('',#11060);
#11060 = CARTESIAN_POINT('',(47.,14.,14.6));
#11061 = VERTEX_POINT('',#11062);
#11062 = CARTESIAN_POINT('',(47.,14.,19.6));
#11063 = LINE('',#11064,#11065);
#11064 = CARTESIAN_POINT('',(47.,14.,14.6));
#11065 = VECTOR('',#11066,1.);
#11066 = DIRECTION('',(0.,0.,1.));
#11067 = ORIENTED_EDGE('',*,*,#11068,.T.);
#11068 = EDGE_CURVE('',#11059,#11069,#11071,.T.);
#11069 = VERTEX_POINT('',#11070);
#11070 = CARTESIAN_POINT('',(47.,76.,14.6));
#11071 = LINE('',#11072,#11073);
#11072 = CARTESIAN_POINT('',(47.,14.,14.6));
#11073 = VECTOR('',#11074,1.);
#11074 = DIRECTION('',(0.,1.,0.));
#11075 = ORIENTED_EDGE('',*,*,#11076,.T.);
#11076 = EDGE_CURVE('',#11069,#11077,#11079,.T.);
#11077 = VERTEX_POINT('',#11078);
#11078 = CARTESIAN_POINT('',(47.,76.,19.6));
#11079 = LINE('',#11080,#11081);
#11080 = CARTESIAN_POINT('',(47.,76.,14.6));
#11081 = VECTOR('',#11082,1.);
#11082 = DIRECTION('',(0.,0.,1.));
#11083 = ORIENTED_EDGE('',*,*,#11084,.F.);
#11084 = EDGE_CURVE('',#11061,#11077,#11085,.T.);
#11085 = LINE('',#11086,#11087);
#11086 = CARTESIAN_POINT('',(47.,14.,19.6));
#11087 = VECTOR('',#11088,1.);
#11088 = DIRECTION('',(0.,1.,0.));
#11089 = PLANE('',#11090);
#11090 = AXIS2_PLACEMENT_3D('',#11091,#11092,#11093);
#11091 = CARTESIAN_POINT('',(47.,14.,14.6));
#11092 = DIRECTION('',(1.,0.,0.));
#11093 = DIRECTION('',(0.,0.,1.));
#11094 = ADVANCED_FACE('',(#11095),#11129,.T.);
#11095 = FACE_BOUND('',#11096,.T.);
#11096 = EDGE_LOOP('',(#11097,#11107,#11115,#11123));
#11097 = ORIENTED_EDGE('',*,*,#11098,.F.);
#11098 = EDGE_CURVE('',#11099,#11101,#11103,.T.);
#11099 = VERTEX_POINT('',#11100);
#11100 = CARTESIAN_POINT('',(49.5,14.,14.6));
#11101 = VERTEX_POINT('',#11102);
#11102 = CARTESIAN_POINT('',(49.5,14.,19.6));
#11103 = LINE('',#11104,#11105);
#11104 = CARTESIAN_POINT('',(49.5,14.,14.6));
#11105 = VECTOR('',#11106,1.);
#11106 = DIRECTION('',(0.,0.,1.));
#11107 = ORIENTED_EDGE('',*,*,#11108,.T.);
#11108 = EDGE_CURVE('',#11099,#11109,#11111,.T.);
#11109 = VERTEX_POINT('',#11110);
#11110 = CARTESIAN_POINT('',(49.5,76.,14.6));
#11111 = LINE('',#11112,#11113);
#11112 = CARTESIAN_POINT('',(49.5,14.,14.6));
#11113 = VECTOR('',#11114,1.);
#11114 = DIRECTION('',(0.,1.,0.));
#11115 = ORIENTED_EDGE('',*,*,#11116,.T.);
#11116 = EDGE_CURVE('',#11109,#11117,#11119,.T.);
#11117 = VERTEX_POINT('',#11118);
#11118 = CARTESIAN_POINT('',(49.5,76.,19.6));
#11119 = LINE('',#11120,#11121);
#11120 = CARTESIAN_POINT('',(49.5,76.,14.6));
#11121 = VECTOR('',#11122,1.);
#11122 = DIRECTION('',(0.,0.,1.));
#11123 = ORIENTED_EDGE('',*,*,#11124,.F.);
#11124 = EDGE_CURVE('',#11101,#11117,#11125,.T.);
#11125 = LINE('',#11126,#11127);
#11126 = CARTESIAN_POINT('',(49.5,14.,19.6));
#11127 = VECTOR('',#11128,1.);
#11128 = DIRECTION('',(0.,1.,0.));
#11129 = PLANE('',#11130);
#11130 = AXIS2_PLACEMENT_3D('',#11131,#11132,#11133);
#11131 = CARTESIAN_POINT('',(49.5,14.,14.6));
#11132 = DIRECTION('',(1.,0.,0.));
#11133 = DIRECTION('',(0.,0.,1.));
#11134 = ADVANCED_FACE('',(#11135),#11151,.F.);
#11135 = FACE_BOUND('',#11136,.F.);
#11136 = EDGE_LOOP('',(#11137,#11143,#11144,#11150));
#11137 = ORIENTED_EDGE('',*,*,#11138,.F.);
#11138 = EDGE_CURVE('',#11059,#11099,#11139,.T.);
#11139 = LINE('',#11140,#11141);
#11140 = CARTESIAN_POINT('',(47.,14.,14.6));
#11141 = VECTOR('',#11142,1.);
#11142 = DIRECTION('',(1.,0.,0.));
#11143 = ORIENTED_EDGE('',*,*,#11058,.T.);
#11144 = ORIENTED_EDGE('',*,*,#11145,.T.);
#11145 = EDGE_CURVE('',#11061,#11101,#11146,.T.);
#11146 = LINE('',#11147,#11148);
#11147 = CARTESIAN_POINT('',(47.,14.,19.6));
#11148 = VECTOR('',#11149,1.);
#11149 = DIRECTION('',(1.,0.,0.));
#11150 = ORIENTED_EDGE('',*,*,#11098,.F.);
#11151 = PLANE('',#11152);
#11152 = AXIS2_PLACEMENT_3D('',#11153,#11154,#11155);
#11153 = CARTESIAN_POINT('',(47.,14.,14.6));
#11154 = DIRECTION('',(0.,1.,0.));
#11155 = DIRECTION('',(0.,0.,1.));
#11156 = ADVANCED_FACE('',(#11157),#11173,.T.);
#11157 = FACE_BOUND('',#11158,.T.);
#11158 = EDGE_LOOP('',(#11159,#11165,#11166,#11172));
#11159 = ORIENTED_EDGE('',*,*,#11160,.F.);
#11160 = EDGE_CURVE('',#11069,#11109,#11161,.T.);
#11161 = LINE('',#11162,#11163);
#11162 = CARTESIAN_POINT('',(47.,76.,14.6));
#11163 = VECTOR('',#11164,1.);
#11164 = DIRECTION('',(1.,0.,0.));
#11165 = ORIENTED_EDGE('',*,*,#11076,.T.);
#11166 = ORIENTED_EDGE('',*,*,#11167,.T.);
#11167 = EDGE_CURVE('',#11077,#11117,#11168,.T.);
#11168 = LINE('',#11169,#11170);
#11169 = CARTESIAN_POINT('',(47.,76.,19.6));
#11170 = VECTOR('',#11171,1.);
#11171 = DIRECTION('',(1.,0.,0.));
#11172 = ORIENTED_EDGE('',*,*,#11116,.F.);
#11173 = PLANE('',#11174);
#11174 = AXIS2_PLACEMENT_3D('',#11175,#11176,#11177);
#11175 = CARTESIAN_POINT('',(47.,76.,14.6));
#11176 = DIRECTION('',(0.,1.,0.));
#11177 = DIRECTION('',(0.,0.,1.));
#11178 = ADVANCED_FACE('',(#11179),#11185,.F.);
#11179 = FACE_BOUND('',#11180,.F.);
#11180 = EDGE_LOOP('',(#11181,#11182,#11183,#11184));
#11181 = ORIENTED_EDGE('',*,*,#11068,.F.);
#11182 = ORIENTED_EDGE('',*,*,#11138,.T.);
#11183 = ORIENTED_EDGE('',*,*,#11108,.T.);
#11184 = ORIENTED_EDGE('',*,*,#11160,.F.);
#11185 = PLANE('',#11186);
#11186 = AXIS2_PLACEMENT_3D('',#11187,#11188,#11189);
#11187 = CARTESIAN_POINT('',(47.,14.,14.6));
#11188 = DIRECTION('',(0.,0.,1.));
#11189 = DIRECTION('',(1.,0.,0.));
#11190 = ADVANCED_FACE('',(#11191),#11197,.T.);
#11191 = FACE_BOUND('',#11192,.T.);
#11192 = EDGE_LOOP('',(#11193,#11194,#11195,#11196));
#11193 = ORIENTED_EDGE('',*,*,#11084,.F.);
#11194 = ORIENTED_EDGE('',*,*,#11145,.T.);
#11195 = ORIENTED_EDGE('',*,*,#11124,.T.);
#11196 = ORIENTED_EDGE('',*,*,#11167,.F.);
#11197 = PLANE('',#11198);
#11198 = AXIS2_PLACEMENT_3D('',#11199,#11200,#11201);
#11199 = CARTESIAN_POINT('',(47.,14.,19.6));
#11200 = DIRECTION('',(0.,0.,1.));
#11201 = DIRECTION('',(1.,0.,0.));
#11202 = MANIFOLD_SOLID_BREP('',#11203);
#11203 = CLOSED_SHELL('',(#11204,#11237,#11246));
#11204 = ADVANCED_FACE('',(#11205),#11232,.T.);
#11205 = FACE_BOUND('',#11206,.T.);
#11206 = EDGE_LOOP('',(#11207,#11216,#11224,#11231));
#11207 = ORIENTED_EDGE('',*,*,#11208,.F.);
#11208 = EDGE_CURVE('',#11209,#11209,#11211,.T.);
#11209 = VERTEX_POINT('',#11210);
#11210 = CARTESIAN_POINT('',(10.,8.5,18.6));
#11211 = CIRCLE('',#11212,1.5);
#11212 = AXIS2_PLACEMENT_3D('',#11213,#11214,#11215);
#11213 = CARTESIAN_POINT('',(8.5,8.5,18.6));
#11214 = DIRECTION('',(0.,0.,1.));
#11215 = DIRECTION('',(1.,0.,0.));
#11216 = ORIENTED_EDGE('',*,*,#11217,.F.);
#11217 = EDGE_CURVE('',#11218,#11209,#11220,.T.);
#11218 = VERTEX_POINT('',#11219);
#11219 = CARTESIAN_POINT('',(10.,8.5,4.6));
#11220 = LINE('',#11221,#11222);
#11221 = CARTESIAN_POINT('',(10.,8.5,4.6));
#11222 = VECTOR('',#11223,1.);
#11223 = DIRECTION('',(0.,0.,1.));
#11224 = ORIENTED_EDGE('',*,*,#11225,.T.);
#11225 = EDGE_CURVE('',#11218,#11218,#11226,.T.);
#11226 = CIRCLE('',#11227,1.5);
#11227 = AXIS2_PLACEMENT_3D('',#11228,#11229,#11230);
#11228 = CARTESIAN_POINT('',(8.5,8.5,4.6));
#11229 = DIRECTION('',(0.,0.,1.));
#11230 = DIRECTION('',(1.,0.,0.));
#11231 = ORIENTED_EDGE('',*,*,#11217,.T.);
#11232 = CYLINDRICAL_SURFACE('',#11233,1.5);
#11233 = AXIS2_PLACEMENT_3D('',#11234,#11235,#11236);
#11234 = CARTESIAN_POINT('',(8.5,8.5,4.6));
#11235 = DIRECTION('',(0.,0.,1.));
#11236 = DIRECTION('',(1.,0.,0.));
#11237 = ADVANCED_FACE('',(#11238),#11241,.T.);
#11238 = FACE_BOUND('',#11239,.T.);
#11239 = EDGE_LOOP('',(#11240));
#11240 = ORIENTED_EDGE('',*,*,#11208,.T.);
#11241 = PLANE('',#11242);
#11242 = AXIS2_PLACEMENT_3D('',#11243,#11244,#11245);
#11243 = CARTESIAN_POINT('',(8.5,8.5,18.6));
#11244 = DIRECTION('',(0.,0.,1.));
#11245 = DIRECTION('',(1.,0.,0.));
#11246 = ADVANCED_FACE('',(#11247),#11250,.F.);
#11247 = FACE_BOUND('',#11248,.T.);
#11248 = EDGE_LOOP('',(#11249));
#11249 = ORIENTED_EDGE('',*,*,#11225,.F.);
#11250 = PLANE('',#11251);
#11251 = AXIS2_PLACEMENT_3D('',#11252,#11253,#11254);
#11252 = CARTESIAN_POINT('',(8.5,8.5,4.6));
#11253 = DIRECTION('',(0.,0.,1.));
#11254 = DIRECTION('',(1.,0.,0.));
#11255 = MANIFOLD_SOLID_BREP('',#11256);
#11256 = CLOSED_SHELL('',(#11257,#11290,#11299));
#11257 = ADVANCED_FACE('',(#11258),#11285,.T.);
#11258 = FACE_BOUND('',#11259,.T.);
#11259 = EDGE_LOOP('',(#11260,#11269,#11277,#11284));
#11260 = ORIENTED_EDGE('',*,*,#11261,.F.);
#11261 = EDGE_CURVE('',#11262,#11262,#11264,.T.);
#11262 = VERTEX_POINT('',#11263);
#11263 = CARTESIAN_POINT('',(55.,8.5,18.6));
#11264 = CIRCLE('',#11265,1.5);
#11265 = AXIS2_PLACEMENT_3D('',#11266,#11267,#11268);
#11266 = CARTESIAN_POINT('',(53.5,8.5,18.6));
#11267 = DIRECTION('',(0.,0.,1.));
#11268 = DIRECTION('',(1.,0.,0.));
#11269 = ORIENTED_EDGE('',*,*,#11270,.F.);
#11270 = EDGE_CURVE('',#11271,#11262,#11273,.T.);
#11271 = VERTEX_POINT('',#11272);
#11272 = CARTESIAN_POINT('',(55.,8.5,4.6));
#11273 = LINE('',#11274,#11275);
#11274 = CARTESIAN_POINT('',(55.,8.5,4.6));
#11275 = VECTOR('',#11276,1.);
#11276 = DIRECTION('',(0.,0.,1.));
#11277 = ORIENTED_EDGE('',*,*,#11278,.T.);
#11278 = EDGE_CURVE('',#11271,#11271,#11279,.T.);
#11279 = CIRCLE('',#11280,1.5);
#11280 = AXIS2_PLACEMENT_3D('',#11281,#11282,#11283);
#11281 = CARTESIAN_POINT('',(53.5,8.5,4.6));
#11282 = DIRECTION('',(0.,0.,1.));
#11283 = DIRECTION('',(1.,0.,0.));
#11284 = ORIENTED_EDGE('',*,*,#11270,.T.);
#11285 = CYLINDRICAL_SURFACE('',#11286,1.5);
#11286 = AXIS2_PLACEMENT_3D('',#11287,#11288,#11289);
#11287 = CARTESIAN_POINT('',(53.5,8.5,4.6));
#11288 = DIRECTION('',(0.,0.,1.));
#11289 = DIRECTION('',(1.,0.,0.));
#11290 = ADVANCED_FACE('',(#11291),#11294,.T.);
#11291 = FACE_BOUND('',#11292,.T.);
#11292 = EDGE_LOOP('',(#11293));
#11293 = ORIENTED_EDGE('',*,*,#11261,.T.);
#11294 = PLANE('',#11295);
#11295 = AXIS2_PLACEMENT_3D('',#11296,#11297,#11298);
#11296 = CARTESIAN_POINT('',(53.5,8.5,18.6));
#11297 = DIRECTION('',(0.,0.,1.));
#11298 = DIRECTION('',(1.,0.,0.));
#11299 = ADVANCED_FACE('',(#11300),#11303,.F.);
#11300 = FACE_BOUND('',#11301,.T.);
#11301 = EDGE_LOOP('',(#11302));
#11302 = ORIENTED_EDGE('',*,*,#11278,.F.);
#11303 = PLANE('',#11304);
#11304 = AXIS2_PLACEMENT_3D('',#11305,#11306,#11307);
#11305 = CARTESIAN_POINT('',(53.5,8.5,4.6));
#11306 = DIRECTION('',(0.,0.,1.));
#11307 = DIRECTION('',(1.,0.,0.));
#11308 = MANIFOLD_SOLID_BREP('',#11309);
#11309 = CLOSED_SHELL('',(#11310,#11343,#11352));
#11310 = ADVANCED_FACE('',(#11311),#11338,.T.);
#11311 = FACE_BOUND('',#11312,.T.);
#11312 = EDGE_LOOP('',(#11313,#11322,#11330,#11337));
#11313 = ORIENTED_EDGE('',*,*,#11314,.F.);
#11314 = EDGE_CURVE('',#11315,#11315,#11317,.T.);
#11315 = VERTEX_POINT('',#11316);
#11316 = CARTESIAN_POINT('',(10.,81.5,18.6));
#11317 = CIRCLE('',#11318,1.5);
#11318 = AXIS2_PLACEMENT_3D('',#11319,#11320,#11321);
#11319 = CARTESIAN_POINT('',(8.5,81.5,18.6));
#11320 = DIRECTION('',(0.,0.,1.));
#11321 = DIRECTION('',(1.,0.,0.));
#11322 = ORIENTED_EDGE('',*,*,#11323,.F.);
#11323 = EDGE_CURVE('',#11324,#11315,#11326,.T.);
#11324 = VERTEX_POINT('',#11325);
#11325 = CARTESIAN_POINT('',(10.,81.5,4.6));
#11326 = LINE('',#11327,#11328);
#11327 = CARTESIAN_POINT('',(10.,81.5,4.6));
#11328 = VECTOR('',#11329,1.);
#11329 = DIRECTION('',(0.,0.,1.));
#11330 = ORIENTED_EDGE('',*,*,#11331,.T.);
#11331 = EDGE_CURVE('',#11324,#11324,#11332,.T.);
#11332 = CIRCLE('',#11333,1.5);
#11333 = AXIS2_PLACEMENT_3D('',#11334,#11335,#11336);
#11334 = CARTESIAN_POINT('',(8.5,81.5,4.6));
#11335 = DIRECTION('',(0.,0.,1.));
#11336 = DIRECTION('',(1.,0.,0.));
#11337 = ORIENTED_EDGE('',*,*,#11323,.T.);
#11338 = CYLINDRICAL_SURFACE('',#11339,1.5);
#11339 = AXIS2_PLACEMENT_3D('',#11340,#11341,#11342);
#11340 = CARTESIAN_POINT('',(8.5,81.5,4.6));
#11341 = DIRECTION('',(0.,0.,1.));
#11342 = DIRECTION('',(1.,0.,0.));
#11343 = ADVANCED_FACE('',(#11344),#11347,.T.);
#11344 = FACE_BOUND('',#11345,.T.);
#11345 = EDGE_LOOP('',(#11346));
#11346 = ORIENTED_EDGE('',*,*,#11314,.T.);
#11347 = PLANE('',#11348);
#11348 = AXIS2_PLACEMENT_3D('',#11349,#11350,#11351);
#11349 = CARTESIAN_POINT('',(8.5,81.5,18.6));
#11350 = DIRECTION('',(0.,0.,1.));
#11351 = DIRECTION('',(1.,0.,0.));
#11352 = ADVANCED_FACE('',(#11353),#11356,.F.);
#11353 = FACE_BOUND('',#11354,.T.);
#11354 = EDGE_LOOP('',(#11355));
#11355 = ORIENTED_EDGE('',*,*,#11331,.F.);
#11356 = PLANE('',#11357);
#11357 = AXIS2_PLACEMENT_3D('',#11358,#11359,#11360);
#11358 = CARTESIAN_POINT('',(8.5,81.5,4.6));
#11359 = DIRECTION('',(0.,0.,1.));
#11360 = DIRECTION('',(1.,0.,0.));
#11361 = MANIFOLD_SOLID_BREP('',#11362);
#11362 = CLOSED_SHELL('',(#11363,#11396,#11405));
#11363 = ADVANCED_FACE('',(#11364),#11391,.T.);
#11364 = FACE_BOUND('',#11365,.T.);
#11365 = EDGE_LOOP('',(#11366,#11375,#11383,#11390));
#11366 = ORIENTED_EDGE('',*,*,#11367,.F.);
#11367 = EDGE_CURVE('',#11368,#11368,#11370,.T.);
#11368 = VERTEX_POINT('',#11369);
#11369 = CARTESIAN_POINT('',(55.,81.5,18.6));
#11370 = CIRCLE('',#11371,1.5);
#11371 = AXIS2_PLACEMENT_3D('',#11372,#11373,#11374);
#11372 = CARTESIAN_POINT('',(53.5,81.5,18.6));
#11373 = DIRECTION('',(0.,0.,1.));
#11374 = DIRECTION('',(1.,0.,0.));
#11375 = ORIENTED_EDGE('',*,*,#11376,.F.);
#11376 = EDGE_CURVE('',#11377,#11368,#11379,.T.);
#11377 = VERTEX_POINT('',#11378);
#11378 = CARTESIAN_POINT('',(55.,81.5,4.6));
#11379 = LINE('',#11380,#11381);
#11380 = CARTESIAN_POINT('',(55.,81.5,4.6));
#11381 = VECTOR('',#11382,1.);
#11382 = DIRECTION('',(0.,0.,1.));
#11383 = ORIENTED_EDGE('',*,*,#11384,.T.);
#11384 = EDGE_CURVE('',#11377,#11377,#11385,.T.);
#11385 = CIRCLE('',#11386,1.5);
#11386 = AXIS2_PLACEMENT_3D('',#11387,#11388,#11389);
#11387 = CARTESIAN_POINT('',(53.5,81.5,4.6));
#11388 = DIRECTION('',(0.,0.,1.));
#11389 = DIRECTION('',(1.,0.,0.));
#11390 = ORIENTED_EDGE('',*,*,#11376,.T.);
#11391 = CYLINDRICAL_SURFACE('',#11392,1.5);
#11392 = AXIS2_PLACEMENT_3D('',#11393,#11394,#11395);
#11393 = CARTESIAN_POINT('',(53.5,81.5,4.6));
#11394 = DIRECTION('',(0.,0.,1.));
#11395 = DIRECTION('',(1.,0.,0.));
#11396 = ADVANCED_FACE('',(#11397),#11400,.T.);
#11397 = FACE_BOUND('',#11398,.T.);
#11398 = EDGE_LOOP('',(#11399));
#11399 = ORIENTED_EDGE('',*,*,#11367,.T.);
#11400 = PLANE('',#11401);
#11401 = AXIS2_PLACEMENT_3D('',#11402,#11403,#11404);
#11402 = CARTESIAN_POINT('',(53.5,81.5,18.6));
#11403 = DIRECTION('',(0.,0.,1.));
#11404 = DIRECTION('',(1.,0.,0.));
#11405 = ADVANCED_FACE('',(#11406),#11409,.F.);
#11406 = FACE_BOUND('',#11407,.T.);
#11407 = EDGE_LOOP('',(#11408));
#11408 = ORIENTED_EDGE('',*,*,#11384,.F.);
#11409 = PLANE('',#11410);
#11410 = AXIS2_PLACEMENT_3D('',#11411,#11412,#11413);
#11411 = CARTESIAN_POINT('',(53.5,81.5,4.6));
#11412 = DIRECTION('',(0.,0.,1.));
#11413 = DIRECTION('',(1.,0.,0.));
#11414 = MANIFOLD_SOLID_BREP('',#11415);
#11415 = CLOSED_SHELL('',(#11416,#11456,#11487,#11518,#11549,#11580,
    #11611,#11642,#11664,#11680));
#11416 = ADVANCED_FACE('',(#11417),#11451,.F.);
#11417 = FACE_BOUND('',#11418,.F.);
#11418 = EDGE_LOOP('',(#11419,#11429,#11437,#11445));
#11419 = ORIENTED_EDGE('',*,*,#11420,.T.);
#11420 = EDGE_CURVE('',#11421,#11423,#11425,.T.);
#11421 = VERTEX_POINT('',#11422);
#11422 = CARTESIAN_POINT('',(6.,0.,3.));
#11423 = VERTEX_POINT('',#11424);
#11424 = CARTESIAN_POINT('',(6.,0.,4.6));
#11425 = LINE('',#11426,#11427);
#11426 = CARTESIAN_POINT('',(6.,0.,3.));
#11427 = VECTOR('',#11428,1.);
#11428 = DIRECTION('',(0.,0.,1.));
#11429 = ORIENTED_EDGE('',*,*,#11430,.T.);
#11430 = EDGE_CURVE('',#11423,#11431,#11433,.T.);
#11431 = VERTEX_POINT('',#11432);
#11432 = CARTESIAN_POINT('',(48.,0.,4.6));
#11433 = LINE('',#11434,#11435);
#11434 = CARTESIAN_POINT('',(6.,0.,4.6));
#11435 = VECTOR('',#11436,1.);
#11436 = DIRECTION('',(1.,0.,0.));
#11437 = ORIENTED_EDGE('',*,*,#11438,.F.);
#11438 = EDGE_CURVE('',#11439,#11431,#11441,.T.);
#11439 = VERTEX_POINT('',#11440);
#11440 = CARTESIAN_POINT('',(48.,0.,3.));
#11441 = LINE('',#11442,#11443);
#11442 = CARTESIAN_POINT('',(48.,0.,3.));
#11443 = VECTOR('',#11444,1.);
#11444 = DIRECTION('',(0.,0.,1.));
#11445 = ORIENTED_EDGE('',*,*,#11446,.F.);
#11446 = EDGE_CURVE('',#11421,#11439,#11447,.T.);
#11447 = LINE('',#11448,#11449);
#11448 = CARTESIAN_POINT('',(6.,0.,3.));
#11449 = VECTOR('',#11450,1.);
#11450 = DIRECTION('',(1.,0.,0.));
#11451 = PLANE('',#11452);
#11452 = AXIS2_PLACEMENT_3D('',#11453,#11454,#11455);
#11453 = CARTESIAN_POINT('',(6.,0.,3.));
#11454 = DIRECTION('',(0.,1.,0.));
#11455 = DIRECTION('',(1.,0.,0.));
#11456 = ADVANCED_FACE('',(#11457),#11482,.F.);
#11457 = FACE_BOUND('',#11458,.F.);
#11458 = EDGE_LOOP('',(#11459,#11460,#11468,#11476));
#11459 = ORIENTED_EDGE('',*,*,#11438,.T.);
#11460 = ORIENTED_EDGE('',*,*,#11461,.T.);
#11461 = EDGE_CURVE('',#11431,#11462,#11464,.T.);
#11462 = VERTEX_POINT('',#11463);
#11463 = CARTESIAN_POINT('',(54.,6.,4.6));
#11464 = LINE('',#11465,#11466);
#11465 = CARTESIAN_POINT('',(48.,0.,4.6));
#11466 = VECTOR('',#11467,1.);
#11467 = DIRECTION('',(0.707106781187,0.707106781187,0.));
#11468 = ORIENTED_EDGE('',*,*,#11469,.F.);
#11469 = EDGE_CURVE('',#11470,#11462,#11472,.T.);
#11470 = VERTEX_POINT('',#11471);
#11471 = CARTESIAN_POINT('',(54.,6.,3.));
#11472 = LINE('',#11473,#11474);
#11473 = CARTESIAN_POINT('',(54.,6.,3.));
#11474 = VECTOR('',#11475,1.);
#11475 = DIRECTION('',(0.,0.,1.));
#11476 = ORIENTED_EDGE('',*,*,#11477,.F.);
#11477 = EDGE_CURVE('',#11439,#11470,#11478,.T.);
#11478 = LINE('',#11479,#11480);
#11479 = CARTESIAN_POINT('',(48.,0.,3.));
#11480 = VECTOR('',#11481,1.);
#11481 = DIRECTION('',(0.707106781187,0.707106781187,0.));
#11482 = PLANE('',#11483);
#11483 = AXIS2_PLACEMENT_3D('',#11484,#11485,#11486);
#11484 = CARTESIAN_POINT('',(48.,0.,3.));
#11485 = DIRECTION('',(-0.707106781187,0.707106781187,0.));
#11486 = DIRECTION('',(0.707106781187,0.707106781187,0.));
#11487 = ADVANCED_FACE('',(#11488),#11513,.F.);
#11488 = FACE_BOUND('',#11489,.F.);
#11489 = EDGE_LOOP('',(#11490,#11491,#11499,#11507));
#11490 = ORIENTED_EDGE('',*,*,#11469,.T.);
#11491 = ORIENTED_EDGE('',*,*,#11492,.T.);
#11492 = EDGE_CURVE('',#11462,#11493,#11495,.T.);
#11493 = VERTEX_POINT('',#11494);
#11494 = CARTESIAN_POINT('',(54.,76.,4.6));
#11495 = LINE('',#11496,#11497);
#11496 = CARTESIAN_POINT('',(54.,6.,4.6));
#11497 = VECTOR('',#11498,1.);
#11498 = DIRECTION('',(0.,1.,0.));
#11499 = ORIENTED_EDGE('',*,*,#11500,.F.);
#11500 = EDGE_CURVE('',#11501,#11493,#11503,.T.);
#11501 = VERTEX_POINT('',#11502);
#11502 = CARTESIAN_POINT('',(54.,76.,3.));
#11503 = LINE('',#11504,#11505);
#11504 = CARTESIAN_POINT('',(54.,76.,3.));
#11505 = VECTOR('',#11506,1.);
#11506 = DIRECTION('',(0.,0.,1.));
#11507 = ORIENTED_EDGE('',*,*,#11508,.F.);
#11508 = EDGE_CURVE('',#11470,#11501,#11509,.T.);
#11509 = LINE('',#11510,#11511);
#11510 = CARTESIAN_POINT('',(54.,6.,3.));
#11511 = VECTOR('',#11512,1.);
#11512 = DIRECTION('',(0.,1.,0.));
#11513 = PLANE('',#11514);
#11514 = AXIS2_PLACEMENT_3D('',#11515,#11516,#11517);
#11515 = CARTESIAN_POINT('',(54.,6.,3.));
#11516 = DIRECTION('',(-1.,0.,0.));
#11517 = DIRECTION('',(0.,1.,0.));
#11518 = ADVANCED_FACE('',(#11519),#11544,.F.);
#11519 = FACE_BOUND('',#11520,.F.);
#11520 = EDGE_LOOP('',(#11521,#11522,#11530,#11538));
#11521 = ORIENTED_EDGE('',*,*,#11500,.T.);
#11522 = ORIENTED_EDGE('',*,*,#11523,.T.);
#11523 = EDGE_CURVE('',#11493,#11524,#11526,.T.);
#11524 = VERTEX_POINT('',#11525);
#11525 = CARTESIAN_POINT('',(48.,82.,4.6));
#11526 = LINE('',#11527,#11528);
#11527 = CARTESIAN_POINT('',(54.,76.,4.6));
#11528 = VECTOR('',#11529,1.);
#11529 = DIRECTION('',(-0.707106781187,0.707106781187,0.));
#11530 = ORIENTED_EDGE('',*,*,#11531,.F.);
#11531 = EDGE_CURVE('',#11532,#11524,#11534,.T.);
#11532 = VERTEX_POINT('',#11533);
#11533 = CARTESIAN_POINT('',(48.,82.,3.));
#11534 = LINE('',#11535,#11536);
#11535 = CARTESIAN_POINT('',(48.,82.,3.));
#11536 = VECTOR('',#11537,1.);
#11537 = DIRECTION('',(0.,0.,1.));
#11538 = ORIENTED_EDGE('',*,*,#11539,.F.);
#11539 = EDGE_CURVE('',#11501,#11532,#11540,.T.);
#11540 = LINE('',#11541,#11542);
#11541 = CARTESIAN_POINT('',(54.,76.,3.));
#11542 = VECTOR('',#11543,1.);
#11543 = DIRECTION('',(-0.707106781187,0.707106781187,0.));
#11544 = PLANE('',#11545);
#11545 = AXIS2_PLACEMENT_3D('',#11546,#11547,#11548);
#11546 = CARTESIAN_POINT('',(54.,76.,3.));
#11547 = DIRECTION('',(-0.707106781187,-0.707106781187,0.));
#11548 = DIRECTION('',(-0.707106781187,0.707106781187,0.));
#11549 = ADVANCED_FACE('',(#11550),#11575,.F.);
#11550 = FACE_BOUND('',#11551,.F.);
#11551 = EDGE_LOOP('',(#11552,#11553,#11561,#11569));
#11552 = ORIENTED_EDGE('',*,*,#11531,.T.);
#11553 = ORIENTED_EDGE('',*,*,#11554,.T.);
#11554 = EDGE_CURVE('',#11524,#11555,#11557,.T.);
#11555 = VERTEX_POINT('',#11556);
#11556 = CARTESIAN_POINT('',(6.,82.,4.6));
#11557 = LINE('',#11558,#11559);
#11558 = CARTESIAN_POINT('',(48.,82.,4.6));
#11559 = VECTOR('',#11560,1.);
#11560 = DIRECTION('',(-1.,0.,0.));
#11561 = ORIENTED_EDGE('',*,*,#11562,.F.);
#11562 = EDGE_CURVE('',#11563,#11555,#11565,.T.);
#11563 = VERTEX_POINT('',#11564);
#11564 = CARTESIAN_POINT('',(6.,82.,3.));
#11565 = LINE('',#11566,#11567);
#11566 = CARTESIAN_POINT('',(6.,82.,3.));
#11567 = VECTOR('',#11568,1.);
#11568 = DIRECTION('',(0.,0.,1.));
#11569 = ORIENTED_EDGE('',*,*,#11570,.F.);
#11570 = EDGE_CURVE('',#11532,#11563,#11571,.T.);
#11571 = LINE('',#11572,#11573);
#11572 = CARTESIAN_POINT('',(48.,82.,3.));
#11573 = VECTOR('',#11574,1.);
#11574 = DIRECTION('',(-1.,0.,0.));
#11575 = PLANE('',#11576);
#11576 = AXIS2_PLACEMENT_3D('',#11577,#11578,#11579);
#11577 = CARTESIAN_POINT('',(48.,82.,3.));
#11578 = DIRECTION('',(0.,-1.,0.));
#11579 = DIRECTION('',(-1.,0.,0.));
#11580 = ADVANCED_FACE('',(#11581),#11606,.F.);
#11581 = FACE_BOUND('',#11582,.F.);
#11582 = EDGE_LOOP('',(#11583,#11584,#11592,#11600));
#11583 = ORIENTED_EDGE('',*,*,#11562,.T.);
#11584 = ORIENTED_EDGE('',*,*,#11585,.T.);
#11585 = EDGE_CURVE('',#11555,#11586,#11588,.T.);
#11586 = VERTEX_POINT('',#11587);
#11587 = CARTESIAN_POINT('',(0.,76.,4.6));
#11588 = LINE('',#11589,#11590);
#11589 = CARTESIAN_POINT('',(6.,82.,4.6));
#11590 = VECTOR('',#11591,1.);
#11591 = DIRECTION('',(-0.707106781187,-0.707106781187,0.));
#11592 = ORIENTED_EDGE('',*,*,#11593,.F.);
#11593 = EDGE_CURVE('',#11594,#11586,#11596,.T.);
#11594 = VERTEX_POINT('',#11595);
#11595 = CARTESIAN_POINT('',(0.,76.,3.));
#11596 = LINE('',#11597,#11598);
#11597 = CARTESIAN_POINT('',(0.,76.,3.));
#11598 = VECTOR('',#11599,1.);
#11599 = DIRECTION('',(0.,0.,1.));
#11600 = ORIENTED_EDGE('',*,*,#11601,.F.);
#11601 = EDGE_CURVE('',#11563,#11594,#11602,.T.);
#11602 = LINE('',#11603,#11604);
#11603 = CARTESIAN_POINT('',(6.,82.,3.));
#11604 = VECTOR('',#11605,1.);
#11605 = DIRECTION('',(-0.707106781187,-0.707106781187,0.));
#11606 = PLANE('',#11607);
#11607 = AXIS2_PLACEMENT_3D('',#11608,#11609,#11610);
#11608 = CARTESIAN_POINT('',(6.,82.,3.));
#11609 = DIRECTION('',(0.707106781187,-0.707106781187,0.));
#11610 = DIRECTION('',(-0.707106781187,-0.707106781187,0.));
#11611 = ADVANCED_FACE('',(#11612),#11637,.F.);
#11612 = FACE_BOUND('',#11613,.F.);
#11613 = EDGE_LOOP('',(#11614,#11615,#11623,#11631));
#11614 = ORIENTED_EDGE('',*,*,#11593,.T.);
#11615 = ORIENTED_EDGE('',*,*,#11616,.T.);
#11616 = EDGE_CURVE('',#11586,#11617,#11619,.T.);
#11617 = VERTEX_POINT('',#11618);
#11618 = CARTESIAN_POINT('',(0.,6.,4.6));
#11619 = LINE('',#11620,#11621);
#11620 = CARTESIAN_POINT('',(0.,76.,4.6));
#11621 = VECTOR('',#11622,1.);
#11622 = DIRECTION('',(0.,-1.,0.));
#11623 = ORIENTED_EDGE('',*,*,#11624,.F.);
#11624 = EDGE_CURVE('',#11625,#11617,#11627,.T.);
#11625 = VERTEX_POINT('',#11626);
#11626 = CARTESIAN_POINT('',(0.,6.,3.));
#11627 = LINE('',#11628,#11629);
#11628 = CARTESIAN_POINT('',(0.,6.,3.));
#11629 = VECTOR('',#11630,1.);
#11630 = DIRECTION('',(0.,0.,1.));
#11631 = ORIENTED_EDGE('',*,*,#11632,.F.);
#11632 = EDGE_CURVE('',#11594,#11625,#11633,.T.);
#11633 = LINE('',#11634,#11635);
#11634 = CARTESIAN_POINT('',(0.,76.,3.));
#11635 = VECTOR('',#11636,1.);
#11636 = DIRECTION('',(0.,-1.,0.));
#11637 = PLANE('',#11638);
#11638 = AXIS2_PLACEMENT_3D('',#11639,#11640,#11641);
#11639 = CARTESIAN_POINT('',(0.,76.,3.));
#11640 = DIRECTION('',(1.,0.,0.));
#11641 = DIRECTION('',(0.,-1.,0.));
#11642 = ADVANCED_FACE('',(#11643),#11659,.F.);
#11643 = FACE_BOUND('',#11644,.F.);
#11644 = EDGE_LOOP('',(#11645,#11646,#11652,#11653));
#11645 = ORIENTED_EDGE('',*,*,#11624,.T.);
#11646 = ORIENTED_EDGE('',*,*,#11647,.T.);
#11647 = EDGE_CURVE('',#11617,#11423,#11648,.T.);
#11648 = LINE('',#11649,#11650);
#11649 = CARTESIAN_POINT('',(0.,6.,4.6));
#11650 = VECTOR('',#11651,1.);
#11651 = DIRECTION('',(0.707106781187,-0.707106781187,0.));
#11652 = ORIENTED_EDGE('',*,*,#11420,.F.);
#11653 = ORIENTED_EDGE('',*,*,#11654,.F.);
#11654 = EDGE_CURVE('',#11625,#11421,#11655,.T.);
#11655 = LINE('',#11656,#11657);
#11656 = CARTESIAN_POINT('',(0.,6.,3.));
#11657 = VECTOR('',#11658,1.);
#11658 = DIRECTION('',(0.707106781187,-0.707106781187,0.));
#11659 = PLANE('',#11660);
#11660 = AXIS2_PLACEMENT_3D('',#11661,#11662,#11663);
#11661 = CARTESIAN_POINT('',(0.,6.,3.));
#11662 = DIRECTION('',(0.707106781187,0.707106781187,0.));
#11663 = DIRECTION('',(0.707106781187,-0.707106781187,0.));
#11664 = ADVANCED_FACE('',(#11665),#11675,.F.);
#11665 = FACE_BOUND('',#11666,.F.);
#11666 = EDGE_LOOP('',(#11667,#11668,#11669,#11670,#11671,#11672,#11673,
    #11674));
#11667 = ORIENTED_EDGE('',*,*,#11446,.T.);
#11668 = ORIENTED_EDGE('',*,*,#11477,.T.);
#11669 = ORIENTED_EDGE('',*,*,#11508,.T.);
#11670 = ORIENTED_EDGE('',*,*,#11539,.T.);
#11671 = ORIENTED_EDGE('',*,*,#11570,.T.);
#11672 = ORIENTED_EDGE('',*,*,#11601,.T.);
#11673 = ORIENTED_EDGE('',*,*,#11632,.T.);
#11674 = ORIENTED_EDGE('',*,*,#11654,.T.);
#11675 = PLANE('',#11676);
#11676 = AXIS2_PLACEMENT_3D('',#11677,#11678,#11679);
#11677 = CARTESIAN_POINT('',(27.,41.,3.));
#11678 = DIRECTION('',(0.,0.,1.));
#11679 = DIRECTION('',(1.,0.,0.));
#11680 = ADVANCED_FACE('',(#11681),#11691,.T.);
#11681 = FACE_BOUND('',#11682,.T.);
#11682 = EDGE_LOOP('',(#11683,#11684,#11685,#11686,#11687,#11688,#11689,
    #11690));
#11683 = ORIENTED_EDGE('',*,*,#11430,.T.);
#11684 = ORIENTED_EDGE('',*,*,#11461,.T.);
#11685 = ORIENTED_EDGE('',*,*,#11492,.T.);
#11686 = ORIENTED_EDGE('',*,*,#11523,.T.);
#11687 = ORIENTED_EDGE('',*,*,#11554,.T.);
#11688 = ORIENTED_EDGE('',*,*,#11585,.T.);
#11689 = ORIENTED_EDGE('',*,*,#11616,.T.);
#11690 = ORIENTED_EDGE('',*,*,#11647,.T.);
#11691 = PLANE('',#11692);
#11692 = AXIS2_PLACEMENT_3D('',#11693,#11694,#11695);
#11693 = CARTESIAN_POINT('',(27.,41.,4.6));
#11694 = DIRECTION('',(0.,0.,1.));
#11695 = DIRECTION('',(1.,0.,0.));
#11696 = MANIFOLD_SOLID_BREP('',#11697);
#11697 = CLOSED_SHELL('',(#11698,#11738,#11769,#11861,#11885,#11902,
    #11914,#11945,#11969,#11993,#12010,#12041,#12065,#12089,#12106,
    #12118));
#11698 = ADVANCED_FACE('',(#11699),#11733,.F.);
#11699 = FACE_BOUND('',#11700,.F.);
#11700 = EDGE_LOOP('',(#11701,#11711,#11719,#11727));
#11701 = ORIENTED_EDGE('',*,*,#11702,.F.);
#11702 = EDGE_CURVE('',#11703,#11705,#11707,.T.);
#11703 = VERTEX_POINT('',#11704);
#11704 = CARTESIAN_POINT('',(7.,37.,4.6));
#11705 = VERTEX_POINT('',#11706);
#11706 = CARTESIAN_POINT('',(7.,37.,6.2));
#11707 = LINE('',#11708,#11709);
#11708 = CARTESIAN_POINT('',(7.,37.,4.6));
#11709 = VECTOR('',#11710,1.);
#11710 = DIRECTION('',(0.,0.,1.));
#11711 = ORIENTED_EDGE('',*,*,#11712,.T.);
#11712 = EDGE_CURVE('',#11703,#11713,#11715,.T.);
#11713 = VERTEX_POINT('',#11714);
#11714 = CARTESIAN_POINT('',(7.,82.,4.6));
#11715 = LINE('',#11716,#11717);
#11716 = CARTESIAN_POINT('',(7.,37.,4.6));
#11717 = VECTOR('',#11718,1.);
#11718 = DIRECTION('',(0.,1.,0.));
#11719 = ORIENTED_EDGE('',*,*,#11720,.T.);
#11720 = EDGE_CURVE('',#11713,#11721,#11723,.T.);
#11721 = VERTEX_POINT('',#11722);
#11722 = CARTESIAN_POINT('',(7.,82.,6.2));
#11723 = LINE('',#11724,#11725);
#11724 = CARTESIAN_POINT('',(7.,82.,4.6));
#11725 = VECTOR('',#11726,1.);
#11726 = DIRECTION('',(0.,0.,1.));
#11727 = ORIENTED_EDGE('',*,*,#11728,.F.);
#11728 = EDGE_CURVE('',#11705,#11721,#11729,.T.);
#11729 = LINE('',#11730,#11731);
#11730 = CARTESIAN_POINT('',(7.,37.,6.2));
#11731 = VECTOR('',#11732,1.);
#11732 = DIRECTION('',(0.,1.,0.));
#11733 = PLANE('',#11734);
#11734 = AXIS2_PLACEMENT_3D('',#11735,#11736,#11737);
#11735 = CARTESIAN_POINT('',(7.,37.,4.6));
#11736 = DIRECTION('',(1.,0.,0.));
#11737 = DIRECTION('',(0.,0.,1.));
#11738 = ADVANCED_FACE('',(#11739),#11764,.F.);
#11739 = FACE_BOUND('',#11740,.F.);
#11740 = EDGE_LOOP('',(#11741,#11749,#11750,#11758));
#11741 = ORIENTED_EDGE('',*,*,#11742,.F.);
#11742 = EDGE_CURVE('',#11703,#11743,#11745,.T.);
#11743 = VERTEX_POINT('',#11744);
#11744 = CARTESIAN_POINT('',(30.,37.,4.6));
#11745 = LINE('',#11746,#11747);
#11746 = CARTESIAN_POINT('',(7.,37.,4.6));
#11747 = VECTOR('',#11748,1.);
#11748 = DIRECTION('',(1.,0.,0.));
#11749 = ORIENTED_EDGE('',*,*,#11702,.T.);
#11750 = ORIENTED_EDGE('',*,*,#11751,.T.);
#11751 = EDGE_CURVE('',#11705,#11752,#11754,.T.);
#11752 = VERTEX_POINT('',#11753);
#11753 = CARTESIAN_POINT('',(30.,37.,6.2));
#11754 = LINE('',#11755,#11756);
#11755 = CARTESIAN_POINT('',(7.,37.,6.2));
#11756 = VECTOR('',#11757,1.);
#11757 = DIRECTION('',(1.,0.,0.));
#11758 = ORIENTED_EDGE('',*,*,#11759,.F.);
#11759 = EDGE_CURVE('',#11743,#11752,#11760,.T.);
#11760 = LINE('',#11761,#11762);
#11761 = CARTESIAN_POINT('',(30.,37.,4.6));
#11762 = VECTOR('',#11763,1.);
#11763 = DIRECTION('',(0.,0.,1.));
#11764 = PLANE('',#11765);
#11765 = AXIS2_PLACEMENT_3D('',#11766,#11767,#11768);
#11766 = CARTESIAN_POINT('',(7.,37.,4.6));
#11767 = DIRECTION('',(0.,1.,0.));
#11768 = DIRECTION('',(0.,0.,1.));
#11769 = ADVANCED_FACE('',(#11770,#11788,#11822),#11856,.T.);
#11770 = FACE_BOUND('',#11771,.T.);
#11771 = EDGE_LOOP('',(#11772,#11773,#11774,#11782));
#11772 = ORIENTED_EDGE('',*,*,#11728,.F.);
#11773 = ORIENTED_EDGE('',*,*,#11751,.T.);
#11774 = ORIENTED_EDGE('',*,*,#11775,.T.);
#11775 = EDGE_CURVE('',#11752,#11776,#11778,.T.);
#11776 = VERTEX_POINT('',#11777);
#11777 = CARTESIAN_POINT('',(30.,82.,6.2));
#11778 = LINE('',#11779,#11780);
#11779 = CARTESIAN_POINT('',(30.,37.,6.2));
#11780 = VECTOR('',#11781,1.);
#11781 = DIRECTION('',(0.,1.,0.));
#11782 = ORIENTED_EDGE('',*,*,#11783,.F.);
#11783 = EDGE_CURVE('',#11721,#11776,#11784,.T.);
#11784 = LINE('',#11785,#11786);
#11785 = CARTESIAN_POINT('',(7.,82.,6.2));
#11786 = VECTOR('',#11787,1.);
#11787 = DIRECTION('',(1.,0.,0.));
#11788 = FACE_BOUND('',#11789,.T.);
#11789 = EDGE_LOOP('',(#11790,#11800,#11808,#11816));
#11790 = ORIENTED_EDGE('',*,*,#11791,.F.);
#11791 = EDGE_CURVE('',#11792,#11794,#11796,.T.);
#11792 = VERTEX_POINT('',#11793);
#11793 = CARTESIAN_POINT('',(22.,49.,6.2));
#11794 = VERTEX_POINT('',#11795);
#11795 = CARTESIAN_POINT('',(28.,49.,6.2));
#11796 = LINE('',#11797,#11798);
#11797 = CARTESIAN_POINT('',(22.,49.,6.2));
#11798 = VECTOR('',#11799,1.);
#11799 = DIRECTION('',(1.,0.,0.));
#11800 = ORIENTED_EDGE('',*,*,#11801,.T.);
#11801 = EDGE_CURVE('',#11792,#11802,#11804,.T.);
#11802 = VERTEX_POINT('',#11803);
#11803 = CARTESIAN_POINT('',(22.,59.,6.2));
#11804 = LINE('',#11805,#11806);
#11805 = CARTESIAN_POINT('',(22.,49.,6.2));
#11806 = VECTOR('',#11807,1.);
#11807 = DIRECTION('',(0.,1.,0.));
#11808 = ORIENTED_EDGE('',*,*,#11809,.T.);
#11809 = EDGE_CURVE('',#11802,#11810,#11812,.T.);
#11810 = VERTEX_POINT('',#11811);
#11811 = CARTESIAN_POINT('',(28.,59.,6.2));
#11812 = LINE('',#11813,#11814);
#11813 = CARTESIAN_POINT('',(22.,59.,6.2));
#11814 = VECTOR('',#11815,1.);
#11815 = DIRECTION('',(1.,0.,0.));
#11816 = ORIENTED_EDGE('',*,*,#11817,.F.);
#11817 = EDGE_CURVE('',#11794,#11810,#11818,.T.);
#11818 = LINE('',#11819,#11820);
#11819 = CARTESIAN_POINT('',(28.,49.,6.2));
#11820 = VECTOR('',#11821,1.);
#11821 = DIRECTION('',(0.,1.,0.));
#11822 = FACE_BOUND('',#11823,.T.);
#11823 = EDGE_LOOP('',(#11824,#11834,#11842,#11850));
#11824 = ORIENTED_EDGE('',*,*,#11825,.F.);
#11825 = EDGE_CURVE('',#11826,#11828,#11830,.T.);
#11826 = VERTEX_POINT('',#11827);
#11827 = CARTESIAN_POINT('',(9.,49.,6.2));
#11828 = VERTEX_POINT('',#11829);
#11829 = CARTESIAN_POINT('',(21.,49.,6.2));
#11830 = LINE('',#11831,#11832);
#11831 = CARTESIAN_POINT('',(9.,49.,6.2));
#11832 = VECTOR('',#11833,1.);
#11833 = DIRECTION('',(1.,0.,0.));
#11834 = ORIENTED_EDGE('',*,*,#11835,.T.);
#11835 = EDGE_CURVE('',#11826,#11836,#11838,.T.);
#11836 = VERTEX_POINT('',#11837);
#11837 = CARTESIAN_POINT('',(9.,61.,6.2));
#11838 = LINE('',#11839,#11840);
#11839 = CARTESIAN_POINT('',(9.,49.,6.2));
#11840 = VECTOR('',#11841,1.);
#11841 = DIRECTION('',(0.,1.,0.));
#11842 = ORIENTED_EDGE('',*,*,#11843,.T.);
#11843 = EDGE_CURVE('',#11836,#11844,#11846,.T.);
#11844 = VERTEX_POINT('',#11845);
#11845 = CARTESIAN_POINT('',(21.,61.,6.2));
#11846 = LINE('',#11847,#11848);
#11847 = CARTESIAN_POINT('',(9.,61.,6.2));
#11848 = VECTOR('',#11849,1.);
#11849 = DIRECTION('',(1.,0.,0.));
#11850 = ORIENTED_EDGE('',*,*,#11851,.F.);
#11851 = EDGE_CURVE('',#11828,#11844,#11852,.T.);
#11852 = LINE('',#11853,#11854);
#11853 = CARTESIAN_POINT('',(21.,49.,6.2));
#11854 = VECTOR('',#11855,1.);
#11855 = DIRECTION('',(0.,1.,0.));
#11856 = PLANE('',#11857);
#11857 = AXIS2_PLACEMENT_3D('',#11858,#11859,#11860);
#11858 = CARTESIAN_POINT('',(7.,37.,6.2));
#11859 = DIRECTION('',(0.,0.,1.));
#11860 = DIRECTION('',(1.,0.,0.));
#11861 = ADVANCED_FACE('',(#11862),#11880,.T.);
#11862 = FACE_BOUND('',#11863,.T.);
#11863 = EDGE_LOOP('',(#11864,#11872,#11873,#11874));
#11864 = ORIENTED_EDGE('',*,*,#11865,.F.);
#11865 = EDGE_CURVE('',#11713,#11866,#11868,.T.);
#11866 = VERTEX_POINT('',#11867);
#11867 = CARTESIAN_POINT('',(30.,82.,4.6));
#11868 = LINE('',#11869,#11870);
#11869 = CARTESIAN_POINT('',(7.,82.,4.6));
#11870 = VECTOR('',#11871,1.);
#11871 = DIRECTION('',(1.,0.,0.));
#11872 = ORIENTED_EDGE('',*,*,#11720,.T.);
#11873 = ORIENTED_EDGE('',*,*,#11783,.T.);
#11874 = ORIENTED_EDGE('',*,*,#11875,.F.);
#11875 = EDGE_CURVE('',#11866,#11776,#11876,.T.);
#11876 = LINE('',#11877,#11878);
#11877 = CARTESIAN_POINT('',(30.,82.,4.6));
#11878 = VECTOR('',#11879,1.);
#11879 = DIRECTION('',(0.,0.,1.));
#11880 = PLANE('',#11881);
#11881 = AXIS2_PLACEMENT_3D('',#11882,#11883,#11884);
#11882 = CARTESIAN_POINT('',(7.,82.,4.6));
#11883 = DIRECTION('',(0.,1.,0.));
#11884 = DIRECTION('',(0.,0.,1.));
#11885 = ADVANCED_FACE('',(#11886),#11897,.F.);
#11886 = FACE_BOUND('',#11887,.F.);
#11887 = EDGE_LOOP('',(#11888,#11889,#11890,#11896));
#11888 = ORIENTED_EDGE('',*,*,#11712,.F.);
#11889 = ORIENTED_EDGE('',*,*,#11742,.T.);
#11890 = ORIENTED_EDGE('',*,*,#11891,.T.);
#11891 = EDGE_CURVE('',#11743,#11866,#11892,.T.);
#11892 = LINE('',#11893,#11894);
#11893 = CARTESIAN_POINT('',(30.,37.,4.6));
#11894 = VECTOR('',#11895,1.);
#11895 = DIRECTION('',(0.,1.,0.));
#11896 = ORIENTED_EDGE('',*,*,#11865,.F.);
#11897 = PLANE('',#11898);
#11898 = AXIS2_PLACEMENT_3D('',#11899,#11900,#11901);
#11899 = CARTESIAN_POINT('',(7.,37.,4.6));
#11900 = DIRECTION('',(0.,0.,1.));
#11901 = DIRECTION('',(1.,0.,0.));
#11902 = ADVANCED_FACE('',(#11903),#11909,.T.);
#11903 = FACE_BOUND('',#11904,.T.);
#11904 = EDGE_LOOP('',(#11905,#11906,#11907,#11908));
#11905 = ORIENTED_EDGE('',*,*,#11759,.F.);
#11906 = ORIENTED_EDGE('',*,*,#11891,.T.);
#11907 = ORIENTED_EDGE('',*,*,#11875,.T.);
#11908 = ORIENTED_EDGE('',*,*,#11775,.F.);
#11909 = PLANE('',#11910);
#11910 = AXIS2_PLACEMENT_3D('',#11911,#11912,#11913);
#11911 = CARTESIAN_POINT('',(30.,37.,4.6));
#11912 = DIRECTION('',(1.,0.,0.));
#11913 = DIRECTION('',(0.,0.,1.));
#11914 = ADVANCED_FACE('',(#11915),#11940,.F.);
#11915 = FACE_BOUND('',#11916,.F.);
#11916 = EDGE_LOOP('',(#11917,#11918,#11926,#11934));
#11917 = ORIENTED_EDGE('',*,*,#11791,.F.);
#11918 = ORIENTED_EDGE('',*,*,#11919,.T.);
#11919 = EDGE_CURVE('',#11792,#11920,#11922,.T.);
#11920 = VERTEX_POINT('',#11921);
#11921 = CARTESIAN_POINT('',(22.,49.,13.2));
#11922 = LINE('',#11923,#11924);
#11923 = CARTESIAN_POINT('',(22.,49.,6.2));
#11924 = VECTOR('',#11925,1.);
#11925 = DIRECTION('',(0.,0.,1.));
#11926 = ORIENTED_EDGE('',*,*,#11927,.T.);
#11927 = EDGE_CURVE('',#11920,#11928,#11930,.T.);
#11928 = VERTEX_POINT('',#11929);
#11929 = CARTESIAN_POINT('',(28.,49.,13.2));
#11930 = LINE('',#11931,#11932);
#11931 = CARTESIAN_POINT('',(22.,49.,13.2));
#11932 = VECTOR('',#11933,1.);
#11933 = DIRECTION('',(1.,0.,0.));
#11934 = ORIENTED_EDGE('',*,*,#11935,.F.);
#11935 = EDGE_CURVE('',#11794,#11928,#11936,.T.);
#11936 = LINE('',#11937,#11938);
#11937 = CARTESIAN_POINT('',(28.,49.,6.2));
#11938 = VECTOR('',#11939,1.);
#11939 = DIRECTION('',(0.,0.,1.));
#11940 = PLANE('',#11941);
#11941 = AXIS2_PLACEMENT_3D('',#11942,#11943,#11944);
#11942 = CARTESIAN_POINT('',(22.,49.,6.2));
#11943 = DIRECTION('',(0.,1.,0.));
#11944 = DIRECTION('',(0.,0.,1.));
#11945 = ADVANCED_FACE('',(#11946),#11964,.T.);
#11946 = FACE_BOUND('',#11947,.T.);
#11947 = EDGE_LOOP('',(#11948,#11949,#11950,#11958));
#11948 = ORIENTED_EDGE('',*,*,#11935,.F.);
#11949 = ORIENTED_EDGE('',*,*,#11817,.T.);
#11950 = ORIENTED_EDGE('',*,*,#11951,.T.);
#11951 = EDGE_CURVE('',#11810,#11952,#11954,.T.);
#11952 = VERTEX_POINT('',#11953);
#11953 = CARTESIAN_POINT('',(28.,59.,13.2));
#11954 = LINE('',#11955,#11956);
#11955 = CARTESIAN_POINT('',(28.,59.,6.2));
#11956 = VECTOR('',#11957,1.);
#11957 = DIRECTION('',(0.,0.,1.));
#11958 = ORIENTED_EDGE('',*,*,#11959,.F.);
#11959 = EDGE_CURVE('',#11928,#11952,#11960,.T.);
#11960 = LINE('',#11961,#11962);
#11961 = CARTESIAN_POINT('',(28.,49.,13.2));
#11962 = VECTOR('',#11963,1.);
#11963 = DIRECTION('',(0.,1.,0.));
#11964 = PLANE('',#11965);
#11965 = AXIS2_PLACEMENT_3D('',#11966,#11967,#11968);
#11966 = CARTESIAN_POINT('',(28.,49.,6.2));
#11967 = DIRECTION('',(1.,0.,0.));
#11968 = DIRECTION('',(0.,0.,1.));
#11969 = ADVANCED_FACE('',(#11970),#11988,.T.);
#11970 = FACE_BOUND('',#11971,.T.);
#11971 = EDGE_LOOP('',(#11972,#11973,#11981,#11987));
#11972 = ORIENTED_EDGE('',*,*,#11809,.F.);
#11973 = ORIENTED_EDGE('',*,*,#11974,.T.);
#11974 = EDGE_CURVE('',#11802,#11975,#11977,.T.);
#11975 = VERTEX_POINT('',#11976);
#11976 = CARTESIAN_POINT('',(22.,59.,13.2));
#11977 = LINE('',#11978,#11979);
#11978 = CARTESIAN_POINT('',(22.,59.,6.2));
#11979 = VECTOR('',#11980,1.);
#11980 = DIRECTION('',(0.,0.,1.));
#11981 = ORIENTED_EDGE('',*,*,#11982,.T.);
#11982 = EDGE_CURVE('',#11975,#11952,#11983,.T.);
#11983 = LINE('',#11984,#11985);
#11984 = CARTESIAN_POINT('',(22.,59.,13.2));
#11985 = VECTOR('',#11986,1.);
#11986 = DIRECTION('',(1.,0.,0.));
#11987 = ORIENTED_EDGE('',*,*,#11951,.F.);
#11988 = PLANE('',#11989);
#11989 = AXIS2_PLACEMENT_3D('',#11990,#11991,#11992);
#11990 = CARTESIAN_POINT('',(22.,59.,6.2));
#11991 = DIRECTION('',(0.,1.,0.));
#11992 = DIRECTION('',(0.,0.,1.));
#11993 = ADVANCED_FACE('',(#11994),#12005,.F.);
#11994 = FACE_BOUND('',#11995,.F.);
#11995 = EDGE_LOOP('',(#11996,#11997,#11998,#11999));
#11996 = ORIENTED_EDGE('',*,*,#11919,.F.);
#11997 = ORIENTED_EDGE('',*,*,#11801,.T.);
#11998 = ORIENTED_EDGE('',*,*,#11974,.T.);
#11999 = ORIENTED_EDGE('',*,*,#12000,.F.);
#12000 = EDGE_CURVE('',#11920,#11975,#12001,.T.);
#12001 = LINE('',#12002,#12003);
#12002 = CARTESIAN_POINT('',(22.,49.,13.2));
#12003 = VECTOR('',#12004,1.);
#12004 = DIRECTION('',(0.,1.,0.));
#12005 = PLANE('',#12006);
#12006 = AXIS2_PLACEMENT_3D('',#12007,#12008,#12009);
#12007 = CARTESIAN_POINT('',(22.,49.,6.2));
#12008 = DIRECTION('',(1.,0.,0.));
#12009 = DIRECTION('',(0.,0.,1.));
#12010 = ADVANCED_FACE('',(#12011),#12036,.F.);
#12011 = FACE_BOUND('',#12012,.F.);
#12012 = EDGE_LOOP('',(#12013,#12014,#12022,#12030));
#12013 = ORIENTED_EDGE('',*,*,#11825,.F.);
#12014 = ORIENTED_EDGE('',*,*,#12015,.T.);
#12015 = EDGE_CURVE('',#11826,#12016,#12018,.T.);
#12016 = VERTEX_POINT('',#12017);
#12017 = CARTESIAN_POINT('',(9.,49.,12.2));
#12018 = LINE('',#12019,#12020);
#12019 = CARTESIAN_POINT('',(9.,49.,6.2));
#12020 = VECTOR('',#12021,1.);
#12021 = DIRECTION('',(0.,0.,1.));
#12022 = ORIENTED_EDGE('',*,*,#12023,.T.);
#12023 = EDGE_CURVE('',#12016,#12024,#12026,.T.);
#12024 = VERTEX_POINT('',#12025);
#12025 = CARTESIAN_POINT('',(21.,49.,12.2));
#12026 = LINE('',#12027,#12028);
#12027 = CARTESIAN_POINT('',(9.,49.,12.2));
#12028 = VECTOR('',#12029,1.);
#12029 = DIRECTION('',(1.,0.,0.));
#12030 = ORIENTED_EDGE('',*,*,#12031,.F.);
#12031 = EDGE_CURVE('',#11828,#12024,#12032,.T.);
#12032 = LINE('',#12033,#12034);
#12033 = CARTESIAN_POINT('',(21.,49.,6.2));
#12034 = VECTOR('',#12035,1.);
#12035 = DIRECTION('',(0.,0.,1.));
#12036 = PLANE('',#12037);
#12037 = AXIS2_PLACEMENT_3D('',#12038,#12039,#12040);
#12038 = CARTESIAN_POINT('',(9.,49.,6.2));
#12039 = DIRECTION('',(0.,1.,0.));
#12040 = DIRECTION('',(0.,0.,1.));
#12041 = ADVANCED_FACE('',(#12042),#12060,.F.);
#12042 = FACE_BOUND('',#12043,.F.);
#12043 = EDGE_LOOP('',(#12044,#12045,#12046,#12054));
#12044 = ORIENTED_EDGE('',*,*,#12015,.F.);
#12045 = ORIENTED_EDGE('',*,*,#11835,.T.);
#12046 = ORIENTED_EDGE('',*,*,#12047,.T.);
#12047 = EDGE_CURVE('',#11836,#12048,#12050,.T.);
#12048 = VERTEX_POINT('',#12049);
#12049 = CARTESIAN_POINT('',(9.,61.,12.2));
#12050 = LINE('',#12051,#12052);
#12051 = CARTESIAN_POINT('',(9.,61.,6.2));
#12052 = VECTOR('',#12053,1.);
#12053 = DIRECTION('',(0.,0.,1.));
#12054 = ORIENTED_EDGE('',*,*,#12055,.F.);
#12055 = EDGE_CURVE('',#12016,#12048,#12056,.T.);
#12056 = LINE('',#12057,#12058);
#12057 = CARTESIAN_POINT('',(9.,49.,12.2));
#12058 = VECTOR('',#12059,1.);
#12059 = DIRECTION('',(0.,1.,0.));
#12060 = PLANE('',#12061);
#12061 = AXIS2_PLACEMENT_3D('',#12062,#12063,#12064);
#12062 = CARTESIAN_POINT('',(9.,49.,6.2));
#12063 = DIRECTION('',(1.,0.,0.));
#12064 = DIRECTION('',(0.,0.,1.));
#12065 = ADVANCED_FACE('',(#12066),#12084,.T.);
#12066 = FACE_BOUND('',#12067,.T.);
#12067 = EDGE_LOOP('',(#12068,#12069,#12070,#12078));
#12068 = ORIENTED_EDGE('',*,*,#12031,.F.);
#12069 = ORIENTED_EDGE('',*,*,#11851,.T.);
#12070 = ORIENTED_EDGE('',*,*,#12071,.T.);
#12071 = EDGE_CURVE('',#11844,#12072,#12074,.T.);
#12072 = VERTEX_POINT('',#12073);
#12073 = CARTESIAN_POINT('',(21.,61.,12.2));
#12074 = LINE('',#12075,#12076);
#12075 = CARTESIAN_POINT('',(21.,61.,6.2));
#12076 = VECTOR('',#12077,1.);
#12077 = DIRECTION('',(0.,0.,1.));
#12078 = ORIENTED_EDGE('',*,*,#12079,.F.);
#12079 = EDGE_CURVE('',#12024,#12072,#12080,.T.);
#12080 = LINE('',#12081,#12082);
#12081 = CARTESIAN_POINT('',(21.,49.,12.2));
#12082 = VECTOR('',#12083,1.);
#12083 = DIRECTION('',(0.,1.,0.));
#12084 = PLANE('',#12085);
#12085 = AXIS2_PLACEMENT_3D('',#12086,#12087,#12088);
#12086 = CARTESIAN_POINT('',(21.,49.,6.2));
#12087 = DIRECTION('',(1.,0.,0.));
#12088 = DIRECTION('',(0.,0.,1.));
#12089 = ADVANCED_FACE('',(#12090),#12101,.T.);
#12090 = FACE_BOUND('',#12091,.T.);
#12091 = EDGE_LOOP('',(#12092,#12093,#12094,#12100));
#12092 = ORIENTED_EDGE('',*,*,#11843,.F.);
#12093 = ORIENTED_EDGE('',*,*,#12047,.T.);
#12094 = ORIENTED_EDGE('',*,*,#12095,.T.);
#12095 = EDGE_CURVE('',#12048,#12072,#12096,.T.);
#12096 = LINE('',#12097,#12098);
#12097 = CARTESIAN_POINT('',(9.,61.,12.2));
#12098 = VECTOR('',#12099,1.);
#12099 = DIRECTION('',(1.,0.,0.));
#12100 = ORIENTED_EDGE('',*,*,#12071,.F.);
#12101 = PLANE('',#12102);
#12102 = AXIS2_PLACEMENT_3D('',#12103,#12104,#12105);
#12103 = CARTESIAN_POINT('',(9.,61.,6.2));
#12104 = DIRECTION('',(0.,1.,0.));
#12105 = DIRECTION('',(0.,0.,1.));
#12106 = ADVANCED_FACE('',(#12107),#12113,.T.);
#12107 = FACE_BOUND('',#12108,.T.);
#12108 = EDGE_LOOP('',(#12109,#12110,#12111,#12112));
#12109 = ORIENTED_EDGE('',*,*,#12000,.F.);
#12110 = ORIENTED_EDGE('',*,*,#11927,.T.);
#12111 = ORIENTED_EDGE('',*,*,#11959,.T.);
#12112 = ORIENTED_EDGE('',*,*,#11982,.F.);
#12113 = PLANE('',#12114);
#12114 = AXIS2_PLACEMENT_3D('',#12115,#12116,#12117);
#12115 = CARTESIAN_POINT('',(22.,49.,13.2));
#12116 = DIRECTION('',(0.,0.,1.));
#12117 = DIRECTION('',(1.,0.,0.));
#12118 = ADVANCED_FACE('',(#12119),#12125,.T.);
#12119 = FACE_BOUND('',#12120,.T.);
#12120 = EDGE_LOOP('',(#12121,#12122,#12123,#12124));
#12121 = ORIENTED_EDGE('',*,*,#12055,.F.);
#12122 = ORIENTED_EDGE('',*,*,#12023,.T.);
#12123 = ORIENTED_EDGE('',*,*,#12079,.T.);
#12124 = ORIENTED_EDGE('',*,*,#12095,.F.);
#12125 = PLANE('',#12126);
#12126 = AXIS2_PLACEMENT_3D('',#12127,#12128,#12129);
#12127 = CARTESIAN_POINT('',(9.,49.,12.2));
#12128 = DIRECTION('',(0.,0.,1.));
#12129 = DIRECTION('',(1.,0.,0.));
#12130 = MANIFOLD_SOLID_BREP('',#12131);
#12131 = CLOSED_SHELL('',(#12132,#12172,#12203,#12259,#12283,#12300,
    #12335,#12375,#12399,#12432,#12449,#12466));
#12132 = ADVANCED_FACE('',(#12133),#12167,.F.);
#12133 = FACE_BOUND('',#12134,.F.);
#12134 = EDGE_LOOP('',(#12135,#12145,#12153,#12161));
#12135 = ORIENTED_EDGE('',*,*,#12136,.F.);
#12136 = EDGE_CURVE('',#12137,#12139,#12141,.T.);
#12137 = VERTEX_POINT('',#12138);
#12138 = CARTESIAN_POINT('',(37.,44.5,4.6));
#12139 = VERTEX_POINT('',#12140);
#12140 = CARTESIAN_POINT('',(37.,44.5,6.2));
#12141 = LINE('',#12142,#12143);
#12142 = CARTESIAN_POINT('',(37.,44.5,4.6));
#12143 = VECTOR('',#12144,1.);
#12144 = DIRECTION('',(0.,0.,1.));
#12145 = ORIENTED_EDGE('',*,*,#12146,.T.);
#12146 = EDGE_CURVE('',#12137,#12147,#12149,.T.);
#12147 = VERTEX_POINT('',#12148);
#12148 = CARTESIAN_POINT('',(37.,74.5,4.6));
#12149 = LINE('',#12150,#12151);
#12150 = CARTESIAN_POINT('',(37.,44.5,4.6));
#12151 = VECTOR('',#12152,1.);
#12152 = DIRECTION('',(0.,1.,0.));
#12153 = ORIENTED_EDGE('',*,*,#12154,.T.);
#12154 = EDGE_CURVE('',#12147,#12155,#12157,.T.);
#12155 = VERTEX_POINT('',#12156);
#12156 = CARTESIAN_POINT('',(37.,74.5,6.2));
#12157 = LINE('',#12158,#12159);
#12158 = CARTESIAN_POINT('',(37.,74.5,4.6));
#12159 = VECTOR('',#12160,1.);
#12160 = DIRECTION('',(0.,0.,1.));
#12161 = ORIENTED_EDGE('',*,*,#12162,.F.);
#12162 = EDGE_CURVE('',#12139,#12155,#12163,.T.);
#12163 = LINE('',#12164,#12165);
#12164 = CARTESIAN_POINT('',(37.,44.5,6.2));
#12165 = VECTOR('',#12166,1.);
#12166 = DIRECTION('',(0.,1.,0.));
#12167 = PLANE('',#12168);
#12168 = AXIS2_PLACEMENT_3D('',#12169,#12170,#12171);
#12169 = CARTESIAN_POINT('',(37.,44.5,4.6));
#12170 = DIRECTION('',(1.,0.,0.));
#12171 = DIRECTION('',(0.,0.,1.));
#12172 = ADVANCED_FACE('',(#12173),#12198,.F.);
#12173 = FACE_BOUND('',#12174,.F.);
#12174 = EDGE_LOOP('',(#12175,#12183,#12184,#12192));
#12175 = ORIENTED_EDGE('',*,*,#12176,.F.);
#12176 = EDGE_CURVE('',#12137,#12177,#12179,.T.);
#12177 = VERTEX_POINT('',#12178);
#12178 = CARTESIAN_POINT('',(55.,44.5,4.6));
#12179 = LINE('',#12180,#12181);
#12180 = CARTESIAN_POINT('',(37.,44.5,4.6));
#12181 = VECTOR('',#12182,1.);
#12182 = DIRECTION('',(1.,0.,0.));
#12183 = ORIENTED_EDGE('',*,*,#12136,.T.);
#12184 = ORIENTED_EDGE('',*,*,#12185,.T.);
#12185 = EDGE_CURVE('',#12139,#12186,#12188,.T.);
#12186 = VERTEX_POINT('',#12187);
#12187 = CARTESIAN_POINT('',(55.,44.5,6.2));
#12188 = LINE('',#12189,#12190);
#12189 = CARTESIAN_POINT('',(37.,44.5,6.2));
#12190 = VECTOR('',#12191,1.);
#12191 = DIRECTION('',(1.,0.,0.));
#12192 = ORIENTED_EDGE('',*,*,#12193,.F.);
#12193 = EDGE_CURVE('',#12177,#12186,#12194,.T.);
#12194 = LINE('',#12195,#12196);
#12195 = CARTESIAN_POINT('',(55.,44.5,4.6));
#12196 = VECTOR('',#12197,1.);
#12197 = DIRECTION('',(0.,0.,1.));
#12198 = PLANE('',#12199);
#12199 = AXIS2_PLACEMENT_3D('',#12200,#12201,#12202);
#12200 = CARTESIAN_POINT('',(37.,44.5,4.6));
#12201 = DIRECTION('',(0.,1.,0.));
#12202 = DIRECTION('',(0.,0.,1.));
#12203 = ADVANCED_FACE('',(#12204),#12254,.T.);
#12204 = FACE_BOUND('',#12205,.T.);
#12205 = EDGE_LOOP('',(#12206,#12214,#12215,#12216,#12224,#12232,#12240,
    #12248));
#12206 = ORIENTED_EDGE('',*,*,#12207,.F.);
#12207 = EDGE_CURVE('',#12155,#12208,#12210,.T.);
#12208 = VERTEX_POINT('',#12209);
#12209 = CARTESIAN_POINT('',(55.,74.5,6.2));
#12210 = LINE('',#12211,#12212);
#12211 = CARTESIAN_POINT('',(37.,74.5,6.2));
#12212 = VECTOR('',#12213,1.);
#12213 = DIRECTION('',(1.,0.,0.));
#12214 = ORIENTED_EDGE('',*,*,#12162,.F.);
#12215 = ORIENTED_EDGE('',*,*,#12185,.T.);
#12216 = ORIENTED_EDGE('',*,*,#12217,.T.);
#12217 = EDGE_CURVE('',#12186,#12218,#12220,.T.);
#12218 = VERTEX_POINT('',#12219);
#12219 = CARTESIAN_POINT('',(55.,55.,6.2));
#12220 = LINE('',#12221,#12222);
#12221 = CARTESIAN_POINT('',(55.,44.5,6.2));
#12222 = VECTOR('',#12223,1.);
#12223 = DIRECTION('',(0.,1.,0.));
#12224 = ORIENTED_EDGE('',*,*,#12225,.T.);
#12225 = EDGE_CURVE('',#12218,#12226,#12228,.T.);
#12226 = VERTEX_POINT('',#12227);
#12227 = CARTESIAN_POINT('',(51.,55.,6.2));
#12228 = LINE('',#12229,#12230);
#12229 = CARTESIAN_POINT('',(44.,55.,6.2));
#12230 = VECTOR('',#12231,1.);
#12231 = DIRECTION('',(-1.,0.,0.));
#12232 = ORIENTED_EDGE('',*,*,#12233,.T.);
#12233 = EDGE_CURVE('',#12226,#12234,#12236,.T.);
#12234 = VERTEX_POINT('',#12235);
#12235 = CARTESIAN_POINT('',(51.,64.,6.2));
#12236 = LINE('',#12237,#12238);
#12237 = CARTESIAN_POINT('',(51.,49.75,6.2));
#12238 = VECTOR('',#12239,1.);
#12239 = DIRECTION('',(0.,1.,0.));
#12240 = ORIENTED_EDGE('',*,*,#12241,.F.);
#12241 = EDGE_CURVE('',#12242,#12234,#12244,.T.);
#12242 = VERTEX_POINT('',#12243);
#12243 = CARTESIAN_POINT('',(55.,64.,6.2));
#12244 = LINE('',#12245,#12246);
#12245 = CARTESIAN_POINT('',(44.,64.,6.2));
#12246 = VECTOR('',#12247,1.);
#12247 = DIRECTION('',(-1.,0.,0.));
#12248 = ORIENTED_EDGE('',*,*,#12249,.T.);
#12249 = EDGE_CURVE('',#12242,#12208,#12250,.T.);
#12250 = LINE('',#12251,#12252);
#12251 = CARTESIAN_POINT('',(55.,44.5,6.2));
#12252 = VECTOR('',#12253,1.);
#12253 = DIRECTION('',(0.,1.,0.));
#12254 = PLANE('',#12255);
#12255 = AXIS2_PLACEMENT_3D('',#12256,#12257,#12258);
#12256 = CARTESIAN_POINT('',(37.,44.5,6.2));
#12257 = DIRECTION('',(0.,0.,1.));
#12258 = DIRECTION('',(1.,0.,0.));
#12259 = ADVANCED_FACE('',(#12260),#12278,.T.);
#12260 = FACE_BOUND('',#12261,.T.);
#12261 = EDGE_LOOP('',(#12262,#12270,#12271,#12272));
#12262 = ORIENTED_EDGE('',*,*,#12263,.F.);
#12263 = EDGE_CURVE('',#12147,#12264,#12266,.T.);
#12264 = VERTEX_POINT('',#12265);
#12265 = CARTESIAN_POINT('',(55.,74.5,4.6));
#12266 = LINE('',#12267,#12268);
#12267 = CARTESIAN_POINT('',(37.,74.5,4.6));
#12268 = VECTOR('',#12269,1.);
#12269 = DIRECTION('',(1.,0.,0.));
#12270 = ORIENTED_EDGE('',*,*,#12154,.T.);
#12271 = ORIENTED_EDGE('',*,*,#12207,.T.);
#12272 = ORIENTED_EDGE('',*,*,#12273,.F.);
#12273 = EDGE_CURVE('',#12264,#12208,#12274,.T.);
#12274 = LINE('',#12275,#12276);
#12275 = CARTESIAN_POINT('',(55.,74.5,4.6));
#12276 = VECTOR('',#12277,1.);
#12277 = DIRECTION('',(0.,0.,1.));
#12278 = PLANE('',#12279);
#12279 = AXIS2_PLACEMENT_3D('',#12280,#12281,#12282);
#12280 = CARTESIAN_POINT('',(37.,74.5,4.6));
#12281 = DIRECTION('',(0.,1.,0.));
#12282 = DIRECTION('',(0.,0.,1.));
#12283 = ADVANCED_FACE('',(#12284),#12295,.F.);
#12284 = FACE_BOUND('',#12285,.F.);
#12285 = EDGE_LOOP('',(#12286,#12287,#12288,#12294));
#12286 = ORIENTED_EDGE('',*,*,#12146,.F.);
#12287 = ORIENTED_EDGE('',*,*,#12176,.T.);
#12288 = ORIENTED_EDGE('',*,*,#12289,.T.);
#12289 = EDGE_CURVE('',#12177,#12264,#12290,.T.);
#12290 = LINE('',#12291,#12292);
#12291 = CARTESIAN_POINT('',(55.,44.5,4.6));
#12292 = VECTOR('',#12293,1.);
#12293 = DIRECTION('',(0.,1.,0.));
#12294 = ORIENTED_EDGE('',*,*,#12263,.F.);
#12295 = PLANE('',#12296);
#12296 = AXIS2_PLACEMENT_3D('',#12297,#12298,#12299);
#12297 = CARTESIAN_POINT('',(37.,44.5,4.6));
#12298 = DIRECTION('',(0.,0.,1.));
#12299 = DIRECTION('',(1.,0.,0.));
#12300 = ADVANCED_FACE('',(#12301),#12330,.T.);
#12301 = FACE_BOUND('',#12302,.T.);
#12302 = EDGE_LOOP('',(#12303,#12304,#12305,#12306,#12307,#12308,#12316,
    #12324));
#12303 = ORIENTED_EDGE('',*,*,#12217,.F.);
#12304 = ORIENTED_EDGE('',*,*,#12193,.F.);
#12305 = ORIENTED_EDGE('',*,*,#12289,.T.);
#12306 = ORIENTED_EDGE('',*,*,#12273,.T.);
#12307 = ORIENTED_EDGE('',*,*,#12249,.F.);
#12308 = ORIENTED_EDGE('',*,*,#12309,.F.);
#12309 = EDGE_CURVE('',#12310,#12242,#12312,.T.);
#12310 = VERTEX_POINT('',#12311);
#12311 = CARTESIAN_POINT('',(55.,64.,5.6));
#12312 = LINE('',#12313,#12314);
#12313 = CARTESIAN_POINT('',(55.,64.,5.1));
#12314 = VECTOR('',#12315,1.);
#12315 = DIRECTION('',(0.,0.,1.));
#12316 = ORIENTED_EDGE('',*,*,#12317,.T.);
#12317 = EDGE_CURVE('',#12310,#12318,#12320,.T.);
#12318 = VERTEX_POINT('',#12319);
#12319 = CARTESIAN_POINT('',(55.,55.,5.6));
#12320 = LINE('',#12321,#12322);
#12321 = CARTESIAN_POINT('',(55.,49.75,5.6));
#12322 = VECTOR('',#12323,1.);
#12323 = DIRECTION('',(0.,-1.,0.));
#12324 = ORIENTED_EDGE('',*,*,#12325,.T.);
#12325 = EDGE_CURVE('',#12318,#12218,#12326,.T.);
#12326 = LINE('',#12327,#12328);
#12327 = CARTESIAN_POINT('',(55.,55.,5.1));
#12328 = VECTOR('',#12329,1.);
#12329 = DIRECTION('',(0.,0.,1.));
#12330 = PLANE('',#12331);
#12331 = AXIS2_PLACEMENT_3D('',#12332,#12333,#12334);
#12332 = CARTESIAN_POINT('',(55.,44.5,4.6));
#12333 = DIRECTION('',(1.,0.,0.));
#12334 = DIRECTION('',(0.,0.,1.));
#12335 = ADVANCED_FACE('',(#12336),#12370,.T.);
#12336 = FACE_BOUND('',#12337,.T.);
#12337 = EDGE_LOOP('',(#12338,#12346,#12347,#12348,#12356,#12364));
#12338 = ORIENTED_EDGE('',*,*,#12339,.F.);
#12339 = EDGE_CURVE('',#12310,#12340,#12342,.T.);
#12340 = VERTEX_POINT('',#12341);
#12341 = CARTESIAN_POINT('',(59.,64.,5.6));
#12342 = LINE('',#12343,#12344);
#12343 = CARTESIAN_POINT('',(51.,64.,5.6));
#12344 = VECTOR('',#12345,1.);
#12345 = DIRECTION('',(1.,0.,0.));
#12346 = ORIENTED_EDGE('',*,*,#12309,.T.);
#12347 = ORIENTED_EDGE('',*,*,#12241,.T.);
#12348 = ORIENTED_EDGE('',*,*,#12349,.T.);
#12349 = EDGE_CURVE('',#12234,#12350,#12352,.T.);
#12350 = VERTEX_POINT('',#12351);
#12351 = CARTESIAN_POINT('',(51.,64.,8.8));
#12352 = LINE('',#12353,#12354);
#12353 = CARTESIAN_POINT('',(51.,64.,5.6));
#12354 = VECTOR('',#12355,1.);
#12355 = DIRECTION('',(0.,0.,1.));
#12356 = ORIENTED_EDGE('',*,*,#12357,.T.);
#12357 = EDGE_CURVE('',#12350,#12358,#12360,.T.);
#12358 = VERTEX_POINT('',#12359);
#12359 = CARTESIAN_POINT('',(59.,64.,8.8));
#12360 = LINE('',#12361,#12362);
#12361 = CARTESIAN_POINT('',(51.,64.,8.8));
#12362 = VECTOR('',#12363,1.);
#12363 = DIRECTION('',(1.,0.,0.));
#12364 = ORIENTED_EDGE('',*,*,#12365,.F.);
#12365 = EDGE_CURVE('',#12340,#12358,#12366,.T.);
#12366 = LINE('',#12367,#12368);
#12367 = CARTESIAN_POINT('',(59.,64.,5.6));
#12368 = VECTOR('',#12369,1.);
#12369 = DIRECTION('',(0.,0.,1.));
#12370 = PLANE('',#12371);
#12371 = AXIS2_PLACEMENT_3D('',#12372,#12373,#12374);
#12372 = CARTESIAN_POINT('',(51.,64.,5.6));
#12373 = DIRECTION('',(0.,1.,0.));
#12374 = DIRECTION('',(0.,0.,1.));
#12375 = ADVANCED_FACE('',(#12376),#12394,.F.);
#12376 = FACE_BOUND('',#12377,.F.);
#12377 = EDGE_LOOP('',(#12378,#12386,#12387,#12388));
#12378 = ORIENTED_EDGE('',*,*,#12379,.F.);
#12379 = EDGE_CURVE('',#12226,#12380,#12382,.T.);
#12380 = VERTEX_POINT('',#12381);
#12381 = CARTESIAN_POINT('',(51.,55.,8.8));
#12382 = LINE('',#12383,#12384);
#12383 = CARTESIAN_POINT('',(51.,55.,5.6));
#12384 = VECTOR('',#12385,1.);
#12385 = DIRECTION('',(0.,0.,1.));
#12386 = ORIENTED_EDGE('',*,*,#12233,.T.);
#12387 = ORIENTED_EDGE('',*,*,#12349,.T.);
#12388 = ORIENTED_EDGE('',*,*,#12389,.F.);
#12389 = EDGE_CURVE('',#12380,#12350,#12390,.T.);
#12390 = LINE('',#12391,#12392);
#12391 = CARTESIAN_POINT('',(51.,55.,8.8));
#12392 = VECTOR('',#12393,1.);
#12393 = DIRECTION('',(0.,1.,0.));
#12394 = PLANE('',#12395);
#12395 = AXIS2_PLACEMENT_3D('',#12396,#12397,#12398);
#12396 = CARTESIAN_POINT('',(51.,55.,5.6));
#12397 = DIRECTION('',(1.,0.,0.));
#12398 = DIRECTION('',(0.,0.,1.));
#12399 = ADVANCED_FACE('',(#12400),#12427,.F.);
#12400 = FACE_BOUND('',#12401,.F.);
#12401 = EDGE_LOOP('',(#12402,#12410,#12411,#12412,#12413,#12421));
#12402 = ORIENTED_EDGE('',*,*,#12403,.F.);
#12403 = EDGE_CURVE('',#12318,#12404,#12406,.T.);
#12404 = VERTEX_POINT('',#12405);
#12405 = CARTESIAN_POINT('',(59.,55.,5.6));
#12406 = LINE('',#12407,#12408);
#12407 = CARTESIAN_POINT('',(51.,55.,5.6));
#12408 = VECTOR('',#12409,1.);
#12409 = DIRECTION('',(1.,0.,0.));
#12410 = ORIENTED_EDGE('',*,*,#12325,.T.);
#12411 = ORIENTED_EDGE('',*,*,#12225,.T.);
#12412 = ORIENTED_EDGE('',*,*,#12379,.T.);
#12413 = ORIENTED_EDGE('',*,*,#12414,.T.);
#12414 = EDGE_CURVE('',#12380,#12415,#12417,.T.);
#12415 = VERTEX_POINT('',#12416);
#12416 = CARTESIAN_POINT('',(59.,55.,8.8));
#12417 = LINE('',#12418,#12419);
#12418 = CARTESIAN_POINT('',(51.,55.,8.8));
#12419 = VECTOR('',#12420,1.);
#12420 = DIRECTION('',(1.,0.,0.));
#12421 = ORIENTED_EDGE('',*,*,#12422,.F.);
#12422 = EDGE_CURVE('',#12404,#12415,#12423,.T.);
#12423 = LINE('',#12424,#12425);
#12424 = CARTESIAN_POINT('',(59.,55.,5.6));
#12425 = VECTOR('',#12426,1.);
#12426 = DIRECTION('',(0.,0.,1.));
#12427 = PLANE('',#12428);
#12428 = AXIS2_PLACEMENT_3D('',#12429,#12430,#12431);
#12429 = CARTESIAN_POINT('',(51.,55.,5.6));
#12430 = DIRECTION('',(0.,1.,0.));
#12431 = DIRECTION('',(0.,0.,1.));
#12432 = ADVANCED_FACE('',(#12433),#12444,.F.);
#12433 = FACE_BOUND('',#12434,.F.);
#12434 = EDGE_LOOP('',(#12435,#12436,#12437,#12438));
#12435 = ORIENTED_EDGE('',*,*,#12339,.F.);
#12436 = ORIENTED_EDGE('',*,*,#12317,.T.);
#12437 = ORIENTED_EDGE('',*,*,#12403,.T.);
#12438 = ORIENTED_EDGE('',*,*,#12439,.T.);
#12439 = EDGE_CURVE('',#12404,#12340,#12440,.T.);
#12440 = LINE('',#12441,#12442);
#12441 = CARTESIAN_POINT('',(59.,55.,5.6));
#12442 = VECTOR('',#12443,1.);
#12443 = DIRECTION('',(0.,1.,0.));
#12444 = PLANE('',#12445);
#12445 = AXIS2_PLACEMENT_3D('',#12446,#12447,#12448);
#12446 = CARTESIAN_POINT('',(51.,55.,5.6));
#12447 = DIRECTION('',(0.,0.,1.));
#12448 = DIRECTION('',(1.,0.,0.));
#12449 = ADVANCED_FACE('',(#12450),#12461,.T.);
#12450 = FACE_BOUND('',#12451,.T.);
#12451 = EDGE_LOOP('',(#12452,#12453,#12454,#12455));
#12452 = ORIENTED_EDGE('',*,*,#12422,.F.);
#12453 = ORIENTED_EDGE('',*,*,#12439,.T.);
#12454 = ORIENTED_EDGE('',*,*,#12365,.T.);
#12455 = ORIENTED_EDGE('',*,*,#12456,.F.);
#12456 = EDGE_CURVE('',#12415,#12358,#12457,.T.);
#12457 = LINE('',#12458,#12459);
#12458 = CARTESIAN_POINT('',(59.,55.,8.8));
#12459 = VECTOR('',#12460,1.);
#12460 = DIRECTION('',(0.,1.,0.));
#12461 = PLANE('',#12462);
#12462 = AXIS2_PLACEMENT_3D('',#12463,#12464,#12465);
#12463 = CARTESIAN_POINT('',(59.,55.,5.6));
#12464 = DIRECTION('',(1.,0.,0.));
#12465 = DIRECTION('',(0.,0.,1.));
#12466 = ADVANCED_FACE('',(#12467),#12473,.T.);
#12467 = FACE_BOUND('',#12468,.T.);
#12468 = EDGE_LOOP('',(#12469,#12470,#12471,#12472));
#12469 = ORIENTED_EDGE('',*,*,#12389,.F.);
#12470 = ORIENTED_EDGE('',*,*,#12414,.T.);
#12471 = ORIENTED_EDGE('',*,*,#12456,.T.);
#12472 = ORIENTED_EDGE('',*,*,#12357,.F.);
#12473 = PLANE('',#12474);
#12474 = AXIS2_PLACEMENT_3D('',#12475,#12476,#12477);
#12475 = CARTESIAN_POINT('',(51.,55.,8.8));
#12476 = DIRECTION('',(0.,0.,1.));
#12477 = DIRECTION('',(1.,0.,0.));
#12478 = MANIFOLD_SOLID_BREP('',#12479);
#12479 = CLOSED_SHELL('',(#12480,#12520,#12551,#12609,#12633,#12650,
    #12662,#12693,#12717,#12741,#12758,#12804,#12835,#12859,#12883,
    #12900));
#12480 = ADVANCED_FACE('',(#12481),#12515,.F.);
#12481 = FACE_BOUND('',#12482,.F.);
#12482 = EDGE_LOOP('',(#12483,#12493,#12501,#12509));
#12483 = ORIENTED_EDGE('',*,*,#12484,.F.);
#12484 = EDGE_CURVE('',#12485,#12487,#12489,.T.);
#12485 = VERTEX_POINT('',#12486);
#12486 = CARTESIAN_POINT('',(18.5,8.,4.6));
#12487 = VERTEX_POINT('',#12488);
#12488 = CARTESIAN_POINT('',(18.5,8.,6.6));
#12489 = LINE('',#12490,#12491);
#12490 = CARTESIAN_POINT('',(18.5,8.,4.6));
#12491 = VECTOR('',#12492,1.);
#12492 = DIRECTION('',(0.,0.,1.));
#12493 = ORIENTED_EDGE('',*,*,#12494,.T.);
#12494 = EDGE_CURVE('',#12485,#12495,#12497,.T.);
#12495 = VERTEX_POINT('',#12496);
#12496 = CARTESIAN_POINT('',(18.5,45.,4.6));
#12497 = LINE('',#12498,#12499);
#12498 = CARTESIAN_POINT('',(18.5,8.,4.6));
#12499 = VECTOR('',#12500,1.);
#12500 = DIRECTION('',(0.,1.,0.));
#12501 = ORIENTED_EDGE('',*,*,#12502,.T.);
#12502 = EDGE_CURVE('',#12495,#12503,#12505,.T.);
#12503 = VERTEX_POINT('',#12504);
#12504 = CARTESIAN_POINT('',(18.5,45.,6.6));
#12505 = LINE('',#12506,#12507);
#12506 = CARTESIAN_POINT('',(18.5,45.,4.6));
#12507 = VECTOR('',#12508,1.);
#12508 = DIRECTION('',(0.,0.,1.));
#12509 = ORIENTED_EDGE('',*,*,#12510,.T.);
#12510 = EDGE_CURVE('',#12503,#12487,#12511,.T.);
#12511 = LINE('',#12512,#12513);
#12512 = CARTESIAN_POINT('',(18.5,7.25,6.6));
#12513 = VECTOR('',#12514,1.);
#12514 = DIRECTION('',(0.,-1.,0.));
#12515 = PLANE('',#12516);
#12516 = AXIS2_PLACEMENT_3D('',#12517,#12518,#12519);
#12517 = CARTESIAN_POINT('',(18.5,8.,4.6));
#12518 = DIRECTION('',(1.,0.,0.));
#12519 = DIRECTION('',(0.,0.,1.));
#12520 = ADVANCED_FACE('',(#12521),#12546,.F.);
#12521 = FACE_BOUND('',#12522,.F.);
#12522 = EDGE_LOOP('',(#12523,#12533,#12539,#12540));
#12523 = ORIENTED_EDGE('',*,*,#12524,.F.);
#12524 = EDGE_CURVE('',#12525,#12527,#12529,.T.);
#12525 = VERTEX_POINT('',#12526);
#12526 = CARTESIAN_POINT('',(43.5,8.,4.6));
#12527 = VERTEX_POINT('',#12528);
#12528 = CARTESIAN_POINT('',(43.5,8.,6.6));
#12529 = LINE('',#12530,#12531);
#12530 = CARTESIAN_POINT('',(43.5,8.,4.6));
#12531 = VECTOR('',#12532,1.);
#12532 = DIRECTION('',(0.,0.,1.));
#12533 = ORIENTED_EDGE('',*,*,#12534,.F.);
#12534 = EDGE_CURVE('',#12485,#12525,#12535,.T.);
#12535 = LINE('',#12536,#12537);
#12536 = CARTESIAN_POINT('',(18.5,8.,4.6));
#12537 = VECTOR('',#12538,1.);
#12538 = DIRECTION('',(1.,0.,0.));
#12539 = ORIENTED_EDGE('',*,*,#12484,.T.);
#12540 = ORIENTED_EDGE('',*,*,#12541,.T.);
#12541 = EDGE_CURVE('',#12487,#12527,#12542,.T.);
#12542 = LINE('',#12543,#12544);
#12543 = CARTESIAN_POINT('',(17.75,8.,6.6));
#12544 = VECTOR('',#12545,1.);
#12545 = DIRECTION('',(1.,0.,0.));
#12546 = PLANE('',#12547);
#12547 = AXIS2_PLACEMENT_3D('',#12548,#12549,#12550);
#12548 = CARTESIAN_POINT('',(18.5,8.,4.6));
#12549 = DIRECTION('',(0.,1.,0.));
#12550 = DIRECTION('',(0.,0.,1.));
#12551 = ADVANCED_FACE('',(#12552,#12586),#12604,.F.);
#12552 = FACE_BOUND('',#12553,.F.);
#12553 = EDGE_LOOP('',(#12554,#12564,#12572,#12580));
#12554 = ORIENTED_EDGE('',*,*,#12555,.F.);
#12555 = EDGE_CURVE('',#12556,#12558,#12560,.T.);
#12556 = VERTEX_POINT('',#12557);
#12557 = CARTESIAN_POINT('',(17.,6.5,6.6));
#12558 = VERTEX_POINT('',#12559);
#12559 = CARTESIAN_POINT('',(17.,46.5,6.6));
#12560 = LINE('',#12561,#12562);
#12561 = CARTESIAN_POINT('',(17.,6.5,6.6));
#12562 = VECTOR('',#12563,1.);
#12563 = DIRECTION('',(0.,1.,0.));
#12564 = ORIENTED_EDGE('',*,*,#12565,.T.);
#12565 = EDGE_CURVE('',#12556,#12566,#12568,.T.);
#12566 = VERTEX_POINT('',#12567);
#12567 = CARTESIAN_POINT('',(45.,6.5,6.6));
#12568 = LINE('',#12569,#12570);
#12569 = CARTESIAN_POINT('',(17.,6.5,6.6));
#12570 = VECTOR('',#12571,1.);
#12571 = DIRECTION('',(1.,0.,0.));
#12572 = ORIENTED_EDGE('',*,*,#12573,.T.);
#12573 = EDGE_CURVE('',#12566,#12574,#12576,.T.);
#12574 = VERTEX_POINT('',#12575);
#12575 = CARTESIAN_POINT('',(45.,46.5,6.6));
#12576 = LINE('',#12577,#12578);
#12577 = CARTESIAN_POINT('',(45.,6.5,6.6));
#12578 = VECTOR('',#12579,1.);
#12579 = DIRECTION('',(0.,1.,0.));
#12580 = ORIENTED_EDGE('',*,*,#12581,.F.);
#12581 = EDGE_CURVE('',#12558,#12574,#12582,.T.);
#12582 = LINE('',#12583,#12584);
#12583 = CARTESIAN_POINT('',(17.,46.5,6.6));
#12584 = VECTOR('',#12585,1.);
#12585 = DIRECTION('',(1.,0.,0.));
#12586 = FACE_BOUND('',#12587,.F.);
#12587 = EDGE_LOOP('',(#12588,#12589,#12597,#12603));
#12588 = ORIENTED_EDGE('',*,*,#12510,.F.);
#12589 = ORIENTED_EDGE('',*,*,#12590,.T.);
#12590 = EDGE_CURVE('',#12503,#12591,#12593,.T.);
#12591 = VERTEX_POINT('',#12592);
#12592 = CARTESIAN_POINT('',(43.5,45.,6.6));
#12593 = LINE('',#12594,#12595);
#12594 = CARTESIAN_POINT('',(17.75,45.,6.6));
#12595 = VECTOR('',#12596,1.);
#12596 = DIRECTION('',(1.,0.,0.));
#12597 = ORIENTED_EDGE('',*,*,#12598,.T.);
#12598 = EDGE_CURVE('',#12591,#12527,#12599,.T.);
#12599 = LINE('',#12600,#12601);
#12600 = CARTESIAN_POINT('',(43.5,7.25,6.6));
#12601 = VECTOR('',#12602,1.);
#12602 = DIRECTION('',(0.,-1.,0.));
#12603 = ORIENTED_EDGE('',*,*,#12541,.F.);
#12604 = PLANE('',#12605);
#12605 = AXIS2_PLACEMENT_3D('',#12606,#12607,#12608);
#12606 = CARTESIAN_POINT('',(17.,6.5,6.6));
#12607 = DIRECTION('',(0.,0.,1.));
#12608 = DIRECTION('',(1.,0.,0.));
#12609 = ADVANCED_FACE('',(#12610),#12628,.T.);
#12610 = FACE_BOUND('',#12611,.T.);
#12611 = EDGE_LOOP('',(#12612,#12620,#12626,#12627));
#12612 = ORIENTED_EDGE('',*,*,#12613,.F.);
#12613 = EDGE_CURVE('',#12614,#12591,#12616,.T.);
#12614 = VERTEX_POINT('',#12615);
#12615 = CARTESIAN_POINT('',(43.5,45.,4.6));
#12616 = LINE('',#12617,#12618);
#12617 = CARTESIAN_POINT('',(43.5,45.,4.6));
#12618 = VECTOR('',#12619,1.);
#12619 = DIRECTION('',(0.,0.,1.));
#12620 = ORIENTED_EDGE('',*,*,#12621,.F.);
#12621 = EDGE_CURVE('',#12495,#12614,#12622,.T.);
#12622 = LINE('',#12623,#12624);
#12623 = CARTESIAN_POINT('',(18.5,45.,4.6));
#12624 = VECTOR('',#12625,1.);
#12625 = DIRECTION('',(1.,0.,0.));
#12626 = ORIENTED_EDGE('',*,*,#12502,.T.);
#12627 = ORIENTED_EDGE('',*,*,#12590,.T.);
#12628 = PLANE('',#12629);
#12629 = AXIS2_PLACEMENT_3D('',#12630,#12631,#12632);
#12630 = CARTESIAN_POINT('',(18.5,45.,4.6));
#12631 = DIRECTION('',(0.,1.,0.));
#12632 = DIRECTION('',(0.,0.,1.));
#12633 = ADVANCED_FACE('',(#12634),#12645,.F.);
#12634 = FACE_BOUND('',#12635,.F.);
#12635 = EDGE_LOOP('',(#12636,#12637,#12638,#12644));
#12636 = ORIENTED_EDGE('',*,*,#12494,.F.);
#12637 = ORIENTED_EDGE('',*,*,#12534,.T.);
#12638 = ORIENTED_EDGE('',*,*,#12639,.T.);
#12639 = EDGE_CURVE('',#12525,#12614,#12640,.T.);
#12640 = LINE('',#12641,#12642);
#12641 = CARTESIAN_POINT('',(43.5,8.,4.6));
#12642 = VECTOR('',#12643,1.);
#12643 = DIRECTION('',(0.,1.,0.));
#12644 = ORIENTED_EDGE('',*,*,#12621,.F.);
#12645 = PLANE('',#12646);
#12646 = AXIS2_PLACEMENT_3D('',#12647,#12648,#12649);
#12647 = CARTESIAN_POINT('',(18.5,8.,4.6));
#12648 = DIRECTION('',(0.,0.,1.));
#12649 = DIRECTION('',(1.,0.,0.));
#12650 = ADVANCED_FACE('',(#12651),#12657,.T.);
#12651 = FACE_BOUND('',#12652,.T.);
#12652 = EDGE_LOOP('',(#12653,#12654,#12655,#12656));
#12653 = ORIENTED_EDGE('',*,*,#12524,.F.);
#12654 = ORIENTED_EDGE('',*,*,#12639,.T.);
#12655 = ORIENTED_EDGE('',*,*,#12613,.T.);
#12656 = ORIENTED_EDGE('',*,*,#12598,.T.);
#12657 = PLANE('',#12658);
#12658 = AXIS2_PLACEMENT_3D('',#12659,#12660,#12661);
#12659 = CARTESIAN_POINT('',(43.5,8.,4.6));
#12660 = DIRECTION('',(1.,0.,0.));
#12661 = DIRECTION('',(0.,0.,1.));
#12662 = ADVANCED_FACE('',(#12663),#12688,.F.);
#12663 = FACE_BOUND('',#12664,.F.);
#12664 = EDGE_LOOP('',(#12665,#12673,#12674,#12682));
#12665 = ORIENTED_EDGE('',*,*,#12666,.F.);
#12666 = EDGE_CURVE('',#12556,#12667,#12669,.T.);
#12667 = VERTEX_POINT('',#12668);
#12668 = CARTESIAN_POINT('',(17.,6.5,7.4));
#12669 = LINE('',#12670,#12671);
#12670 = CARTESIAN_POINT('',(17.,6.5,6.6));
#12671 = VECTOR('',#12672,1.);
#12672 = DIRECTION('',(0.,0.,1.));
#12673 = ORIENTED_EDGE('',*,*,#12555,.T.);
#12674 = ORIENTED_EDGE('',*,*,#12675,.T.);
#12675 = EDGE_CURVE('',#12558,#12676,#12678,.T.);
#12676 = VERTEX_POINT('',#12677);
#12677 = CARTESIAN_POINT('',(17.,46.5,7.4));
#12678 = LINE('',#12679,#12680);
#12679 = CARTESIAN_POINT('',(17.,46.5,6.6));
#12680 = VECTOR('',#12681,1.);
#12681 = DIRECTION('',(0.,0.,1.));
#12682 = ORIENTED_EDGE('',*,*,#12683,.F.);
#12683 = EDGE_CURVE('',#12667,#12676,#12684,.T.);
#12684 = LINE('',#12685,#12686);
#12685 = CARTESIAN_POINT('',(17.,6.5,7.4));
#12686 = VECTOR('',#12687,1.);
#12687 = DIRECTION('',(0.,1.,0.));
#12688 = PLANE('',#12689);
#12689 = AXIS2_PLACEMENT_3D('',#12690,#12691,#12692);
#12690 = CARTESIAN_POINT('',(17.,6.5,6.6));
#12691 = DIRECTION('',(1.,0.,0.));
#12692 = DIRECTION('',(0.,0.,1.));
#12693 = ADVANCED_FACE('',(#12694),#12712,.T.);
#12694 = FACE_BOUND('',#12695,.T.);
#12695 = EDGE_LOOP('',(#12696,#12697,#12698,#12706));
#12696 = ORIENTED_EDGE('',*,*,#12581,.F.);
#12697 = ORIENTED_EDGE('',*,*,#12675,.T.);
#12698 = ORIENTED_EDGE('',*,*,#12699,.T.);
#12699 = EDGE_CURVE('',#12676,#12700,#12702,.T.);
#12700 = VERTEX_POINT('',#12701);
#12701 = CARTESIAN_POINT('',(45.,46.5,7.4));
#12702 = LINE('',#12703,#12704);
#12703 = CARTESIAN_POINT('',(17.,46.5,7.4));
#12704 = VECTOR('',#12705,1.);
#12705 = DIRECTION('',(1.,0.,0.));
#12706 = ORIENTED_EDGE('',*,*,#12707,.F.);
#12707 = EDGE_CURVE('',#12574,#12700,#12708,.T.);
#12708 = LINE('',#12709,#12710);
#12709 = CARTESIAN_POINT('',(45.,46.5,6.6));
#12710 = VECTOR('',#12711,1.);
#12711 = DIRECTION('',(0.,0.,1.));
#12712 = PLANE('',#12713);
#12713 = AXIS2_PLACEMENT_3D('',#12714,#12715,#12716);
#12714 = CARTESIAN_POINT('',(17.,46.5,6.6));
#12715 = DIRECTION('',(0.,1.,0.));
#12716 = DIRECTION('',(0.,0.,1.));
#12717 = ADVANCED_FACE('',(#12718),#12736,.F.);
#12718 = FACE_BOUND('',#12719,.F.);
#12719 = EDGE_LOOP('',(#12720,#12721,#12722,#12730));
#12720 = ORIENTED_EDGE('',*,*,#12565,.F.);
#12721 = ORIENTED_EDGE('',*,*,#12666,.T.);
#12722 = ORIENTED_EDGE('',*,*,#12723,.T.);
#12723 = EDGE_CURVE('',#12667,#12724,#12726,.T.);
#12724 = VERTEX_POINT('',#12725);
#12725 = CARTESIAN_POINT('',(45.,6.5,7.4));
#12726 = LINE('',#12727,#12728);
#12727 = CARTESIAN_POINT('',(17.,6.5,7.4));
#12728 = VECTOR('',#12729,1.);
#12729 = DIRECTION('',(1.,0.,0.));
#12730 = ORIENTED_EDGE('',*,*,#12731,.F.);
#12731 = EDGE_CURVE('',#12566,#12724,#12732,.T.);
#12732 = LINE('',#12733,#12734);
#12733 = CARTESIAN_POINT('',(45.,6.5,6.6));
#12734 = VECTOR('',#12735,1.);
#12735 = DIRECTION('',(0.,0.,1.));
#12736 = PLANE('',#12737);
#12737 = AXIS2_PLACEMENT_3D('',#12738,#12739,#12740);
#12738 = CARTESIAN_POINT('',(17.,6.5,6.6));
#12739 = DIRECTION('',(0.,1.,0.));
#12740 = DIRECTION('',(0.,0.,1.));
#12741 = ADVANCED_FACE('',(#12742),#12753,.T.);
#12742 = FACE_BOUND('',#12743,.T.);
#12743 = EDGE_LOOP('',(#12744,#12745,#12746,#12747));
#12744 = ORIENTED_EDGE('',*,*,#12731,.F.);
#12745 = ORIENTED_EDGE('',*,*,#12573,.T.);
#12746 = ORIENTED_EDGE('',*,*,#12707,.T.);
#12747 = ORIENTED_EDGE('',*,*,#12748,.F.);
#12748 = EDGE_CURVE('',#12724,#12700,#12749,.T.);
#12749 = LINE('',#12750,#12751);
#12750 = CARTESIAN_POINT('',(45.,6.5,7.4));
#12751 = VECTOR('',#12752,1.);
#12752 = DIRECTION('',(0.,1.,0.));
#12753 = PLANE('',#12754);
#12754 = AXIS2_PLACEMENT_3D('',#12755,#12756,#12757);
#12755 = CARTESIAN_POINT('',(45.,6.5,6.6));
#12756 = DIRECTION('',(1.,0.,0.));
#12757 = DIRECTION('',(0.,0.,1.));
#12758 = ADVANCED_FACE('',(#12759,#12765),#12799,.T.);
#12759 = FACE_BOUND('',#12760,.T.);
#12760 = EDGE_LOOP('',(#12761,#12762,#12763,#12764));
#12761 = ORIENTED_EDGE('',*,*,#12683,.F.);
#12762 = ORIENTED_EDGE('',*,*,#12723,.T.);
#12763 = ORIENTED_EDGE('',*,*,#12748,.T.);
#12764 = ORIENTED_EDGE('',*,*,#12699,.F.);
#12765 = FACE_BOUND('',#12766,.T.);
#12766 = EDGE_LOOP('',(#12767,#12777,#12785,#12793));
#12767 = ORIENTED_EDGE('',*,*,#12768,.F.);
#12768 = EDGE_CURVE('',#12769,#12771,#12773,.T.);
#12769 = VERTEX_POINT('',#12770);
#12770 = CARTESIAN_POINT('',(18.5,45.,7.4));
#12771 = VERTEX_POINT('',#12772);
#12772 = CARTESIAN_POINT('',(18.5,8.,7.4));
#12773 = LINE('',#12774,#12775);
#12774 = CARTESIAN_POINT('',(18.5,7.25,7.4));
#12775 = VECTOR('',#12776,1.);
#12776 = DIRECTION('',(0.,-1.,0.));
#12777 = ORIENTED_EDGE('',*,*,#12778,.T.);
#12778 = EDGE_CURVE('',#12769,#12779,#12781,.T.);
#12779 = VERTEX_POINT('',#12780);
#12780 = CARTESIAN_POINT('',(43.5,45.,7.4));
#12781 = LINE('',#12782,#12783);
#12782 = CARTESIAN_POINT('',(17.75,45.,7.4));
#12783 = VECTOR('',#12784,1.);
#12784 = DIRECTION('',(1.,0.,0.));
#12785 = ORIENTED_EDGE('',*,*,#12786,.T.);
#12786 = EDGE_CURVE('',#12779,#12787,#12789,.T.);
#12787 = VERTEX_POINT('',#12788);
#12788 = CARTESIAN_POINT('',(43.5,8.,7.4));
#12789 = LINE('',#12790,#12791);
#12790 = CARTESIAN_POINT('',(43.5,7.25,7.4));
#12791 = VECTOR('',#12792,1.);
#12792 = DIRECTION('',(0.,-1.,0.));
#12793 = ORIENTED_EDGE('',*,*,#12794,.F.);
#12794 = EDGE_CURVE('',#12771,#12787,#12795,.T.);
#12795 = LINE('',#12796,#12797);
#12796 = CARTESIAN_POINT('',(17.75,8.,7.4));
#12797 = VECTOR('',#12798,1.);
#12798 = DIRECTION('',(1.,0.,0.));
#12799 = PLANE('',#12800);
#12800 = AXIS2_PLACEMENT_3D('',#12801,#12802,#12803);
#12801 = CARTESIAN_POINT('',(17.,6.5,7.4));
#12802 = DIRECTION('',(0.,0.,1.));
#12803 = DIRECTION('',(1.,0.,0.));
#12804 = ADVANCED_FACE('',(#12805),#12830,.F.);
#12805 = FACE_BOUND('',#12806,.F.);
#12806 = EDGE_LOOP('',(#12807,#12815,#12816,#12824));
#12807 = ORIENTED_EDGE('',*,*,#12808,.F.);
#12808 = EDGE_CURVE('',#12771,#12809,#12811,.T.);
#12809 = VERTEX_POINT('',#12810);
#12810 = CARTESIAN_POINT('',(18.5,8.,9.6));
#12811 = LINE('',#12812,#12813);
#12812 = CARTESIAN_POINT('',(18.5,8.,4.6));
#12813 = VECTOR('',#12814,1.);
#12814 = DIRECTION('',(0.,0.,1.));
#12815 = ORIENTED_EDGE('',*,*,#12768,.F.);
#12816 = ORIENTED_EDGE('',*,*,#12817,.T.);
#12817 = EDGE_CURVE('',#12769,#12818,#12820,.T.);
#12818 = VERTEX_POINT('',#12819);
#12819 = CARTESIAN_POINT('',(18.5,45.,9.6));
#12820 = LINE('',#12821,#12822);
#12821 = CARTESIAN_POINT('',(18.5,45.,4.6));
#12822 = VECTOR('',#12823,1.);
#12823 = DIRECTION('',(0.,0.,1.));
#12824 = ORIENTED_EDGE('',*,*,#12825,.F.);
#12825 = EDGE_CURVE('',#12809,#12818,#12826,.T.);
#12826 = LINE('',#12827,#12828);
#12827 = CARTESIAN_POINT('',(18.5,8.,9.6));
#12828 = VECTOR('',#12829,1.);
#12829 = DIRECTION('',(0.,1.,0.));
#12830 = PLANE('',#12831);
#12831 = AXIS2_PLACEMENT_3D('',#12832,#12833,#12834);
#12832 = CARTESIAN_POINT('',(18.5,8.,4.6));
#12833 = DIRECTION('',(1.,0.,0.));
#12834 = DIRECTION('',(0.,0.,1.));
#12835 = ADVANCED_FACE('',(#12836),#12854,.F.);
#12836 = FACE_BOUND('',#12837,.F.);
#12837 = EDGE_LOOP('',(#12838,#12846,#12847,#12848));
#12838 = ORIENTED_EDGE('',*,*,#12839,.F.);
#12839 = EDGE_CURVE('',#12787,#12840,#12842,.T.);
#12840 = VERTEX_POINT('',#12841);
#12841 = CARTESIAN_POINT('',(43.5,8.,9.6));
#12842 = LINE('',#12843,#12844);
#12843 = CARTESIAN_POINT('',(43.5,8.,4.6));
#12844 = VECTOR('',#12845,1.);
#12845 = DIRECTION('',(0.,0.,1.));
#12846 = ORIENTED_EDGE('',*,*,#12794,.F.);
#12847 = ORIENTED_EDGE('',*,*,#12808,.T.);
#12848 = ORIENTED_EDGE('',*,*,#12849,.T.);
#12849 = EDGE_CURVE('',#12809,#12840,#12850,.T.);
#12850 = LINE('',#12851,#12852);
#12851 = CARTESIAN_POINT('',(18.5,8.,9.6));
#12852 = VECTOR('',#12853,1.);
#12853 = DIRECTION('',(1.,0.,0.));
#12854 = PLANE('',#12855);
#12855 = AXIS2_PLACEMENT_3D('',#12856,#12857,#12858);
#12856 = CARTESIAN_POINT('',(18.5,8.,4.6));
#12857 = DIRECTION('',(0.,1.,0.));
#12858 = DIRECTION('',(0.,0.,1.));
#12859 = ADVANCED_FACE('',(#12860),#12878,.T.);
#12860 = FACE_BOUND('',#12861,.T.);
#12861 = EDGE_LOOP('',(#12862,#12863,#12864,#12872));
#12862 = ORIENTED_EDGE('',*,*,#12839,.F.);
#12863 = ORIENTED_EDGE('',*,*,#12786,.F.);
#12864 = ORIENTED_EDGE('',*,*,#12865,.T.);
#12865 = EDGE_CURVE('',#12779,#12866,#12868,.T.);
#12866 = VERTEX_POINT('',#12867);
#12867 = CARTESIAN_POINT('',(43.5,45.,9.6));
#12868 = LINE('',#12869,#12870);
#12869 = CARTESIAN_POINT('',(43.5,45.,4.6));
#12870 = VECTOR('',#12871,1.);
#12871 = DIRECTION('',(0.,0.,1.));
#12872 = ORIENTED_EDGE('',*,*,#12873,.F.);
#12873 = EDGE_CURVE('',#12840,#12866,#12874,.T.);
#12874 = LINE('',#12875,#12876);
#12875 = CARTESIAN_POINT('',(43.5,8.,9.6));
#12876 = VECTOR('',#12877,1.);
#12877 = DIRECTION('',(0.,1.,0.));
#12878 = PLANE('',#12879);
#12879 = AXIS2_PLACEMENT_3D('',#12880,#12881,#12882);
#12880 = CARTESIAN_POINT('',(43.5,8.,4.6));
#12881 = DIRECTION('',(1.,0.,0.));
#12882 = DIRECTION('',(0.,0.,1.));
#12883 = ADVANCED_FACE('',(#12884),#12895,.T.);
#12884 = FACE_BOUND('',#12885,.T.);
#12885 = EDGE_LOOP('',(#12886,#12887,#12888,#12889));
#12886 = ORIENTED_EDGE('',*,*,#12865,.F.);
#12887 = ORIENTED_EDGE('',*,*,#12778,.F.);
#12888 = ORIENTED_EDGE('',*,*,#12817,.T.);
#12889 = ORIENTED_EDGE('',*,*,#12890,.T.);
#12890 = EDGE_CURVE('',#12818,#12866,#12891,.T.);
#12891 = LINE('',#12892,#12893);
#12892 = CARTESIAN_POINT('',(18.5,45.,9.6));
#12893 = VECTOR('',#12894,1.);
#12894 = DIRECTION('',(1.,0.,0.));
#12895 = PLANE('',#12896);
#12896 = AXIS2_PLACEMENT_3D('',#12897,#12898,#12899);
#12897 = CARTESIAN_POINT('',(18.5,45.,4.6));
#12898 = DIRECTION('',(0.,1.,0.));
#12899 = DIRECTION('',(0.,0.,1.));
#12900 = ADVANCED_FACE('',(#12901),#12907,.T.);
#12901 = FACE_BOUND('',#12902,.T.);
#12902 = EDGE_LOOP('',(#12903,#12904,#12905,#12906));
#12903 = ORIENTED_EDGE('',*,*,#12825,.F.);
#12904 = ORIENTED_EDGE('',*,*,#12849,.T.);
#12905 = ORIENTED_EDGE('',*,*,#12873,.T.);
#12906 = ORIENTED_EDGE('',*,*,#12890,.F.);
#12907 = PLANE('',#12908);
#12908 = AXIS2_PLACEMENT_3D('',#12909,#12910,#12911);
#12909 = CARTESIAN_POINT('',(18.5,8.,9.6));
#12910 = DIRECTION('',(0.,0.,1.));
#12911 = DIRECTION('',(1.,0.,0.));
#12912 = MANIFOLD_SOLID_BREP('',#12913);
#12913 = CLOSED_SHELL('',(#12914,#12954,#12985,#13016,#13065,#13210,
    #13227,#13301,#13318,#13335,#13347,#13371,#13450,#13474,#13498,
    #13522,#13546,#13570,#13594,#13611,#13628,#13640,#13662,#13679,
    #13696,#13713,#13752));
#12914 = ADVANCED_FACE('',(#12915),#12949,.F.);
#12915 = FACE_BOUND('',#12916,.F.);
#12916 = EDGE_LOOP('',(#12917,#12927,#12935,#12943));
#12917 = ORIENTED_EDGE('',*,*,#12918,.T.);
#12918 = EDGE_CURVE('',#12919,#12921,#12923,.T.);
#12919 = VERTEX_POINT('',#12920);
#12920 = CARTESIAN_POINT('',(8.,0.,2.));
#12921 = VERTEX_POINT('',#12922);
#12922 = CARTESIAN_POINT('',(8.,0.,36.));
#12923 = LINE('',#12924,#12925);
#12924 = CARTESIAN_POINT('',(8.,0.,2.));
#12925 = VECTOR('',#12926,1.);
#12926 = DIRECTION('',(0.,0.,1.));
#12927 = ORIENTED_EDGE('',*,*,#12928,.T.);
#12928 = EDGE_CURVE('',#12921,#12929,#12931,.T.);
#12929 = VERTEX_POINT('',#12930);
#12930 = CARTESIAN_POINT('',(54.,0.,36.));
#12931 = LINE('',#12932,#12933);
#12932 = CARTESIAN_POINT('',(8.,0.,36.));
#12933 = VECTOR('',#12934,1.);
#12934 = DIRECTION('',(1.,0.,0.));
#12935 = ORIENTED_EDGE('',*,*,#12936,.F.);
#12936 = EDGE_CURVE('',#12937,#12929,#12939,.T.);
#12937 = VERTEX_POINT('',#12938);
#12938 = CARTESIAN_POINT('',(54.,0.,2.));
#12939 = LINE('',#12940,#12941);
#12940 = CARTESIAN_POINT('',(54.,0.,2.));
#12941 = VECTOR('',#12942,1.);
#12942 = DIRECTION('',(0.,0.,1.));
#12943 = ORIENTED_EDGE('',*,*,#12944,.F.);
#12944 = EDGE_CURVE('',#12919,#12937,#12945,.T.);
#12945 = LINE('',#12946,#12947);
#12946 = CARTESIAN_POINT('',(8.,0.,2.));
#12947 = VECTOR('',#12948,1.);
#12948 = DIRECTION('',(1.,0.,0.));
#12949 = PLANE('',#12950);
#12950 = AXIS2_PLACEMENT_3D('',#12951,#12952,#12953);
#12951 = CARTESIAN_POINT('',(8.,0.,2.));
#12952 = DIRECTION('',(0.,1.,0.));
#12953 = DIRECTION('',(1.,0.,0.));
#12954 = ADVANCED_FACE('',(#12955),#12980,.F.);
#12955 = FACE_BOUND('',#12956,.F.);
#12956 = EDGE_LOOP('',(#12957,#12967,#12973,#12974));
#12957 = ORIENTED_EDGE('',*,*,#12958,.T.);
#12958 = EDGE_CURVE('',#12959,#12961,#12963,.T.);
#12959 = VERTEX_POINT('',#12960);
#12960 = CARTESIAN_POINT('',(0.,8.,2.));
#12961 = VERTEX_POINT('',#12962);
#12962 = CARTESIAN_POINT('',(0.,8.,36.));
#12963 = LINE('',#12964,#12965);
#12964 = CARTESIAN_POINT('',(0.,8.,2.));
#12965 = VECTOR('',#12966,1.);
#12966 = DIRECTION('',(0.,0.,1.));
#12967 = ORIENTED_EDGE('',*,*,#12968,.T.);
#12968 = EDGE_CURVE('',#12961,#12921,#12969,.T.);
#12969 = LINE('',#12970,#12971);
#12970 = CARTESIAN_POINT('',(0.,8.,36.));
#12971 = VECTOR('',#12972,1.);
#12972 = DIRECTION('',(0.707106781187,-0.707106781187,0.));
#12973 = ORIENTED_EDGE('',*,*,#12918,.F.);
#12974 = ORIENTED_EDGE('',*,*,#12975,.F.);
#12975 = EDGE_CURVE('',#12959,#12919,#12976,.T.);
#12976 = LINE('',#12977,#12978);
#12977 = CARTESIAN_POINT('',(0.,8.,2.));
#12978 = VECTOR('',#12979,1.);
#12979 = DIRECTION('',(0.707106781187,-0.707106781187,0.));
#12980 = PLANE('',#12981);
#12981 = AXIS2_PLACEMENT_3D('',#12982,#12983,#12984);
#12982 = CARTESIAN_POINT('',(0.,8.,2.));
#12983 = DIRECTION('',(0.707106781187,0.707106781187,0.));
#12984 = DIRECTION('',(0.707106781187,-0.707106781187,0.));
#12985 = ADVANCED_FACE('',(#12986),#13011,.F.);
#12986 = FACE_BOUND('',#12987,.F.);
#12987 = EDGE_LOOP('',(#12988,#12989,#12997,#13005));
#12988 = ORIENTED_EDGE('',*,*,#12936,.T.);
#12989 = ORIENTED_EDGE('',*,*,#12990,.T.);
#12990 = EDGE_CURVE('',#12929,#12991,#12993,.T.);
#12991 = VERTEX_POINT('',#12992);
#12992 = CARTESIAN_POINT('',(62.,8.,36.));
#12993 = LINE('',#12994,#12995);
#12994 = CARTESIAN_POINT('',(54.,0.,36.));
#12995 = VECTOR('',#12996,1.);
#12996 = DIRECTION('',(0.707106781187,0.707106781187,0.));
#12997 = ORIENTED_EDGE('',*,*,#12998,.F.);
#12998 = EDGE_CURVE('',#12999,#12991,#13001,.T.);
#12999 = VERTEX_POINT('',#13000);
#13000 = CARTESIAN_POINT('',(62.,8.,2.));
#13001 = LINE('',#13002,#13003);
#13002 = CARTESIAN_POINT('',(62.,8.,2.));
#13003 = VECTOR('',#13004,1.);
#13004 = DIRECTION('',(0.,0.,1.));
#13005 = ORIENTED_EDGE('',*,*,#13006,.F.);
#13006 = EDGE_CURVE('',#12937,#12999,#13007,.T.);
#13007 = LINE('',#13008,#13009);
#13008 = CARTESIAN_POINT('',(54.,0.,2.));
#13009 = VECTOR('',#13010,1.);
#13010 = DIRECTION('',(0.707106781187,0.707106781187,0.));
#13011 = PLANE('',#13012);
#13012 = AXIS2_PLACEMENT_3D('',#13013,#13014,#13015);
#13013 = CARTESIAN_POINT('',(54.,0.,2.));
#13014 = DIRECTION('',(-0.707106781187,0.707106781187,0.));
#13015 = DIRECTION('',(0.707106781187,0.707106781187,0.));
#13016 = ADVANCED_FACE('',(#13017),#13060,.F.);
#13017 = FACE_BOUND('',#13018,.F.);
#13018 = EDGE_LOOP('',(#13019,#13020,#13021,#13029,#13037,#13045,#13053,
    #13059));
#13019 = ORIENTED_EDGE('',*,*,#12944,.T.);
#13020 = ORIENTED_EDGE('',*,*,#13006,.T.);
#13021 = ORIENTED_EDGE('',*,*,#13022,.T.);
#13022 = EDGE_CURVE('',#12999,#13023,#13025,.T.);
#13023 = VERTEX_POINT('',#13024);
#13024 = CARTESIAN_POINT('',(62.,82.,2.));
#13025 = LINE('',#13026,#13027);
#13026 = CARTESIAN_POINT('',(62.,8.,2.));
#13027 = VECTOR('',#13028,1.);
#13028 = DIRECTION('',(0.,1.,0.));
#13029 = ORIENTED_EDGE('',*,*,#13030,.T.);
#13030 = EDGE_CURVE('',#13023,#13031,#13033,.T.);
#13031 = VERTEX_POINT('',#13032);
#13032 = CARTESIAN_POINT('',(54.,90.,2.));
#13033 = LINE('',#13034,#13035);
#13034 = CARTESIAN_POINT('',(62.,82.,2.));
#13035 = VECTOR('',#13036,1.);
#13036 = DIRECTION('',(-0.707106781187,0.707106781187,0.));
#13037 = ORIENTED_EDGE('',*,*,#13038,.T.);
#13038 = EDGE_CURVE('',#13031,#13039,#13041,.T.);
#13039 = VERTEX_POINT('',#13040);
#13040 = CARTESIAN_POINT('',(8.,90.,2.));
#13041 = LINE('',#13042,#13043);
#13042 = CARTESIAN_POINT('',(54.,90.,2.));
#13043 = VECTOR('',#13044,1.);
#13044 = DIRECTION('',(-1.,0.,0.));
#13045 = ORIENTED_EDGE('',*,*,#13046,.T.);
#13046 = EDGE_CURVE('',#13039,#13047,#13049,.T.);
#13047 = VERTEX_POINT('',#13048);
#13048 = CARTESIAN_POINT('',(0.,82.,2.));
#13049 = LINE('',#13050,#13051);
#13050 = CARTESIAN_POINT('',(8.,90.,2.));
#13051 = VECTOR('',#13052,1.);
#13052 = DIRECTION('',(-0.707106781187,-0.707106781187,0.));
#13053 = ORIENTED_EDGE('',*,*,#13054,.T.);
#13054 = EDGE_CURVE('',#13047,#12959,#13055,.T.);
#13055 = LINE('',#13056,#13057);
#13056 = CARTESIAN_POINT('',(0.,82.,2.));
#13057 = VECTOR('',#13058,1.);
#13058 = DIRECTION('',(0.,-1.,0.));
#13059 = ORIENTED_EDGE('',*,*,#12975,.T.);
#13060 = PLANE('',#13061);
#13061 = AXIS2_PLACEMENT_3D('',#13062,#13063,#13064);
#13062 = CARTESIAN_POINT('',(31.,45.,2.));
#13063 = DIRECTION('',(0.,0.,1.));
#13064 = DIRECTION('',(1.,0.,0.));
#13065 = ADVANCED_FACE('',(#13066),#13205,.T.);
#13066 = FACE_BOUND('',#13067,.T.);
#13067 = EDGE_LOOP('',(#13068,#13069,#13070,#13071,#13079,#13087,#13095,
    #13103,#13111,#13119,#13127,#13135,#13143,#13151,#13159,#13167,
    #13175,#13183,#13191,#13199));
#13068 = ORIENTED_EDGE('',*,*,#12968,.T.);
#13069 = ORIENTED_EDGE('',*,*,#12928,.T.);
#13070 = ORIENTED_EDGE('',*,*,#12990,.T.);
#13071 = ORIENTED_EDGE('',*,*,#13072,.T.);
#13072 = EDGE_CURVE('',#12991,#13073,#13075,.T.);
#13073 = VERTEX_POINT('',#13074);
#13074 = CARTESIAN_POINT('',(62.,14.,36.));
#13075 = LINE('',#13076,#13077);
#13076 = CARTESIAN_POINT('',(62.,8.,36.));
#13077 = VECTOR('',#13078,1.);
#13078 = DIRECTION('',(0.,1.,0.));
#13079 = ORIENTED_EDGE('',*,*,#13080,.T.);
#13080 = EDGE_CURVE('',#13073,#13081,#13083,.T.);
#13081 = VERTEX_POINT('',#13082);
#13082 = CARTESIAN_POINT('',(60.,14.,36.));
#13083 = LINE('',#13084,#13085);
#13084 = CARTESIAN_POINT('',(45.,14.,36.));
#13085 = VECTOR('',#13086,1.);
#13086 = DIRECTION('',(-1.,0.,0.));
#13087 = ORIENTED_EDGE('',*,*,#13088,.T.);
#13088 = EDGE_CURVE('',#13081,#13089,#13091,.T.);
#13089 = VERTEX_POINT('',#13090);
#13090 = CARTESIAN_POINT('',(60.,8.,36.));
#13091 = LINE('',#13092,#13093);
#13092 = CARTESIAN_POINT('',(60.,26.5,36.));
#13093 = VECTOR('',#13094,1.);
#13094 = DIRECTION('',(0.,-1.,0.));
#13095 = ORIENTED_EDGE('',*,*,#13096,.T.);
#13096 = EDGE_CURVE('',#13089,#13097,#13099,.T.);
#13097 = VERTEX_POINT('',#13098);
#13098 = CARTESIAN_POINT('',(54.,2.,36.));
#13099 = LINE('',#13100,#13101);
#13100 = CARTESIAN_POINT('',(59.,7.,36.));
#13101 = VECTOR('',#13102,1.);
#13102 = DIRECTION('',(-0.707106781187,-0.707106781187,0.));
#13103 = ORIENTED_EDGE('',*,*,#13104,.T.);
#13104 = EDGE_CURVE('',#13097,#13105,#13107,.T.);
#13105 = VERTEX_POINT('',#13106);
#13106 = CARTESIAN_POINT('',(8.,2.,36.));
#13107 = LINE('',#13108,#13109);
#13108 = CARTESIAN_POINT('',(19.5,2.,36.));
#13109 = VECTOR('',#13110,1.);
#13110 = DIRECTION('',(-1.,0.,0.));
#13111 = ORIENTED_EDGE('',*,*,#13112,.T.);
#13112 = EDGE_CURVE('',#13105,#13113,#13115,.T.);
#13113 = VERTEX_POINT('',#13114);
#13114 = CARTESIAN_POINT('',(2.,8.,36.));
#13115 = LINE('',#13116,#13117);
#13116 = CARTESIAN_POINT('',(-5.33E-15,10.,36.));
#13117 = VECTOR('',#13118,1.);
#13118 = DIRECTION('',(-0.707106781187,0.707106781187,0.));
#13119 = ORIENTED_EDGE('',*,*,#13120,.T.);
#13120 = EDGE_CURVE('',#13113,#13121,#13123,.T.);
#13121 = VERTEX_POINT('',#13122);
#13122 = CARTESIAN_POINT('',(2.,82.,36.));
#13123 = LINE('',#13124,#13125);
#13124 = CARTESIAN_POINT('',(2.,63.5,36.));
#13125 = VECTOR('',#13126,1.);
#13126 = DIRECTION('',(0.,1.,0.));
#13127 = ORIENTED_EDGE('',*,*,#13128,.T.);
#13128 = EDGE_CURVE('',#13121,#13129,#13131,.T.);
#13129 = VERTEX_POINT('',#13130);
#13130 = CARTESIAN_POINT('',(8.,88.,36.));
#13131 = LINE('',#13132,#13133);
#13132 = CARTESIAN_POINT('',(3.,83.,36.));
#13133 = VECTOR('',#13134,1.);
#13134 = DIRECTION('',(0.707106781187,0.707106781187,0.));
#13135 = ORIENTED_EDGE('',*,*,#13136,.T.);
#13136 = EDGE_CURVE('',#13129,#13137,#13139,.T.);
#13137 = VERTEX_POINT('',#13138);
#13138 = CARTESIAN_POINT('',(54.,88.,36.));
#13139 = LINE('',#13140,#13141);
#13140 = CARTESIAN_POINT('',(42.5,88.,36.));
#13141 = VECTOR('',#13142,1.);
#13142 = DIRECTION('',(1.,0.,0.));
#13143 = ORIENTED_EDGE('',*,*,#13144,.T.);
#13144 = EDGE_CURVE('',#13137,#13145,#13147,.T.);
#13145 = VERTEX_POINT('',#13146);
#13146 = CARTESIAN_POINT('',(60.,82.,36.));
#13147 = LINE('',#13148,#13149);
#13148 = CARTESIAN_POINT('',(62.,80.,36.));
#13149 = VECTOR('',#13150,1.);
#13150 = DIRECTION('',(0.707106781187,-0.707106781187,0.));
#13151 = ORIENTED_EDGE('',*,*,#13152,.T.);
#13152 = EDGE_CURVE('',#13145,#13153,#13155,.T.);
#13153 = VERTEX_POINT('',#13154);
#13154 = CARTESIAN_POINT('',(60.,28.,36.));
#13155 = LINE('',#13156,#13157);
#13156 = CARTESIAN_POINT('',(60.,26.5,36.));
#13157 = VECTOR('',#13158,1.);
#13158 = DIRECTION('',(0.,-1.,0.));
#13159 = ORIENTED_EDGE('',*,*,#13160,.F.);
#13160 = EDGE_CURVE('',#13161,#13153,#13163,.T.);
#13161 = VERTEX_POINT('',#13162);
#13162 = CARTESIAN_POINT('',(62.,28.,36.));
#13163 = LINE('',#13164,#13165);
#13164 = CARTESIAN_POINT('',(45.,28.,36.));
#13165 = VECTOR('',#13166,1.);
#13166 = DIRECTION('',(-1.,0.,0.));
#13167 = ORIENTED_EDGE('',*,*,#13168,.T.);
#13168 = EDGE_CURVE('',#13161,#13169,#13171,.T.);
#13169 = VERTEX_POINT('',#13170);
#13170 = CARTESIAN_POINT('',(62.,82.,36.));
#13171 = LINE('',#13172,#13173);
#13172 = CARTESIAN_POINT('',(62.,8.,36.));
#13173 = VECTOR('',#13174,1.);
#13174 = DIRECTION('',(0.,1.,0.));
#13175 = ORIENTED_EDGE('',*,*,#13176,.T.);
#13176 = EDGE_CURVE('',#13169,#13177,#13179,.T.);
#13177 = VERTEX_POINT('',#13178);
#13178 = CARTESIAN_POINT('',(54.,90.,36.));
#13179 = LINE('',#13180,#13181);
#13180 = CARTESIAN_POINT('',(62.,82.,36.));
#13181 = VECTOR('',#13182,1.);
#13182 = DIRECTION('',(-0.707106781187,0.707106781187,0.));
#13183 = ORIENTED_EDGE('',*,*,#13184,.T.);
#13184 = EDGE_CURVE('',#13177,#13185,#13187,.T.);
#13185 = VERTEX_POINT('',#13186);
#13186 = CARTESIAN_POINT('',(8.,90.,36.));
#13187 = LINE('',#13188,#13189);
#13188 = CARTESIAN_POINT('',(54.,90.,36.));
#13189 = VECTOR('',#13190,1.);
#13190 = DIRECTION('',(-1.,0.,0.));
#13191 = ORIENTED_EDGE('',*,*,#13192,.T.);
#13192 = EDGE_CURVE('',#13185,#13193,#13195,.T.);
#13193 = VERTEX_POINT('',#13194);
#13194 = CARTESIAN_POINT('',(0.,82.,36.));
#13195 = LINE('',#13196,#13197);
#13196 = CARTESIAN_POINT('',(8.,90.,36.));
#13197 = VECTOR('',#13198,1.);
#13198 = DIRECTION('',(-0.707106781187,-0.707106781187,0.));
#13199 = ORIENTED_EDGE('',*,*,#13200,.T.);
#13200 = EDGE_CURVE('',#13193,#12961,#13201,.T.);
#13201 = LINE('',#13202,#13203);
#13202 = CARTESIAN_POINT('',(0.,82.,36.));
#13203 = VECTOR('',#13204,1.);
#13204 = DIRECTION('',(0.,-1.,0.));
#13205 = PLANE('',#13206);
#13206 = AXIS2_PLACEMENT_3D('',#13207,#13208,#13209);
#13207 = CARTESIAN_POINT('',(31.,45.,36.));
#13208 = DIRECTION('',(0.,0.,1.));
#13209 = DIRECTION('',(1.,0.,0.));
#13210 = ADVANCED_FACE('',(#13211),#13222,.F.);
#13211 = FACE_BOUND('',#13212,.F.);
#13212 = EDGE_LOOP('',(#13213,#13219,#13220,#13221));
#13213 = ORIENTED_EDGE('',*,*,#13214,.T.);
#13214 = EDGE_CURVE('',#13047,#13193,#13215,.T.);
#13215 = LINE('',#13216,#13217);
#13216 = CARTESIAN_POINT('',(0.,82.,2.));
#13217 = VECTOR('',#13218,1.);
#13218 = DIRECTION('',(0.,0.,1.));
#13219 = ORIENTED_EDGE('',*,*,#13200,.T.);
#13220 = ORIENTED_EDGE('',*,*,#12958,.F.);
#13221 = ORIENTED_EDGE('',*,*,#13054,.F.);
#13222 = PLANE('',#13223);
#13223 = AXIS2_PLACEMENT_3D('',#13224,#13225,#13226);
#13224 = CARTESIAN_POINT('',(0.,82.,2.));
#13225 = DIRECTION('',(1.,0.,0.));
#13226 = DIRECTION('',(0.,-1.,0.));
#13227 = ADVANCED_FACE('',(#13228,#13262),#13296,.F.);
#13228 = FACE_BOUND('',#13229,.F.);
#13229 = EDGE_LOOP('',(#13230,#13231,#13232,#13233,#13241,#13249,#13255,
    #13256));
#13230 = ORIENTED_EDGE('',*,*,#13022,.F.);
#13231 = ORIENTED_EDGE('',*,*,#12998,.T.);
#13232 = ORIENTED_EDGE('',*,*,#13072,.T.);
#13233 = ORIENTED_EDGE('',*,*,#13234,.T.);
#13234 = EDGE_CURVE('',#13073,#13235,#13237,.T.);
#13235 = VERTEX_POINT('',#13236);
#13236 = CARTESIAN_POINT('',(62.,14.,32.2));
#13237 = LINE('',#13238,#13239);
#13238 = CARTESIAN_POINT('',(62.,14.,17.1));
#13239 = VECTOR('',#13240,1.);
#13240 = DIRECTION('',(0.,0.,-1.));
#13241 = ORIENTED_EDGE('',*,*,#13242,.T.);
#13242 = EDGE_CURVE('',#13235,#13243,#13245,.T.);
#13243 = VERTEX_POINT('',#13244);
#13244 = CARTESIAN_POINT('',(62.,28.,32.2));
#13245 = LINE('',#13246,#13247);
#13246 = CARTESIAN_POINT('',(62.,11.,32.2));
#13247 = VECTOR('',#13248,1.);
#13248 = DIRECTION('',(0.,1.,0.));
#13249 = ORIENTED_EDGE('',*,*,#13250,.F.);
#13250 = EDGE_CURVE('',#13161,#13243,#13251,.T.);
#13251 = LINE('',#13252,#13253);
#13252 = CARTESIAN_POINT('',(62.,28.,17.1));
#13253 = VECTOR('',#13254,1.);
#13254 = DIRECTION('',(0.,0.,-1.));
#13255 = ORIENTED_EDGE('',*,*,#13168,.T.);
#13256 = ORIENTED_EDGE('',*,*,#13257,.F.);
#13257 = EDGE_CURVE('',#13023,#13169,#13258,.T.);
#13258 = LINE('',#13259,#13260);
#13259 = CARTESIAN_POINT('',(62.,82.,2.));
#13260 = VECTOR('',#13261,1.);
#13261 = DIRECTION('',(0.,0.,1.));
#13262 = FACE_BOUND('',#13263,.F.);
#13263 = EDGE_LOOP('',(#13264,#13274,#13282,#13290));
#13264 = ORIENTED_EDGE('',*,*,#13265,.F.);
#13265 = EDGE_CURVE('',#13266,#13268,#13270,.T.);
#13266 = VERTEX_POINT('',#13267);
#13267 = CARTESIAN_POINT('',(62.,54.,10.5));
#13268 = VERTEX_POINT('',#13269);
#13269 = CARTESIAN_POINT('',(62.,65.,10.5));
#13270 = LINE('',#13271,#13272);
#13271 = CARTESIAN_POINT('',(62.,31.,10.5));
#13272 = VECTOR('',#13273,1.);
#13273 = DIRECTION('',(0.,1.,0.));
#13274 = ORIENTED_EDGE('',*,*,#13275,.T.);
#13275 = EDGE_CURVE('',#13266,#13276,#13278,.T.);
#13276 = VERTEX_POINT('',#13277);
#13277 = CARTESIAN_POINT('',(62.,54.,4.));
#13278 = LINE('',#13279,#13280);
#13279 = CARTESIAN_POINT('',(62.,54.,3.));
#13280 = VECTOR('',#13281,1.);
#13281 = DIRECTION('',(0.,0.,-1.));
#13282 = ORIENTED_EDGE('',*,*,#13283,.T.);
#13283 = EDGE_CURVE('',#13276,#13284,#13286,.T.);
#13284 = VERTEX_POINT('',#13285);
#13285 = CARTESIAN_POINT('',(62.,65.,4.));
#13286 = LINE('',#13287,#13288);
#13287 = CARTESIAN_POINT('',(62.,31.,4.));
#13288 = VECTOR('',#13289,1.);
#13289 = DIRECTION('',(0.,1.,0.));
#13290 = ORIENTED_EDGE('',*,*,#13291,.F.);
#13291 = EDGE_CURVE('',#13268,#13284,#13292,.T.);
#13292 = LINE('',#13293,#13294);
#13293 = CARTESIAN_POINT('',(62.,65.,3.));
#13294 = VECTOR('',#13295,1.);
#13295 = DIRECTION('',(0.,0.,-1.));
#13296 = PLANE('',#13297);
#13297 = AXIS2_PLACEMENT_3D('',#13298,#13299,#13300);
#13298 = CARTESIAN_POINT('',(62.,8.,2.));
#13299 = DIRECTION('',(-1.,0.,0.));
#13300 = DIRECTION('',(0.,1.,0.));
#13301 = ADVANCED_FACE('',(#13302),#13313,.F.);
#13302 = FACE_BOUND('',#13303,.F.);
#13303 = EDGE_LOOP('',(#13304,#13305,#13306,#13312));
#13304 = ORIENTED_EDGE('',*,*,#13257,.T.);
#13305 = ORIENTED_EDGE('',*,*,#13176,.T.);
#13306 = ORIENTED_EDGE('',*,*,#13307,.F.);
#13307 = EDGE_CURVE('',#13031,#13177,#13308,.T.);
#13308 = LINE('',#13309,#13310);
#13309 = CARTESIAN_POINT('',(54.,90.,2.));
#13310 = VECTOR('',#13311,1.);
#13311 = DIRECTION('',(0.,0.,1.));
#13312 = ORIENTED_EDGE('',*,*,#13030,.F.);
#13313 = PLANE('',#13314);
#13314 = AXIS2_PLACEMENT_3D('',#13315,#13316,#13317);
#13315 = CARTESIAN_POINT('',(62.,82.,2.));
#13316 = DIRECTION('',(-0.707106781187,-0.707106781187,0.));
#13317 = DIRECTION('',(-0.707106781187,0.707106781187,0.));
#13318 = ADVANCED_FACE('',(#13319),#13330,.F.);
#13319 = FACE_BOUND('',#13320,.F.);
#13320 = EDGE_LOOP('',(#13321,#13322,#13323,#13329));
#13321 = ORIENTED_EDGE('',*,*,#13307,.T.);
#13322 = ORIENTED_EDGE('',*,*,#13184,.T.);
#13323 = ORIENTED_EDGE('',*,*,#13324,.F.);
#13324 = EDGE_CURVE('',#13039,#13185,#13325,.T.);
#13325 = LINE('',#13326,#13327);
#13326 = CARTESIAN_POINT('',(8.,90.,2.));
#13327 = VECTOR('',#13328,1.);
#13328 = DIRECTION('',(0.,0.,1.));
#13329 = ORIENTED_EDGE('',*,*,#13038,.F.);
#13330 = PLANE('',#13331);
#13331 = AXIS2_PLACEMENT_3D('',#13332,#13333,#13334);
#13332 = CARTESIAN_POINT('',(54.,90.,2.));
#13333 = DIRECTION('',(0.,-1.,0.));
#13334 = DIRECTION('',(-1.,0.,0.));
#13335 = ADVANCED_FACE('',(#13336),#13342,.F.);
#13336 = FACE_BOUND('',#13337,.F.);
#13337 = EDGE_LOOP('',(#13338,#13339,#13340,#13341));
#13338 = ORIENTED_EDGE('',*,*,#13324,.T.);
#13339 = ORIENTED_EDGE('',*,*,#13192,.T.);
#13340 = ORIENTED_EDGE('',*,*,#13214,.F.);
#13341 = ORIENTED_EDGE('',*,*,#13046,.F.);
#13342 = PLANE('',#13343);
#13343 = AXIS2_PLACEMENT_3D('',#13344,#13345,#13346);
#13344 = CARTESIAN_POINT('',(8.,90.,2.));
#13345 = DIRECTION('',(0.707106781187,-0.707106781187,0.));
#13346 = DIRECTION('',(-0.707106781187,-0.707106781187,0.));
#13347 = ADVANCED_FACE('',(#13348),#13366,.F.);
#13348 = FACE_BOUND('',#13349,.F.);
#13349 = EDGE_LOOP('',(#13350,#13358,#13364,#13365));
#13350 = ORIENTED_EDGE('',*,*,#13351,.F.);
#13351 = EDGE_CURVE('',#13352,#13243,#13354,.T.);
#13352 = VERTEX_POINT('',#13353);
#13353 = CARTESIAN_POINT('',(60.,28.,32.2));
#13354 = LINE('',#13355,#13356);
#13355 = CARTESIAN_POINT('',(59.,28.,32.2));
#13356 = VECTOR('',#13357,1.);
#13357 = DIRECTION('',(1.,0.,0.));
#13358 = ORIENTED_EDGE('',*,*,#13359,.F.);
#13359 = EDGE_CURVE('',#13153,#13352,#13360,.T.);
#13360 = LINE('',#13361,#13362);
#13361 = CARTESIAN_POINT('',(60.,28.,18.1));
#13362 = VECTOR('',#13363,1.);
#13363 = DIRECTION('',(0.,0.,-1.));
#13364 = ORIENTED_EDGE('',*,*,#13160,.F.);
#13365 = ORIENTED_EDGE('',*,*,#13250,.T.);
#13366 = PLANE('',#13367);
#13367 = AXIS2_PLACEMENT_3D('',#13368,#13369,#13370);
#13368 = CARTESIAN_POINT('',(59.,28.,32.2));
#13369 = DIRECTION('',(0.,1.,0.));
#13370 = DIRECTION('',(0.,0.,1.));
#13371 = ADVANCED_FACE('',(#13372),#13445,.T.);
#13372 = FACE_BOUND('',#13373,.T.);
#13373 = EDGE_LOOP('',(#13374,#13384,#13390,#13391,#13399,#13405,#13406,
    #13407,#13415,#13423,#13431,#13439));
#13374 = ORIENTED_EDGE('',*,*,#13375,.F.);
#13375 = EDGE_CURVE('',#13376,#13378,#13380,.T.);
#13376 = VERTEX_POINT('',#13377);
#13377 = CARTESIAN_POINT('',(60.,8.,4.));
#13378 = VERTEX_POINT('',#13379);
#13379 = CARTESIAN_POINT('',(60.,54.,4.));
#13380 = LINE('',#13381,#13382);
#13381 = CARTESIAN_POINT('',(60.,8.,4.));
#13382 = VECTOR('',#13383,1.);
#13383 = DIRECTION('',(0.,1.,0.));
#13384 = ORIENTED_EDGE('',*,*,#13385,.T.);
#13385 = EDGE_CURVE('',#13376,#13089,#13386,.T.);
#13386 = LINE('',#13387,#13388);
#13387 = CARTESIAN_POINT('',(60.,8.,4.));
#13388 = VECTOR('',#13389,1.);
#13389 = DIRECTION('',(0.,0.,1.));
#13390 = ORIENTED_EDGE('',*,*,#13088,.F.);
#13391 = ORIENTED_EDGE('',*,*,#13392,.T.);
#13392 = EDGE_CURVE('',#13081,#13393,#13395,.T.);
#13393 = VERTEX_POINT('',#13394);
#13394 = CARTESIAN_POINT('',(60.,14.,32.2));
#13395 = LINE('',#13396,#13397);
#13396 = CARTESIAN_POINT('',(60.,14.,18.1));
#13397 = VECTOR('',#13398,1.);
#13398 = DIRECTION('',(0.,0.,-1.));
#13399 = ORIENTED_EDGE('',*,*,#13400,.T.);
#13400 = EDGE_CURVE('',#13393,#13352,#13401,.T.);
#13401 = LINE('',#13402,#13403);
#13402 = CARTESIAN_POINT('',(60.,11.,32.2));
#13403 = VECTOR('',#13404,1.);
#13404 = DIRECTION('',(0.,1.,0.));
#13405 = ORIENTED_EDGE('',*,*,#13359,.F.);
#13406 = ORIENTED_EDGE('',*,*,#13152,.F.);
#13407 = ORIENTED_EDGE('',*,*,#13408,.F.);
#13408 = EDGE_CURVE('',#13409,#13145,#13411,.T.);
#13409 = VERTEX_POINT('',#13410);
#13410 = CARTESIAN_POINT('',(60.,82.,4.));
#13411 = LINE('',#13412,#13413);
#13412 = CARTESIAN_POINT('',(60.,82.,4.));
#13413 = VECTOR('',#13414,1.);
#13414 = DIRECTION('',(0.,0.,1.));
#13415 = ORIENTED_EDGE('',*,*,#13416,.F.);
#13416 = EDGE_CURVE('',#13417,#13409,#13419,.T.);
#13417 = VERTEX_POINT('',#13418);
#13418 = CARTESIAN_POINT('',(60.,65.,4.));
#13419 = LINE('',#13420,#13421);
#13420 = CARTESIAN_POINT('',(60.,8.,4.));
#13421 = VECTOR('',#13422,1.);
#13422 = DIRECTION('',(0.,1.,0.));
#13423 = ORIENTED_EDGE('',*,*,#13424,.F.);
#13424 = EDGE_CURVE('',#13425,#13417,#13427,.T.);
#13425 = VERTEX_POINT('',#13426);
#13426 = CARTESIAN_POINT('',(60.,65.,10.5));
#13427 = LINE('',#13428,#13429);
#13428 = CARTESIAN_POINT('',(60.,65.,4.));
#13429 = VECTOR('',#13430,1.);
#13430 = DIRECTION('',(0.,0.,-1.));
#13431 = ORIENTED_EDGE('',*,*,#13432,.F.);
#13432 = EDGE_CURVE('',#13433,#13425,#13435,.T.);
#13433 = VERTEX_POINT('',#13434);
#13434 = CARTESIAN_POINT('',(60.,54.,10.5));
#13435 = LINE('',#13436,#13437);
#13436 = CARTESIAN_POINT('',(60.,31.,10.5));
#13437 = VECTOR('',#13438,1.);
#13438 = DIRECTION('',(0.,1.,0.));
#13439 = ORIENTED_EDGE('',*,*,#13440,.T.);
#13440 = EDGE_CURVE('',#13433,#13378,#13441,.T.);
#13441 = LINE('',#13442,#13443);
#13442 = CARTESIAN_POINT('',(60.,54.,4.));
#13443 = VECTOR('',#13444,1.);
#13444 = DIRECTION('',(0.,0.,-1.));
#13445 = PLANE('',#13446);
#13446 = AXIS2_PLACEMENT_3D('',#13447,#13448,#13449);
#13447 = CARTESIAN_POINT('',(60.,8.,4.));
#13448 = DIRECTION('',(-1.,0.,0.));
#13449 = DIRECTION('',(0.,1.,0.));
#13450 = ADVANCED_FACE('',(#13451),#13469,.T.);
#13451 = FACE_BOUND('',#13452,.T.);
#13452 = EDGE_LOOP('',(#13453,#13461,#13462,#13463));
#13453 = ORIENTED_EDGE('',*,*,#13454,.F.);
#13454 = EDGE_CURVE('',#13409,#13455,#13457,.T.);
#13455 = VERTEX_POINT('',#13456);
#13456 = CARTESIAN_POINT('',(54.,88.,4.));
#13457 = LINE('',#13458,#13459);
#13458 = CARTESIAN_POINT('',(60.,82.,4.));
#13459 = VECTOR('',#13460,1.);
#13460 = DIRECTION('',(-0.707106781187,0.707106781187,0.));
#13461 = ORIENTED_EDGE('',*,*,#13408,.T.);
#13462 = ORIENTED_EDGE('',*,*,#13144,.F.);
#13463 = ORIENTED_EDGE('',*,*,#13464,.F.);
#13464 = EDGE_CURVE('',#13455,#13137,#13465,.T.);
#13465 = LINE('',#13466,#13467);
#13466 = CARTESIAN_POINT('',(54.,88.,4.));
#13467 = VECTOR('',#13468,1.);
#13468 = DIRECTION('',(0.,0.,1.));
#13469 = PLANE('',#13470);
#13470 = AXIS2_PLACEMENT_3D('',#13471,#13472,#13473);
#13471 = CARTESIAN_POINT('',(60.,82.,4.));
#13472 = DIRECTION('',(-0.707106781187,-0.707106781187,0.));
#13473 = DIRECTION('',(-0.707106781187,0.707106781187,0.));
#13474 = ADVANCED_FACE('',(#13475),#13493,.T.);
#13475 = FACE_BOUND('',#13476,.T.);
#13476 = EDGE_LOOP('',(#13477,#13485,#13486,#13487));
#13477 = ORIENTED_EDGE('',*,*,#13478,.F.);
#13478 = EDGE_CURVE('',#13455,#13479,#13481,.T.);
#13479 = VERTEX_POINT('',#13480);
#13480 = CARTESIAN_POINT('',(8.,88.,4.));
#13481 = LINE('',#13482,#13483);
#13482 = CARTESIAN_POINT('',(54.,88.,4.));
#13483 = VECTOR('',#13484,1.);
#13484 = DIRECTION('',(-1.,0.,0.));
#13485 = ORIENTED_EDGE('',*,*,#13464,.T.);
#13486 = ORIENTED_EDGE('',*,*,#13136,.F.);
#13487 = ORIENTED_EDGE('',*,*,#13488,.F.);
#13488 = EDGE_CURVE('',#13479,#13129,#13489,.T.);
#13489 = LINE('',#13490,#13491);
#13490 = CARTESIAN_POINT('',(8.,88.,4.));
#13491 = VECTOR('',#13492,1.);
#13492 = DIRECTION('',(0.,0.,1.));
#13493 = PLANE('',#13494);
#13494 = AXIS2_PLACEMENT_3D('',#13495,#13496,#13497);
#13495 = CARTESIAN_POINT('',(54.,88.,4.));
#13496 = DIRECTION('',(0.,-1.,0.));
#13497 = DIRECTION('',(-1.,0.,0.));
#13498 = ADVANCED_FACE('',(#13499),#13517,.T.);
#13499 = FACE_BOUND('',#13500,.T.);
#13500 = EDGE_LOOP('',(#13501,#13509,#13510,#13511));
#13501 = ORIENTED_EDGE('',*,*,#13502,.F.);
#13502 = EDGE_CURVE('',#13479,#13503,#13505,.T.);
#13503 = VERTEX_POINT('',#13504);
#13504 = CARTESIAN_POINT('',(2.,82.,4.));
#13505 = LINE('',#13506,#13507);
#13506 = CARTESIAN_POINT('',(8.,88.,4.));
#13507 = VECTOR('',#13508,1.);
#13508 = DIRECTION('',(-0.707106781187,-0.707106781187,0.));
#13509 = ORIENTED_EDGE('',*,*,#13488,.T.);
#13510 = ORIENTED_EDGE('',*,*,#13128,.F.);
#13511 = ORIENTED_EDGE('',*,*,#13512,.F.);
#13512 = EDGE_CURVE('',#13503,#13121,#13513,.T.);
#13513 = LINE('',#13514,#13515);
#13514 = CARTESIAN_POINT('',(2.,82.,4.));
#13515 = VECTOR('',#13516,1.);
#13516 = DIRECTION('',(0.,0.,1.));
#13517 = PLANE('',#13518);
#13518 = AXIS2_PLACEMENT_3D('',#13519,#13520,#13521);
#13519 = CARTESIAN_POINT('',(8.,88.,4.));
#13520 = DIRECTION('',(0.707106781187,-0.707106781187,0.));
#13521 = DIRECTION('',(-0.707106781187,-0.707106781187,0.));
#13522 = ADVANCED_FACE('',(#13523),#13541,.T.);
#13523 = FACE_BOUND('',#13524,.T.);
#13524 = EDGE_LOOP('',(#13525,#13533,#13534,#13535));
#13525 = ORIENTED_EDGE('',*,*,#13526,.F.);
#13526 = EDGE_CURVE('',#13503,#13527,#13529,.T.);
#13527 = VERTEX_POINT('',#13528);
#13528 = CARTESIAN_POINT('',(2.,8.,4.));
#13529 = LINE('',#13530,#13531);
#13530 = CARTESIAN_POINT('',(2.,82.,4.));
#13531 = VECTOR('',#13532,1.);
#13532 = DIRECTION('',(0.,-1.,0.));
#13533 = ORIENTED_EDGE('',*,*,#13512,.T.);
#13534 = ORIENTED_EDGE('',*,*,#13120,.F.);
#13535 = ORIENTED_EDGE('',*,*,#13536,.F.);
#13536 = EDGE_CURVE('',#13527,#13113,#13537,.T.);
#13537 = LINE('',#13538,#13539);
#13538 = CARTESIAN_POINT('',(2.,8.,4.));
#13539 = VECTOR('',#13540,1.);
#13540 = DIRECTION('',(0.,0.,1.));
#13541 = PLANE('',#13542);
#13542 = AXIS2_PLACEMENT_3D('',#13543,#13544,#13545);
#13543 = CARTESIAN_POINT('',(2.,82.,4.));
#13544 = DIRECTION('',(1.,0.,0.));
#13545 = DIRECTION('',(0.,-1.,0.));
#13546 = ADVANCED_FACE('',(#13547),#13565,.T.);
#13547 = FACE_BOUND('',#13548,.T.);
#13548 = EDGE_LOOP('',(#13549,#13557,#13558,#13559));
#13549 = ORIENTED_EDGE('',*,*,#13550,.F.);
#13550 = EDGE_CURVE('',#13527,#13551,#13553,.T.);
#13551 = VERTEX_POINT('',#13552);
#13552 = CARTESIAN_POINT('',(8.,2.,4.));
#13553 = LINE('',#13554,#13555);
#13554 = CARTESIAN_POINT('',(2.,8.,4.));
#13555 = VECTOR('',#13556,1.);
#13556 = DIRECTION('',(0.707106781187,-0.707106781187,0.));
#13557 = ORIENTED_EDGE('',*,*,#13536,.T.);
#13558 = ORIENTED_EDGE('',*,*,#13112,.F.);
#13559 = ORIENTED_EDGE('',*,*,#13560,.F.);
#13560 = EDGE_CURVE('',#13551,#13105,#13561,.T.);
#13561 = LINE('',#13562,#13563);
#13562 = CARTESIAN_POINT('',(8.,2.,4.));
#13563 = VECTOR('',#13564,1.);
#13564 = DIRECTION('',(0.,0.,1.));
#13565 = PLANE('',#13566);
#13566 = AXIS2_PLACEMENT_3D('',#13567,#13568,#13569);
#13567 = CARTESIAN_POINT('',(2.,8.,4.));
#13568 = DIRECTION('',(0.707106781187,0.707106781187,0.));
#13569 = DIRECTION('',(0.707106781187,-0.707106781187,0.));
#13570 = ADVANCED_FACE('',(#13571),#13589,.T.);
#13571 = FACE_BOUND('',#13572,.T.);
#13572 = EDGE_LOOP('',(#13573,#13581,#13582,#13583));
#13573 = ORIENTED_EDGE('',*,*,#13574,.F.);
#13574 = EDGE_CURVE('',#13551,#13575,#13577,.T.);
#13575 = VERTEX_POINT('',#13576);
#13576 = CARTESIAN_POINT('',(54.,2.,4.));
#13577 = LINE('',#13578,#13579);
#13578 = CARTESIAN_POINT('',(8.,2.,4.));
#13579 = VECTOR('',#13580,1.);
#13580 = DIRECTION('',(1.,0.,0.));
#13581 = ORIENTED_EDGE('',*,*,#13560,.T.);
#13582 = ORIENTED_EDGE('',*,*,#13104,.F.);
#13583 = ORIENTED_EDGE('',*,*,#13584,.F.);
#13584 = EDGE_CURVE('',#13575,#13097,#13585,.T.);
#13585 = LINE('',#13586,#13587);
#13586 = CARTESIAN_POINT('',(54.,2.,4.));
#13587 = VECTOR('',#13588,1.);
#13588 = DIRECTION('',(0.,0.,1.));
#13589 = PLANE('',#13590);
#13590 = AXIS2_PLACEMENT_3D('',#13591,#13592,#13593);
#13591 = CARTESIAN_POINT('',(8.,2.,4.));
#13592 = DIRECTION('',(0.,1.,0.));
#13593 = DIRECTION('',(1.,0.,0.));
#13594 = ADVANCED_FACE('',(#13595),#13606,.T.);
#13595 = FACE_BOUND('',#13596,.T.);
#13596 = EDGE_LOOP('',(#13597,#13603,#13604,#13605));
#13597 = ORIENTED_EDGE('',*,*,#13598,.F.);
#13598 = EDGE_CURVE('',#13575,#13376,#13599,.T.);
#13599 = LINE('',#13600,#13601);
#13600 = CARTESIAN_POINT('',(54.,2.,4.));
#13601 = VECTOR('',#13602,1.);
#13602 = DIRECTION('',(0.707106781187,0.707106781187,0.));
#13603 = ORIENTED_EDGE('',*,*,#13584,.T.);
#13604 = ORIENTED_EDGE('',*,*,#13096,.F.);
#13605 = ORIENTED_EDGE('',*,*,#13385,.F.);
#13606 = PLANE('',#13607);
#13607 = AXIS2_PLACEMENT_3D('',#13608,#13609,#13610);
#13608 = CARTESIAN_POINT('',(54.,2.,4.));
#13609 = DIRECTION('',(-0.707106781187,0.707106781187,0.));
#13610 = DIRECTION('',(0.707106781187,0.707106781187,0.));
#13611 = ADVANCED_FACE('',(#13612),#13623,.T.);
#13612 = FACE_BOUND('',#13613,.T.);
#13613 = EDGE_LOOP('',(#13614,#13620,#13621,#13622));
#13614 = ORIENTED_EDGE('',*,*,#13615,.F.);
#13615 = EDGE_CURVE('',#13393,#13235,#13616,.T.);
#13616 = LINE('',#13617,#13618);
#13617 = CARTESIAN_POINT('',(59.,14.,32.2));
#13618 = VECTOR('',#13619,1.);
#13619 = DIRECTION('',(1.,0.,0.));
#13620 = ORIENTED_EDGE('',*,*,#13392,.F.);
#13621 = ORIENTED_EDGE('',*,*,#13080,.F.);
#13622 = ORIENTED_EDGE('',*,*,#13234,.T.);
#13623 = PLANE('',#13624);
#13624 = AXIS2_PLACEMENT_3D('',#13625,#13626,#13627);
#13625 = CARTESIAN_POINT('',(59.,14.,32.2));
#13626 = DIRECTION('',(0.,1.,0.));
#13627 = DIRECTION('',(0.,0.,1.));
#13628 = ADVANCED_FACE('',(#13629),#13635,.T.);
#13629 = FACE_BOUND('',#13630,.T.);
#13630 = EDGE_LOOP('',(#13631,#13632,#13633,#13634));
#13631 = ORIENTED_EDGE('',*,*,#13351,.F.);
#13632 = ORIENTED_EDGE('',*,*,#13400,.F.);
#13633 = ORIENTED_EDGE('',*,*,#13615,.T.);
#13634 = ORIENTED_EDGE('',*,*,#13242,.T.);
#13635 = PLANE('',#13636);
#13636 = AXIS2_PLACEMENT_3D('',#13637,#13638,#13639);
#13637 = CARTESIAN_POINT('',(59.,14.,32.2));
#13638 = DIRECTION('',(0.,0.,1.));
#13639 = DIRECTION('',(1.,0.,0.));
#13640 = ADVANCED_FACE('',(#13641),#13657,.F.);
#13641 = FACE_BOUND('',#13642,.F.);
#13642 = EDGE_LOOP('',(#13643,#13649,#13650,#13656));
#13643 = ORIENTED_EDGE('',*,*,#13644,.F.);
#13644 = EDGE_CURVE('',#13425,#13268,#13645,.T.);
#13645 = LINE('',#13646,#13647);
#13646 = CARTESIAN_POINT('',(59.,65.,10.5));
#13647 = VECTOR('',#13648,1.);
#13648 = DIRECTION('',(1.,0.,0.));
#13649 = ORIENTED_EDGE('',*,*,#13432,.F.);
#13650 = ORIENTED_EDGE('',*,*,#13651,.T.);
#13651 = EDGE_CURVE('',#13433,#13266,#13652,.T.);
#13652 = LINE('',#13653,#13654);
#13653 = CARTESIAN_POINT('',(59.,54.,10.5));
#13654 = VECTOR('',#13655,1.);
#13655 = DIRECTION('',(1.,0.,0.));
#13656 = ORIENTED_EDGE('',*,*,#13265,.T.);
#13657 = PLANE('',#13658);
#13658 = AXIS2_PLACEMENT_3D('',#13659,#13660,#13661);
#13659 = CARTESIAN_POINT('',(59.,54.,10.5));
#13660 = DIRECTION('',(0.,0.,1.));
#13661 = DIRECTION('',(1.,0.,0.));
#13662 = ADVANCED_FACE('',(#13663),#13674,.T.);
#13663 = FACE_BOUND('',#13664,.T.);
#13664 = EDGE_LOOP('',(#13665,#13671,#13672,#13673));
#13665 = ORIENTED_EDGE('',*,*,#13666,.F.);
#13666 = EDGE_CURVE('',#13378,#13276,#13667,.T.);
#13667 = LINE('',#13668,#13669);
#13668 = CARTESIAN_POINT('',(59.,54.,4.));
#13669 = VECTOR('',#13670,1.);
#13670 = DIRECTION('',(1.,0.,0.));
#13671 = ORIENTED_EDGE('',*,*,#13440,.F.);
#13672 = ORIENTED_EDGE('',*,*,#13651,.T.);
#13673 = ORIENTED_EDGE('',*,*,#13275,.T.);
#13674 = PLANE('',#13675);
#13675 = AXIS2_PLACEMENT_3D('',#13676,#13677,#13678);
#13676 = CARTESIAN_POINT('',(59.,54.,4.));
#13677 = DIRECTION('',(0.,1.,0.));
#13678 = DIRECTION('',(0.,0.,1.));
#13679 = ADVANCED_FACE('',(#13680),#13691,.F.);
#13680 = FACE_BOUND('',#13681,.F.);
#13681 = EDGE_LOOP('',(#13682,#13688,#13689,#13690));
#13682 = ORIENTED_EDGE('',*,*,#13683,.F.);
#13683 = EDGE_CURVE('',#13417,#13284,#13684,.T.);
#13684 = LINE('',#13685,#13686);
#13685 = CARTESIAN_POINT('',(59.,65.,4.));
#13686 = VECTOR('',#13687,1.);
#13687 = DIRECTION('',(1.,0.,0.));
#13688 = ORIENTED_EDGE('',*,*,#13424,.F.);
#13689 = ORIENTED_EDGE('',*,*,#13644,.T.);
#13690 = ORIENTED_EDGE('',*,*,#13291,.T.);
#13691 = PLANE('',#13692);
#13692 = AXIS2_PLACEMENT_3D('',#13693,#13694,#13695);
#13693 = CARTESIAN_POINT('',(59.,65.,4.));
#13694 = DIRECTION('',(0.,1.,0.));
#13695 = DIRECTION('',(0.,0.,1.));
#13696 = ADVANCED_FACE('',(#13697),#13708,.T.);
#13697 = FACE_BOUND('',#13698,.T.);
#13698 = EDGE_LOOP('',(#13699,#13705,#13706,#13707));
#13699 = ORIENTED_EDGE('',*,*,#13700,.F.);
#13700 = EDGE_CURVE('',#13378,#13417,#13701,.T.);
#13701 = LINE('',#13702,#13703);
#13702 = CARTESIAN_POINT('',(60.,8.,4.));
#13703 = VECTOR('',#13704,1.);
#13704 = DIRECTION('',(0.,1.,0.));
#13705 = ORIENTED_EDGE('',*,*,#13666,.T.);
#13706 = ORIENTED_EDGE('',*,*,#13283,.T.);
#13707 = ORIENTED_EDGE('',*,*,#13683,.F.);
#13708 = PLANE('',#13709);
#13709 = AXIS2_PLACEMENT_3D('',#13710,#13711,#13712);
#13710 = CARTESIAN_POINT('',(59.,54.,4.));
#13711 = DIRECTION('',(0.,0.,1.));
#13712 = DIRECTION('',(1.,0.,0.));
#13713 = ADVANCED_FACE('',(#13714),#13747,.T.);
#13714 = FACE_BOUND('',#13715,.T.);
#13715 = EDGE_LOOP('',(#13716,#13717,#13718,#13719,#13720,#13728,#13736,
    #13742,#13743,#13744,#13745,#13746));
#13716 = ORIENTED_EDGE('',*,*,#13550,.T.);
#13717 = ORIENTED_EDGE('',*,*,#13574,.T.);
#13718 = ORIENTED_EDGE('',*,*,#13598,.T.);
#13719 = ORIENTED_EDGE('',*,*,#13375,.T.);
#13720 = ORIENTED_EDGE('',*,*,#13721,.F.);
#13721 = EDGE_CURVE('',#13722,#13378,#13724,.T.);
#13722 = VERTEX_POINT('',#13723);
#13723 = CARTESIAN_POINT('',(59.,54.,4.));
#13724 = LINE('',#13725,#13726);
#13725 = CARTESIAN_POINT('',(59.,54.,4.));
#13726 = VECTOR('',#13727,1.);
#13727 = DIRECTION('',(1.,0.,0.));
#13728 = ORIENTED_EDGE('',*,*,#13729,.T.);
#13729 = EDGE_CURVE('',#13722,#13730,#13732,.T.);
#13730 = VERTEX_POINT('',#13731);
#13731 = CARTESIAN_POINT('',(59.,65.,4.));
#13732 = LINE('',#13733,#13734);
#13733 = CARTESIAN_POINT('',(59.,54.,4.));
#13734 = VECTOR('',#13735,1.);
#13735 = DIRECTION('',(0.,1.,0.));
#13736 = ORIENTED_EDGE('',*,*,#13737,.T.);
#13737 = EDGE_CURVE('',#13730,#13417,#13738,.T.);
#13738 = LINE('',#13739,#13740);
#13739 = CARTESIAN_POINT('',(59.,65.,4.));
#13740 = VECTOR('',#13741,1.);
#13741 = DIRECTION('',(1.,0.,0.));
#13742 = ORIENTED_EDGE('',*,*,#13416,.T.);
#13743 = ORIENTED_EDGE('',*,*,#13454,.T.);
#13744 = ORIENTED_EDGE('',*,*,#13478,.T.);
#13745 = ORIENTED_EDGE('',*,*,#13502,.T.);
#13746 = ORIENTED_EDGE('',*,*,#13526,.T.);
#13747 = PLANE('',#13748);
#13748 = AXIS2_PLACEMENT_3D('',#13749,#13750,#13751);
#13749 = CARTESIAN_POINT('',(31.,45.,4.));
#13750 = DIRECTION('',(0.,0.,1.));
#13751 = DIRECTION('',(1.,0.,0.));
#13752 = ADVANCED_FACE('',(#13753),#13759,.T.);
#13753 = FACE_BOUND('',#13754,.T.);
#13754 = EDGE_LOOP('',(#13755,#13756,#13757,#13758));
#13755 = ORIENTED_EDGE('',*,*,#13721,.T.);
#13756 = ORIENTED_EDGE('',*,*,#13700,.T.);
#13757 = ORIENTED_EDGE('',*,*,#13737,.F.);
#13758 = ORIENTED_EDGE('',*,*,#13729,.F.);
#13759 = PLANE('',#13760);
#13760 = AXIS2_PLACEMENT_3D('',#13761,#13762,#13763);
#13761 = CARTESIAN_POINT('',(31.,45.,4.));
#13762 = DIRECTION('',(0.,0.,1.));
#13763 = DIRECTION('',(1.,0.,0.));
#13764 = MANIFOLD_SOLID_BREP('',#13765);
#13765 = CLOSED_SHELL('',(#13766,#13806,#13837,#13868,#13899,#13930,
    #13961,#13992,#14014,#14030));
#13766 = ADVANCED_FACE('',(#13767),#13801,.F.);
#13767 = FACE_BOUND('',#13768,.F.);
#13768 = EDGE_LOOP('',(#13769,#13779,#13787,#13795));
#13769 = ORIENTED_EDGE('',*,*,#13770,.T.);
#13770 = EDGE_CURVE('',#13771,#13773,#13775,.T.);
#13771 = VERTEX_POINT('',#13772);
#13772 = CARTESIAN_POINT('',(8.,0.,0.));
#13773 = VERTEX_POINT('',#13774);
#13774 = CARTESIAN_POINT('',(8.,0.,2.));
#13775 = LINE('',#13776,#13777);
#13776 = CARTESIAN_POINT('',(8.,0.,0.));
#13777 = VECTOR('',#13778,1.);
#13778 = DIRECTION('',(0.,0.,1.));
#13779 = ORIENTED_EDGE('',*,*,#13780,.T.);
#13780 = EDGE_CURVE('',#13773,#13781,#13783,.T.);
#13781 = VERTEX_POINT('',#13782);
#13782 = CARTESIAN_POINT('',(54.,0.,2.));
#13783 = LINE('',#13784,#13785);
#13784 = CARTESIAN_POINT('',(8.,0.,2.));
#13785 = VECTOR('',#13786,1.);
#13786 = DIRECTION('',(1.,0.,0.));
#13787 = ORIENTED_EDGE('',*,*,#13788,.F.);
#13788 = EDGE_CURVE('',#13789,#13781,#13791,.T.);
#13789 = VERTEX_POINT('',#13790);
#13790 = CARTESIAN_POINT('',(54.,0.,0.));
#13791 = LINE('',#13792,#13793);
#13792 = CARTESIAN_POINT('',(54.,0.,0.));
#13793 = VECTOR('',#13794,1.);
#13794 = DIRECTION('',(0.,0.,1.));
#13795 = ORIENTED_EDGE('',*,*,#13796,.F.);
#13796 = EDGE_CURVE('',#13771,#13789,#13797,.T.);
#13797 = LINE('',#13798,#13799);
#13798 = CARTESIAN_POINT('',(8.,0.,0.));
#13799 = VECTOR('',#13800,1.);
#13800 = DIRECTION('',(1.,0.,0.));
#13801 = PLANE('',#13802);
#13802 = AXIS2_PLACEMENT_3D('',#13803,#13804,#13805);
#13803 = CARTESIAN_POINT('',(8.,0.,0.));
#13804 = DIRECTION('',(0.,1.,0.));
#13805 = DIRECTION('',(1.,0.,0.));
#13806 = ADVANCED_FACE('',(#13807),#13832,.F.);
#13807 = FACE_BOUND('',#13808,.F.);
#13808 = EDGE_LOOP('',(#13809,#13810,#13818,#13826));
#13809 = ORIENTED_EDGE('',*,*,#13788,.T.);
#13810 = ORIENTED_EDGE('',*,*,#13811,.T.);
#13811 = EDGE_CURVE('',#13781,#13812,#13814,.T.);
#13812 = VERTEX_POINT('',#13813);
#13813 = CARTESIAN_POINT('',(62.,8.,2.));
#13814 = LINE('',#13815,#13816);
#13815 = CARTESIAN_POINT('',(54.,0.,2.));
#13816 = VECTOR('',#13817,1.);
#13817 = DIRECTION('',(0.707106781187,0.707106781187,0.));
#13818 = ORIENTED_EDGE('',*,*,#13819,.F.);
#13819 = EDGE_CURVE('',#13820,#13812,#13822,.T.);
#13820 = VERTEX_POINT('',#13821);
#13821 = CARTESIAN_POINT('',(62.,8.,0.));
#13822 = LINE('',#13823,#13824);
#13823 = CARTESIAN_POINT('',(62.,8.,0.));
#13824 = VECTOR('',#13825,1.);
#13825 = DIRECTION('',(0.,0.,1.));
#13826 = ORIENTED_EDGE('',*,*,#13827,.F.);
#13827 = EDGE_CURVE('',#13789,#13820,#13828,.T.);
#13828 = LINE('',#13829,#13830);
#13829 = CARTESIAN_POINT('',(54.,0.,0.));
#13830 = VECTOR('',#13831,1.);
#13831 = DIRECTION('',(0.707106781187,0.707106781187,0.));
#13832 = PLANE('',#13833);
#13833 = AXIS2_PLACEMENT_3D('',#13834,#13835,#13836);
#13834 = CARTESIAN_POINT('',(54.,0.,0.));
#13835 = DIRECTION('',(-0.707106781187,0.707106781187,0.));
#13836 = DIRECTION('',(0.707106781187,0.707106781187,0.));
#13837 = ADVANCED_FACE('',(#13838),#13863,.F.);
#13838 = FACE_BOUND('',#13839,.F.);
#13839 = EDGE_LOOP('',(#13840,#13841,#13849,#13857));
#13840 = ORIENTED_EDGE('',*,*,#13819,.T.);
#13841 = ORIENTED_EDGE('',*,*,#13842,.T.);
#13842 = EDGE_CURVE('',#13812,#13843,#13845,.T.);
#13843 = VERTEX_POINT('',#13844);
#13844 = CARTESIAN_POINT('',(62.,82.,2.));
#13845 = LINE('',#13846,#13847);
#13846 = CARTESIAN_POINT('',(62.,8.,2.));
#13847 = VECTOR('',#13848,1.);
#13848 = DIRECTION('',(0.,1.,0.));
#13849 = ORIENTED_EDGE('',*,*,#13850,.F.);
#13850 = EDGE_CURVE('',#13851,#13843,#13853,.T.);
#13851 = VERTEX_POINT('',#13852);
#13852 = CARTESIAN_POINT('',(62.,82.,0.));
#13853 = LINE('',#13854,#13855);
#13854 = CARTESIAN_POINT('',(62.,82.,0.));
#13855 = VECTOR('',#13856,1.);
#13856 = DIRECTION('',(0.,0.,1.));
#13857 = ORIENTED_EDGE('',*,*,#13858,.F.);
#13858 = EDGE_CURVE('',#13820,#13851,#13859,.T.);
#13859 = LINE('',#13860,#13861);
#13860 = CARTESIAN_POINT('',(62.,8.,0.));
#13861 = VECTOR('',#13862,1.);
#13862 = DIRECTION('',(0.,1.,0.));
#13863 = PLANE('',#13864);
#13864 = AXIS2_PLACEMENT_3D('',#13865,#13866,#13867);
#13865 = CARTESIAN_POINT('',(62.,8.,0.));
#13866 = DIRECTION('',(-1.,0.,0.));
#13867 = DIRECTION('',(0.,1.,0.));
#13868 = ADVANCED_FACE('',(#13869),#13894,.F.);
#13869 = FACE_BOUND('',#13870,.F.);
#13870 = EDGE_LOOP('',(#13871,#13872,#13880,#13888));
#13871 = ORIENTED_EDGE('',*,*,#13850,.T.);
#13872 = ORIENTED_EDGE('',*,*,#13873,.T.);
#13873 = EDGE_CURVE('',#13843,#13874,#13876,.T.);
#13874 = VERTEX_POINT('',#13875);
#13875 = CARTESIAN_POINT('',(54.,90.,2.));
#13876 = LINE('',#13877,#13878);
#13877 = CARTESIAN_POINT('',(62.,82.,2.));
#13878 = VECTOR('',#13879,1.);
#13879 = DIRECTION('',(-0.707106781187,0.707106781187,0.));
#13880 = ORIENTED_EDGE('',*,*,#13881,.F.);
#13881 = EDGE_CURVE('',#13882,#13874,#13884,.T.);
#13882 = VERTEX_POINT('',#13883);
#13883 = CARTESIAN_POINT('',(54.,90.,0.));
#13884 = LINE('',#13885,#13886);
#13885 = CARTESIAN_POINT('',(54.,90.,0.));
#13886 = VECTOR('',#13887,1.);
#13887 = DIRECTION('',(0.,0.,1.));
#13888 = ORIENTED_EDGE('',*,*,#13889,.F.);
#13889 = EDGE_CURVE('',#13851,#13882,#13890,.T.);
#13890 = LINE('',#13891,#13892);
#13891 = CARTESIAN_POINT('',(62.,82.,0.));
#13892 = VECTOR('',#13893,1.);
#13893 = DIRECTION('',(-0.707106781187,0.707106781187,0.));
#13894 = PLANE('',#13895);
#13895 = AXIS2_PLACEMENT_3D('',#13896,#13897,#13898);
#13896 = CARTESIAN_POINT('',(62.,82.,0.));
#13897 = DIRECTION('',(-0.707106781187,-0.707106781187,0.));
#13898 = DIRECTION('',(-0.707106781187,0.707106781187,0.));
#13899 = ADVANCED_FACE('',(#13900),#13925,.F.);
#13900 = FACE_BOUND('',#13901,.F.);
#13901 = EDGE_LOOP('',(#13902,#13903,#13911,#13919));
#13902 = ORIENTED_EDGE('',*,*,#13881,.T.);
#13903 = ORIENTED_EDGE('',*,*,#13904,.T.);
#13904 = EDGE_CURVE('',#13874,#13905,#13907,.T.);
#13905 = VERTEX_POINT('',#13906);
#13906 = CARTESIAN_POINT('',(8.,90.,2.));
#13907 = LINE('',#13908,#13909);
#13908 = CARTESIAN_POINT('',(54.,90.,2.));
#13909 = VECTOR('',#13910,1.);
#13910 = DIRECTION('',(-1.,0.,0.));
#13911 = ORIENTED_EDGE('',*,*,#13912,.F.);
#13912 = EDGE_CURVE('',#13913,#13905,#13915,.T.);
#13913 = VERTEX_POINT('',#13914);
#13914 = CARTESIAN_POINT('',(8.,90.,0.));
#13915 = LINE('',#13916,#13917);
#13916 = CARTESIAN_POINT('',(8.,90.,0.));
#13917 = VECTOR('',#13918,1.);
#13918 = DIRECTION('',(0.,0.,1.));
#13919 = ORIENTED_EDGE('',*,*,#13920,.F.);
#13920 = EDGE_CURVE('',#13882,#13913,#13921,.T.);
#13921 = LINE('',#13922,#13923);
#13922 = CARTESIAN_POINT('',(54.,90.,0.));
#13923 = VECTOR('',#13924,1.);
#13924 = DIRECTION('',(-1.,0.,0.));
#13925 = PLANE('',#13926);
#13926 = AXIS2_PLACEMENT_3D('',#13927,#13928,#13929);
#13927 = CARTESIAN_POINT('',(54.,90.,0.));
#13928 = DIRECTION('',(0.,-1.,0.));
#13929 = DIRECTION('',(-1.,0.,0.));
#13930 = ADVANCED_FACE('',(#13931),#13956,.F.);
#13931 = FACE_BOUND('',#13932,.F.);
#13932 = EDGE_LOOP('',(#13933,#13934,#13942,#13950));
#13933 = ORIENTED_EDGE('',*,*,#13912,.T.);
#13934 = ORIENTED_EDGE('',*,*,#13935,.T.);
#13935 = EDGE_CURVE('',#13905,#13936,#13938,.T.);
#13936 = VERTEX_POINT('',#13937);
#13937 = CARTESIAN_POINT('',(0.,82.,2.));
#13938 = LINE('',#13939,#13940);
#13939 = CARTESIAN_POINT('',(8.,90.,2.));
#13940 = VECTOR('',#13941,1.);
#13941 = DIRECTION('',(-0.707106781187,-0.707106781187,0.));
#13942 = ORIENTED_EDGE('',*,*,#13943,.F.);
#13943 = EDGE_CURVE('',#13944,#13936,#13946,.T.);
#13944 = VERTEX_POINT('',#13945);
#13945 = CARTESIAN_POINT('',(0.,82.,0.));
#13946 = LINE('',#13947,#13948);
#13947 = CARTESIAN_POINT('',(0.,82.,0.));
#13948 = VECTOR('',#13949,1.);
#13949 = DIRECTION('',(0.,0.,1.));
#13950 = ORIENTED_EDGE('',*,*,#13951,.F.);
#13951 = EDGE_CURVE('',#13913,#13944,#13952,.T.);
#13952 = LINE('',#13953,#13954);
#13953 = CARTESIAN_POINT('',(8.,90.,0.));
#13954 = VECTOR('',#13955,1.);
#13955 = DIRECTION('',(-0.707106781187,-0.707106781187,0.));
#13956 = PLANE('',#13957);
#13957 = AXIS2_PLACEMENT_3D('',#13958,#13959,#13960);
#13958 = CARTESIAN_POINT('',(8.,90.,0.));
#13959 = DIRECTION('',(0.707106781187,-0.707106781187,0.));
#13960 = DIRECTION('',(-0.707106781187,-0.707106781187,0.));
#13961 = ADVANCED_FACE('',(#13962),#13987,.F.);
#13962 = FACE_BOUND('',#13963,.F.);
#13963 = EDGE_LOOP('',(#13964,#13965,#13973,#13981));
#13964 = ORIENTED_EDGE('',*,*,#13943,.T.);
#13965 = ORIENTED_EDGE('',*,*,#13966,.T.);
#13966 = EDGE_CURVE('',#13936,#13967,#13969,.T.);
#13967 = VERTEX_POINT('',#13968);
#13968 = CARTESIAN_POINT('',(0.,8.,2.));
#13969 = LINE('',#13970,#13971);
#13970 = CARTESIAN_POINT('',(0.,82.,2.));
#13971 = VECTOR('',#13972,1.);
#13972 = DIRECTION('',(0.,-1.,0.));
#13973 = ORIENTED_EDGE('',*,*,#13974,.F.);
#13974 = EDGE_CURVE('',#13975,#13967,#13977,.T.);
#13975 = VERTEX_POINT('',#13976);
#13976 = CARTESIAN_POINT('',(0.,8.,0.));
#13977 = LINE('',#13978,#13979);
#13978 = CARTESIAN_POINT('',(0.,8.,0.));
#13979 = VECTOR('',#13980,1.);
#13980 = DIRECTION('',(0.,0.,1.));
#13981 = ORIENTED_EDGE('',*,*,#13982,.F.);
#13982 = EDGE_CURVE('',#13944,#13975,#13983,.T.);
#13983 = LINE('',#13984,#13985);
#13984 = CARTESIAN_POINT('',(0.,82.,0.));
#13985 = VECTOR('',#13986,1.);
#13986 = DIRECTION('',(0.,-1.,0.));
#13987 = PLANE('',#13988);
#13988 = AXIS2_PLACEMENT_3D('',#13989,#13990,#13991);
#13989 = CARTESIAN_POINT('',(0.,82.,0.));
#13990 = DIRECTION('',(1.,0.,0.));
#13991 = DIRECTION('',(0.,-1.,0.));
#13992 = ADVANCED_FACE('',(#13993),#14009,.F.);
#13993 = FACE_BOUND('',#13994,.F.);
#13994 = EDGE_LOOP('',(#13995,#13996,#14002,#14003));
#13995 = ORIENTED_EDGE('',*,*,#13974,.T.);
#13996 = ORIENTED_EDGE('',*,*,#13997,.T.);
#13997 = EDGE_CURVE('',#13967,#13773,#13998,.T.);
#13998 = LINE('',#13999,#14000);
#13999 = CARTESIAN_POINT('',(0.,8.,2.));
#14000 = VECTOR('',#14001,1.);
#14001 = DIRECTION('',(0.707106781187,-0.707106781187,0.));
#14002 = ORIENTED_EDGE('',*,*,#13770,.F.);
#14003 = ORIENTED_EDGE('',*,*,#14004,.F.);
#14004 = EDGE_CURVE('',#13975,#13771,#14005,.T.);
#14005 = LINE('',#14006,#14007);
#14006 = CARTESIAN_POINT('',(0.,8.,0.));
#14007 = VECTOR('',#14008,1.);
#14008 = DIRECTION('',(0.707106781187,-0.707106781187,0.));
#14009 = PLANE('',#14010);
#14010 = AXIS2_PLACEMENT_3D('',#14011,#14012,#14013);
#14011 = CARTESIAN_POINT('',(0.,8.,0.));
#14012 = DIRECTION('',(0.707106781187,0.707106781187,0.));
#14013 = DIRECTION('',(0.707106781187,-0.707106781187,0.));
#14014 = ADVANCED_FACE('',(#14015),#14025,.F.);
#14015 = FACE_BOUND('',#14016,.F.);
#14016 = EDGE_LOOP('',(#14017,#14018,#14019,#14020,#14021,#14022,#14023,
    #14024));
#14017 = ORIENTED_EDGE('',*,*,#13796,.T.);
#14018 = ORIENTED_EDGE('',*,*,#13827,.T.);
#14019 = ORIENTED_EDGE('',*,*,#13858,.T.);
#14020 = ORIENTED_EDGE('',*,*,#13889,.T.);
#14021 = ORIENTED_EDGE('',*,*,#13920,.T.);
#14022 = ORIENTED_EDGE('',*,*,#13951,.T.);
#14023 = ORIENTED_EDGE('',*,*,#13982,.T.);
#14024 = ORIENTED_EDGE('',*,*,#14004,.T.);
#14025 = PLANE('',#14026);
#14026 = AXIS2_PLACEMENT_3D('',#14027,#14028,#14029);
#14027 = CARTESIAN_POINT('',(31.,45.,0.));
#14028 = DIRECTION('',(0.,0.,1.));
#14029 = DIRECTION('',(1.,0.,0.));
#14030 = ADVANCED_FACE('',(#14031),#14041,.T.);
#14031 = FACE_BOUND('',#14032,.T.);
#14032 = EDGE_LOOP('',(#14033,#14034,#14035,#14036,#14037,#14038,#14039,
    #14040));
#14033 = ORIENTED_EDGE('',*,*,#13780,.T.);
#14034 = ORIENTED_EDGE('',*,*,#13811,.T.);
#14035 = ORIENTED_EDGE('',*,*,#13842,.T.);
#14036 = ORIENTED_EDGE('',*,*,#13873,.T.);
#14037 = ORIENTED_EDGE('',*,*,#13904,.T.);
#14038 = ORIENTED_EDGE('',*,*,#13935,.T.);
#14039 = ORIENTED_EDGE('',*,*,#13966,.T.);
#14040 = ORIENTED_EDGE('',*,*,#13997,.T.);
#14041 = PLANE('',#14042);
#14042 = AXIS2_PLACEMENT_3D('',#14043,#14044,#14045);
#14043 = CARTESIAN_POINT('',(31.,45.,2.));
#14044 = DIRECTION('',(0.,0.,1.));
#14045 = DIRECTION('',(1.,0.,0.));
#14046 = MANIFOLD_SOLID_BREP('',#14047);
#14047 = CLOSED_SHELL('',(#14048,#14088,#14119,#14143,#14214,#14231,
    #14243,#14284,#14295,#14328,#14338,#14347));
#14048 = ADVANCED_FACE('',(#14049),#14083,.F.);
#14049 = FACE_BOUND('',#14050,.F.);
#14050 = EDGE_LOOP('',(#14051,#14061,#14069,#14077));
#14051 = ORIENTED_EDGE('',*,*,#14052,.F.);
#14052 = EDGE_CURVE('',#14053,#14055,#14057,.T.);
#14053 = VERTEX_POINT('',#14054);
#14054 = CARTESIAN_POINT('',(23.,87.,15.));
#14055 = VERTEX_POINT('',#14056);
#14056 = CARTESIAN_POINT('',(23.,87.,23.));
#14057 = LINE('',#14058,#14059);
#14058 = CARTESIAN_POINT('',(23.,87.,15.));
#14059 = VECTOR('',#14060,1.);
#14060 = DIRECTION('',(0.,0.,1.));
#14061 = ORIENTED_EDGE('',*,*,#14062,.T.);
#14062 = EDGE_CURVE('',#14053,#14063,#14065,.T.);
#14063 = VERTEX_POINT('',#14064);
#14064 = CARTESIAN_POINT('',(23.,93.,15.));
#14065 = LINE('',#14066,#14067);
#14066 = CARTESIAN_POINT('',(23.,87.,15.));
#14067 = VECTOR('',#14068,1.);
#14068 = DIRECTION('',(0.,1.,0.));
#14069 = ORIENTED_EDGE('',*,*,#14070,.T.);
#14070 = EDGE_CURVE('',#14063,#14071,#14073,.T.);
#14071 = VERTEX_POINT('',#14072);
#14072 = CARTESIAN_POINT('',(23.,93.,23.));
#14073 = LINE('',#14074,#14075);
#14074 = CARTESIAN_POINT('',(23.,93.,15.));
#14075 = VECTOR('',#14076,1.);
#14076 = DIRECTION('',(0.,0.,1.));
#14077 = ORIENTED_EDGE('',*,*,#14078,.F.);
#14078 = EDGE_CURVE('',#14055,#14071,#14079,.T.);
#14079 = LINE('',#14080,#14081);
#14080 = CARTESIAN_POINT('',(23.,87.,23.));
#14081 = VECTOR('',#14082,1.);
#14082 = DIRECTION('',(0.,1.,0.));
#14083 = PLANE('',#14084);
#14084 = AXIS2_PLACEMENT_3D('',#14085,#14086,#14087);
#14085 = CARTESIAN_POINT('',(23.,87.,15.));
#14086 = DIRECTION('',(1.,0.,0.));
#14087 = DIRECTION('',(0.,0.,1.));
#14088 = ADVANCED_FACE('',(#14089),#14114,.F.);
#14089 = FACE_BOUND('',#14090,.F.);
#14090 = EDGE_LOOP('',(#14091,#14099,#14100,#14108));
#14091 = ORIENTED_EDGE('',*,*,#14092,.F.);
#14092 = EDGE_CURVE('',#14053,#14093,#14095,.T.);
#14093 = VERTEX_POINT('',#14094);
#14094 = CARTESIAN_POINT('',(39.,87.,15.));
#14095 = LINE('',#14096,#14097);
#14096 = CARTESIAN_POINT('',(23.,87.,15.));
#14097 = VECTOR('',#14098,1.);
#14098 = DIRECTION('',(1.,0.,0.));
#14099 = ORIENTED_EDGE('',*,*,#14052,.T.);
#14100 = ORIENTED_EDGE('',*,*,#14101,.T.);
#14101 = EDGE_CURVE('',#14055,#14102,#14104,.T.);
#14102 = VERTEX_POINT('',#14103);
#14103 = CARTESIAN_POINT('',(39.,87.,23.));
#14104 = LINE('',#14105,#14106);
#14105 = CARTESIAN_POINT('',(23.,87.,23.));
#14106 = VECTOR('',#14107,1.);
#14107 = DIRECTION('',(1.,0.,0.));
#14108 = ORIENTED_EDGE('',*,*,#14109,.F.);
#14109 = EDGE_CURVE('',#14093,#14102,#14110,.T.);
#14110 = LINE('',#14111,#14112);
#14111 = CARTESIAN_POINT('',(39.,87.,15.));
#14112 = VECTOR('',#14113,1.);
#14113 = DIRECTION('',(0.,0.,1.));
#14114 = PLANE('',#14115);
#14115 = AXIS2_PLACEMENT_3D('',#14116,#14117,#14118);
#14116 = CARTESIAN_POINT('',(23.,87.,15.));
#14117 = DIRECTION('',(0.,1.,0.));
#14118 = DIRECTION('',(0.,0.,1.));
#14119 = ADVANCED_FACE('',(#14120),#14138,.T.);
#14120 = FACE_BOUND('',#14121,.T.);
#14121 = EDGE_LOOP('',(#14122,#14123,#14124,#14132));
#14122 = ORIENTED_EDGE('',*,*,#14078,.F.);
#14123 = ORIENTED_EDGE('',*,*,#14101,.T.);
#14124 = ORIENTED_EDGE('',*,*,#14125,.T.);
#14125 = EDGE_CURVE('',#14102,#14126,#14128,.T.);
#14126 = VERTEX_POINT('',#14127);
#14127 = CARTESIAN_POINT('',(39.,93.,23.));
#14128 = LINE('',#14129,#14130);
#14129 = CARTESIAN_POINT('',(39.,87.,23.));
#14130 = VECTOR('',#14131,1.);
#14131 = DIRECTION('',(0.,1.,0.));
#14132 = ORIENTED_EDGE('',*,*,#14133,.F.);
#14133 = EDGE_CURVE('',#14071,#14126,#14134,.T.);
#14134 = LINE('',#14135,#14136);
#14135 = CARTESIAN_POINT('',(23.,93.,23.));
#14136 = VECTOR('',#14137,1.);
#14137 = DIRECTION('',(1.,0.,0.));
#14138 = PLANE('',#14139);
#14139 = AXIS2_PLACEMENT_3D('',#14140,#14141,#14142);
#14140 = CARTESIAN_POINT('',(23.,87.,23.));
#14141 = DIRECTION('',(0.,0.,1.));
#14142 = DIRECTION('',(1.,0.,0.));
#14143 = ADVANCED_FACE('',(#14144,#14162,#14181),#14209,.T.);
#14144 = FACE_BOUND('',#14145,.T.);
#14145 = EDGE_LOOP('',(#14146,#14154,#14155,#14156));
#14146 = ORIENTED_EDGE('',*,*,#14147,.F.);
#14147 = EDGE_CURVE('',#14063,#14148,#14150,.T.);
#14148 = VERTEX_POINT('',#14149);
#14149 = CARTESIAN_POINT('',(39.,93.,15.));
#14150 = LINE('',#14151,#14152);
#14151 = CARTESIAN_POINT('',(23.,93.,15.));
#14152 = VECTOR('',#14153,1.);
#14153 = DIRECTION('',(1.,0.,0.));
#14154 = ORIENTED_EDGE('',*,*,#14070,.T.);
#14155 = ORIENTED_EDGE('',*,*,#14133,.T.);
#14156 = ORIENTED_EDGE('',*,*,#14157,.F.);
#14157 = EDGE_CURVE('',#14148,#14126,#14158,.T.);
#14158 = LINE('',#14159,#14160);
#14159 = CARTESIAN_POINT('',(39.,93.,15.));
#14160 = VECTOR('',#14161,1.);
#14161 = DIRECTION('',(0.,0.,1.));
#14162 = FACE_BOUND('',#14163,.T.);
#14163 = EDGE_LOOP('',(#14164,#14175));
#14164 = ORIENTED_EDGE('',*,*,#14165,.F.);
#14165 = EDGE_CURVE('',#14166,#14168,#14170,.T.);
#14166 = VERTEX_POINT('',#14167);
#14167 = CARTESIAN_POINT('',(27.,93.,17.5));
#14168 = VERTEX_POINT('',#14169);
#14169 = CARTESIAN_POINT('',(27.,93.,20.5));
#14170 = ELLIPSE('',#14171,1.566045976337,1.5);
#14171 = AXIS2_PLACEMENT_3D('',#14172,#14173,#14174);
#14172 = CARTESIAN_POINT('',(27.,93.,19.));
#14173 = DIRECTION('',(0.,1.,-0.));
#14174 = DIRECTION('',(-1.,0.,0.));
#14175 = ORIENTED_EDGE('',*,*,#14176,.T.);
#14176 = EDGE_CURVE('',#14166,#14168,#14177,.T.);
#14177 = LINE('',#14178,#14179);
#14178 = CARTESIAN_POINT('',(27.,93.,17.));
#14179 = VECTOR('',#14180,1.);
#14180 = DIRECTION('',(0.,0.,1.));
#14181 = FACE_BOUND('',#14182,.T.);
#14182 = EDGE_LOOP('',(#14183,#14194,#14203));
#14183 = ORIENTED_EDGE('',*,*,#14184,.F.);
#14184 = EDGE_CURVE('',#14185,#14187,#14189,.T.);
#14185 = VERTEX_POINT('',#14186);
#14186 = CARTESIAN_POINT('',(36.566045976337,93.,19.));
#14187 = VERTEX_POINT('',#14188);
#14188 = CARTESIAN_POINT('',(35.,93.,17.5));
#14189 = ELLIPSE('',#14190,1.566045976337,1.5);
#14190 = AXIS2_PLACEMENT_3D('',#14191,#14192,#14193);
#14191 = CARTESIAN_POINT('',(35.,93.,19.));
#14192 = DIRECTION('',(-0.,1.,0.));
#14193 = DIRECTION('',(1.,0.,0.));
#14194 = ORIENTED_EDGE('',*,*,#14195,.F.);
#14195 = EDGE_CURVE('',#14196,#14185,#14198,.T.);
#14196 = VERTEX_POINT('',#14197);
#14197 = CARTESIAN_POINT('',(35.,93.,20.5));
#14198 = ELLIPSE('',#14199,1.566045976337,1.5);
#14199 = AXIS2_PLACEMENT_3D('',#14200,#14201,#14202);
#14200 = CARTESIAN_POINT('',(35.,93.,19.));
#14201 = DIRECTION('',(-0.,1.,0.));
#14202 = DIRECTION('',(1.,0.,0.));
#14203 = ORIENTED_EDGE('',*,*,#14204,.T.);
#14204 = EDGE_CURVE('',#14196,#14187,#14205,.T.);
#14205 = LINE('',#14206,#14207);
#14206 = CARTESIAN_POINT('',(35.,93.,17.));
#14207 = VECTOR('',#14208,1.);
#14208 = DIRECTION('',(0.,0.,-1.));
#14209 = PLANE('',#14210);
#14210 = AXIS2_PLACEMENT_3D('',#14211,#14212,#14213);
#14211 = CARTESIAN_POINT('',(23.,93.,15.));
#14212 = DIRECTION('',(0.,1.,0.));
#14213 = DIRECTION('',(0.,0.,1.));
#14214 = ADVANCED_FACE('',(#14215),#14226,.F.);
#14215 = FACE_BOUND('',#14216,.F.);
#14216 = EDGE_LOOP('',(#14217,#14218,#14219,#14225));
#14217 = ORIENTED_EDGE('',*,*,#14062,.F.);
#14218 = ORIENTED_EDGE('',*,*,#14092,.T.);
#14219 = ORIENTED_EDGE('',*,*,#14220,.T.);
#14220 = EDGE_CURVE('',#14093,#14148,#14221,.T.);
#14221 = LINE('',#14222,#14223);
#14222 = CARTESIAN_POINT('',(39.,87.,15.));
#14223 = VECTOR('',#14224,1.);
#14224 = DIRECTION('',(0.,1.,0.));
#14225 = ORIENTED_EDGE('',*,*,#14147,.F.);
#14226 = PLANE('',#14227);
#14227 = AXIS2_PLACEMENT_3D('',#14228,#14229,#14230);
#14228 = CARTESIAN_POINT('',(23.,87.,15.));
#14229 = DIRECTION('',(0.,0.,1.));
#14230 = DIRECTION('',(1.,0.,0.));
#14231 = ADVANCED_FACE('',(#14232),#14238,.T.);
#14232 = FACE_BOUND('',#14233,.T.);
#14233 = EDGE_LOOP('',(#14234,#14235,#14236,#14237));
#14234 = ORIENTED_EDGE('',*,*,#14109,.F.);
#14235 = ORIENTED_EDGE('',*,*,#14220,.T.);
#14236 = ORIENTED_EDGE('',*,*,#14157,.T.);
#14237 = ORIENTED_EDGE('',*,*,#14125,.F.);
#14238 = PLANE('',#14239);
#14239 = AXIS2_PLACEMENT_3D('',#14240,#14241,#14242);
#14240 = CARTESIAN_POINT('',(39.,87.,15.));
#14241 = DIRECTION('',(1.,0.,0.));
#14242 = DIRECTION('',(0.,0.,1.));
#14243 = ADVANCED_FACE('',(#14244),#14279,.T.);
#14244 = FACE_BOUND('',#14245,.T.);
#14245 = EDGE_LOOP('',(#14246,#14256,#14263,#14264,#14271,#14272));
#14246 = ORIENTED_EDGE('',*,*,#14247,.T.);
#14247 = EDGE_CURVE('',#14248,#14250,#14252,.T.);
#14248 = VERTEX_POINT('',#14249);
#14249 = CARTESIAN_POINT('',(28.436739427832,93.43102182835,19.));
#14250 = VERTEX_POINT('',#14251);
#14251 = CARTESIAN_POINT('',(19.816302860841,122.16581038498,19.));
#14252 = LINE('',#14253,#14254);
#14253 = CARTESIAN_POINT('',(28.436739427832,93.43102182835,19.));
#14254 = VECTOR('',#14255,1.);
#14255 = DIRECTION('',(-0.287347885566,0.957826285221,0.));
#14256 = ORIENTED_EDGE('',*,*,#14257,.F.);
#14257 = EDGE_CURVE('',#14250,#14250,#14258,.T.);
#14258 = CIRCLE('',#14259,1.5);
#14259 = AXIS2_PLACEMENT_3D('',#14260,#14261,#14262);
#14260 = CARTESIAN_POINT('',(18.37956343301,121.73478855663,19.));
#14261 = DIRECTION('',(-0.287347885566,0.957826285221,0.));
#14262 = DIRECTION('',(0.957826285221,0.287347885566,0.));
#14263 = ORIENTED_EDGE('',*,*,#14247,.F.);
#14264 = ORIENTED_EDGE('',*,*,#14265,.T.);
#14265 = EDGE_CURVE('',#14248,#14166,#14266,.T.);
#14266 = CIRCLE('',#14267,1.5);
#14267 = AXIS2_PLACEMENT_3D('',#14268,#14269,#14270);
#14268 = CARTESIAN_POINT('',(27.,93.,19.));
#14269 = DIRECTION('',(-0.287347885566,0.957826285221,0.));
#14270 = DIRECTION('',(0.957826285221,0.287347885566,0.));
#14271 = ORIENTED_EDGE('',*,*,#14165,.T.);
#14272 = ORIENTED_EDGE('',*,*,#14273,.T.);
#14273 = EDGE_CURVE('',#14168,#14248,#14274,.T.);
#14274 = CIRCLE('',#14275,1.5);
#14275 = AXIS2_PLACEMENT_3D('',#14276,#14277,#14278);
#14276 = CARTESIAN_POINT('',(27.,93.,19.));
#14277 = DIRECTION('',(-0.287347885566,0.957826285221,0.));
#14278 = DIRECTION('',(0.957826285221,0.287347885566,0.));
#14279 = CYLINDRICAL_SURFACE('',#14280,1.5);
#14280 = AXIS2_PLACEMENT_3D('',#14281,#14282,#14283);
#14281 = CARTESIAN_POINT('',(27.,93.,19.));
#14282 = DIRECTION('',(-0.287347885566,0.957826285221,0.));
#14283 = DIRECTION('',(0.957826285221,0.287347885566,0.));
#14284 = ADVANCED_FACE('',(#14285),#14290,.F.);
#14285 = FACE_BOUND('',#14286,.F.);
#14286 = EDGE_LOOP('',(#14287,#14288,#14289));
#14287 = ORIENTED_EDGE('',*,*,#14273,.T.);
#14288 = ORIENTED_EDGE('',*,*,#14265,.T.);
#14289 = ORIENTED_EDGE('',*,*,#14176,.T.);
#14290 = PLANE('',#14291);
#14291 = AXIS2_PLACEMENT_3D('',#14292,#14293,#14294);
#14292 = CARTESIAN_POINT('',(27.,93.,19.));
#14293 = DIRECTION('',(-0.287347885566,0.957826285221,0.));
#14294 = DIRECTION('',(0.957826285221,0.287347885566,0.));
#14295 = ADVANCED_FACE('',(#14296),#14323,.T.);
#14296 = FACE_BOUND('',#14297,.T.);
#14297 = EDGE_LOOP('',(#14298,#14306,#14313,#14314,#14315,#14322));
#14298 = ORIENTED_EDGE('',*,*,#14299,.T.);
#14299 = EDGE_CURVE('',#14185,#14300,#14302,.T.);
#14300 = VERTEX_POINT('',#14301);
#14301 = CARTESIAN_POINT('',(45.057175994822,121.30376672828,19.));
#14302 = LINE('',#14303,#14304);
#14303 = CARTESIAN_POINT('',(36.436739427832,92.56897817165,19.));
#14304 = VECTOR('',#14305,1.);
#14305 = DIRECTION('',(0.287347885566,0.957826285221,0.));
#14306 = ORIENTED_EDGE('',*,*,#14307,.F.);
#14307 = EDGE_CURVE('',#14300,#14300,#14308,.T.);
#14308 = CIRCLE('',#14309,1.5);
#14309 = AXIS2_PLACEMENT_3D('',#14310,#14311,#14312);
#14310 = CARTESIAN_POINT('',(43.62043656699,121.73478855663,19.));
#14311 = DIRECTION('',(0.287347885566,0.957826285221,0.));
#14312 = DIRECTION('',(0.957826285221,-0.287347885566,0.));
#14313 = ORIENTED_EDGE('',*,*,#14299,.F.);
#14314 = ORIENTED_EDGE('',*,*,#14184,.T.);
#14315 = ORIENTED_EDGE('',*,*,#14316,.T.);
#14316 = EDGE_CURVE('',#14187,#14196,#14317,.T.);
#14317 = CIRCLE('',#14318,1.5);
#14318 = AXIS2_PLACEMENT_3D('',#14319,#14320,#14321);
#14319 = CARTESIAN_POINT('',(35.,93.,19.));
#14320 = DIRECTION('',(0.287347885566,0.957826285221,0.));
#14321 = DIRECTION('',(0.957826285221,-0.287347885566,0.));
#14322 = ORIENTED_EDGE('',*,*,#14195,.T.);
#14323 = CYLINDRICAL_SURFACE('',#14324,1.5);
#14324 = AXIS2_PLACEMENT_3D('',#14325,#14326,#14327);
#14325 = CARTESIAN_POINT('',(35.,93.,19.));
#14326 = DIRECTION('',(0.287347885566,0.957826285221,0.));
#14327 = DIRECTION('',(0.957826285221,-0.287347885566,0.));
#14328 = ADVANCED_FACE('',(#14329),#14333,.F.);
#14329 = FACE_BOUND('',#14330,.F.);
#14330 = EDGE_LOOP('',(#14331,#14332));
#14331 = ORIENTED_EDGE('',*,*,#14204,.T.);
#14332 = ORIENTED_EDGE('',*,*,#14316,.T.);
#14333 = PLANE('',#14334);
#14334 = AXIS2_PLACEMENT_3D('',#14335,#14336,#14337);
#14335 = CARTESIAN_POINT('',(35.,93.,19.));
#14336 = DIRECTION('',(0.287347885566,0.957826285221,0.));
#14337 = DIRECTION('',(0.957826285221,-0.287347885566,0.));
#14338 = ADVANCED_FACE('',(#14339),#14342,.T.);
#14339 = FACE_BOUND('',#14340,.T.);
#14340 = EDGE_LOOP('',(#14341));
#14341 = ORIENTED_EDGE('',*,*,#14257,.T.);
#14342 = PLANE('',#14343);
#14343 = AXIS2_PLACEMENT_3D('',#14344,#14345,#14346);
#14344 = CARTESIAN_POINT('',(18.37956343301,121.73478855663,19.));
#14345 = DIRECTION('',(-0.287347885566,0.957826285221,0.));
#14346 = DIRECTION('',(0.957826285221,0.287347885566,0.));
#14347 = ADVANCED_FACE('',(#14348),#14351,.T.);
#14348 = FACE_BOUND('',#14349,.T.);
#14349 = EDGE_LOOP('',(#14350));
#14350 = ORIENTED_EDGE('',*,*,#14307,.T.);
#14351 = PLANE('',#14352);
#14352 = AXIS2_PLACEMENT_3D('',#14353,#14354,#14355);
#14353 = CARTESIAN_POINT('',(43.62043656699,121.73478855663,19.));
#14354 = DIRECTION('',(0.287347885566,0.957826285221,0.));
#14355 = DIRECTION('',(0.957826285221,-0.287347885566,0.));
#14356 = MANIFOLD_SOLID_BREP('',#14357);
#14357 = CLOSED_SHELL('',(#14358,#14463,#14503,#14512,#14548,#14559,
    #14585,#14605,#14630,#14650,#14675,#14700));
#14358 = ADVANCED_FACE('',(#14359),#14458,.T.);
#14359 = FACE_BOUND('',#14360,.T.);
#14360 = EDGE_LOOP('',(#14361,#14371,#14380,#14388,#14442,#14450,#14457)
  );
#14361 = ORIENTED_EDGE('',*,*,#14362,.T.);
#14362 = EDGE_CURVE('',#14363,#14365,#14367,.T.);
#14363 = VERTEX_POINT('',#14364);
#14364 = CARTESIAN_POINT('',(0.,-12.85,37.8));
#14365 = VERTEX_POINT('',#14366);
#14366 = CARTESIAN_POINT('',(0.,-13.,37.8));
#14367 = LINE('',#14368,#14369);
#14368 = CARTESIAN_POINT('',(-5.E-17,-3.,37.8));
#14369 = VECTOR('',#14370,1.);
#14370 = DIRECTION('',(0.,-1.,0.));
#14371 = ORIENTED_EDGE('',*,*,#14372,.F.);
#14372 = EDGE_CURVE('',#14373,#14365,#14375,.T.);
#14373 = VERTEX_POINT('',#14374);
#14374 = CARTESIAN_POINT('',(0.,-13.,38.2));
#14375 = CIRCLE('',#14376,0.2);
#14376 = AXIS2_PLACEMENT_3D('',#14377,#14378,#14379);
#14377 = CARTESIAN_POINT('',(0.,-13.,38.));
#14378 = DIRECTION('',(0.,-1.,0.));
#14379 = DIRECTION('',(0.,0.,-1.));
#14380 = ORIENTED_EDGE('',*,*,#14381,.F.);
#14381 = EDGE_CURVE('',#14382,#14373,#14384,.T.);
#14382 = VERTEX_POINT('',#14383);
#14383 = CARTESIAN_POINT('',(0.,-12.85,38.2));
#14384 = LINE('',#14385,#14386);
#14385 = CARTESIAN_POINT('',(0.,-3.,38.2));
#14386 = VECTOR('',#14387,1.);
#14387 = DIRECTION('',(0.,-1.,0.));
#14388 = ORIENTED_EDGE('',*,*,#14389,.F.);
#14389 = EDGE_CURVE('',#14363,#14382,#14390,.T.);
#14390 = B_SPLINE_CURVE_WITH_KNOTS('',8,(#14391,#14392,#14393,#14394,
    #14395,#14396,#14397,#14398,#14399,#14400,#14401,#14402,#14403,
    #14404,#14405,#14406,#14407,#14408,#14409,#14410,#14411,#14412,
    #14413,#14414,#14415,#14416,#14417,#14418,#14419,#14420,#14421,
    #14422,#14423,#14424,#14425,#14426,#14427,#14428,#14429,#14430,
    #14431,#14432,#14433,#14434,#14435,#14436,#14437,#14438,#14439,
    #14440,#14441),.UNSPECIFIED.,.F.,.F.,(9,7,7,7,7,7,7,9),(0.,
    9.400889083497E-02,0.24464980762,0.367964574686,0.497314012241,
    0.629396283235,0.885749838725,1.),.UNSPECIFIED.);
#14391 = CARTESIAN_POINT('',(0.,-12.85,37.8));
#14392 = CARTESIAN_POINT('',(8.683927805265E-03,-12.85,37.8));
#14393 = CARTESIAN_POINT('',(1.729876577304E-02,-12.84942545882,
    37.800430958303));
#14394 = CARTESIAN_POINT('',(2.582462349364E-02,-12.84829231247,
    37.8012806912));
#14395 = CARTESIAN_POINT('',(3.423817361766E-02,-12.84663613696,
    37.802537311297));
#14396 = CARTESIAN_POINT('',(4.250795331076E-02,-12.84451210007,
    37.804186244125));
#14397 = CARTESIAN_POINT('',(5.059153187257E-02,-12.84199334427,
    37.806205661474));
#14398 = CARTESIAN_POINT('',(5.843454451973E-02,-12.83916780086,
    37.808560331431));
#14399 = CARTESIAN_POINT('',(7.804904354408E-02,-12.83127113362,
    37.815413921605));
#14400 = CARTESIAN_POINT('',(8.956399742444E-02,-12.82578273795,
    37.820427643381));
#14401 = CARTESIAN_POINT('',(0.100490824302,-12.81991924711,
    37.826155518561));
#14402 = CARTESIAN_POINT('',(0.110793965255,-12.81390156336,
    37.832513913613));
#14403 = CARTESIAN_POINT('',(0.120455946459,-12.80789677996,
    37.839425033428));
#14404 = CARTESIAN_POINT('',(0.12948867736,-12.802011715,37.846831026866
    ));
#14405 = CARTESIAN_POINT('',(0.137928032667,-12.79630369141,
    37.85471225779));
#14406 = CARTESIAN_POINT('',(0.152265309034,-12.78631024744,
    37.869983928146));
#14407 = CARTESIAN_POINT('',(0.158310209772,-12.78197987326,
    37.87716495401));
#14408 = CARTESIAN_POINT('',(0.163934817872,-12.77786131878,
    37.884625218289));
#14409 = CARTESIAN_POINT('',(0.169130470733,-12.77398926276,
    37.892338261725));
#14410 = CARTESIAN_POINT('',(0.173890714255,-12.77039086661,
    37.900279421795));
#14411 = CARTESIAN_POINT('',(0.178210571411,-12.76708745614,
    37.908426487786));
#14412 = CARTESIAN_POINT('',(0.182085810826,-12.76409620338,
    37.916760355876));
#14413 = CARTESIAN_POINT('',(0.189106298265,-12.75863702557,
    37.93418723888));
#14414 = CARTESIAN_POINT('',(0.192202688612,-12.75620483631,
    37.943288006161));
#14415 = CARTESIAN_POINT('',(0.194793604921,-12.75415413413,
    37.952538776134));
#14416 = CARTESIAN_POINT('',(0.196872779584,-12.75249952791,
    37.961909868678));
#14417 = CARTESIAN_POINT('',(0.198435464305,-12.75125162263,
    37.971371358379));
#14418 = CARTESIAN_POINT('',(0.19947843555,-12.75041730017,
    37.98089329944));
#14419 = CARTESIAN_POINT('',(0.2,-12.75,37.990445950591));
#14420 = CARTESIAN_POINT('',(0.2,-12.75,38.009755902824));
#14421 = CARTESIAN_POINT('',(0.199456168331,-12.75043512221,
    38.019510211603));
#14422 = CARTESIAN_POINT('',(0.198368689538,-12.7513050434,
    38.029231790457));
#14423 = CARTESIAN_POINT('',(0.196739406591,-12.75260602814,
    38.038889022219));
#14424 = CARTESIAN_POINT('',(0.194571815403,-12.75433060738,
    38.048450057629));
#14425 = CARTESIAN_POINT('',(0.191871059351,-12.75646725708,
    38.057883064527));
#14426 = CARTESIAN_POINT('',(0.188643923794,-12.75900007676,
    38.067156477044));
#14427 = CARTESIAN_POINT('',(0.177630118808,-12.76755325648,
    38.093867650109));
#14428 = CARTESIAN_POINT('',(0.168608692245,-12.77445847732,
    38.110296898438));
#14429 = CARTESIAN_POINT('',(0.157904796795,-12.7824753307,
    38.125793262422));
#14430 = CARTESIAN_POINT('',(0.145400778159,-12.79155643696,
    38.140416358023));
#14431 = CARTESIAN_POINT('',(0.130959838799,-12.8015845474,
    38.153988940797));
#14432 = CARTESIAN_POINT('',(0.114633914247,-12.81214095082,
    38.166069116892));
#14433 = CARTESIAN_POINT('',(9.672100886649E-02,-12.82234342775,
    38.17630028161));
#14434 = CARTESIAN_POINT('',(6.886627423222E-02,-12.83512323567,
    38.188000490772));
#14435 = CARTESIAN_POINT('',(5.981380207686E-02,-12.83888234807,
    38.191265399537));
#14436 = CARTESIAN_POINT('',(5.039387926843E-02,-12.84230461404,
    38.194086569526));
#14437 = CARTESIAN_POINT('',(4.068960990234E-02,-12.84524230924,
    38.196402115167));
#14438 = CARTESIAN_POINT('',(3.076380117713E-02,-12.84756683557,
    38.198175339764));
#14439 = CARTESIAN_POINT('',(2.065826152359E-02,-12.84917630507,
    38.199382082539));
#14440 = CARTESIAN_POINT('',(1.039786757806E-02,-12.85000004159,
    38.200000031194));
#14441 = CARTESIAN_POINT('',(-6.0000000007E-07,-12.84999999999,
    38.199999999999));
#14442 = ORIENTED_EDGE('',*,*,#14443,.F.);
#14443 = EDGE_CURVE('',#14444,#14363,#14446,.T.);
#14444 = VERTEX_POINT('',#14445);
#14445 = CARTESIAN_POINT('',(0.,-3.,37.8));
#14446 = LINE('',#14447,#14448);
#14447 = CARTESIAN_POINT('',(-5.E-17,-3.,37.8));
#14448 = VECTOR('',#14449,1.);
#14449 = DIRECTION('',(0.,-1.,0.));
#14450 = ORIENTED_EDGE('',*,*,#14451,.T.);
#14451 = EDGE_CURVE('',#14444,#14444,#14452,.T.);
#14452 = CIRCLE('',#14453,0.2);
#14453 = AXIS2_PLACEMENT_3D('',#14454,#14455,#14456);
#14454 = CARTESIAN_POINT('',(0.,-3.,38.));
#14455 = DIRECTION('',(0.,-1.,0.));
#14456 = DIRECTION('',(0.,0.,-1.));
#14457 = ORIENTED_EDGE('',*,*,#14443,.T.);
#14458 = CYLINDRICAL_SURFACE('',#14459,0.2);
#14459 = AXIS2_PLACEMENT_3D('',#14460,#14461,#14462);
#14460 = CARTESIAN_POINT('',(0.,-3.,38.));
#14461 = DIRECTION('',(0.,-1.,0.));
#14462 = DIRECTION('',(0.,0.,-1.));
#14463 = ADVANCED_FACE('',(#14464),#14498,.F.);
#14464 = FACE_BOUND('',#14465,.F.);
#14465 = EDGE_LOOP('',(#14466,#14475,#14482,#14483,#14491,#14497));
#14466 = ORIENTED_EDGE('',*,*,#14467,.T.);
#14467 = EDGE_CURVE('',#14382,#14468,#14470,.T.);
#14468 = VERTEX_POINT('',#14469);
#14469 = CARTESIAN_POINT('',(0.,-13.,38.25));
#14470 = CIRCLE('',#14471,0.25);
#14471 = AXIS2_PLACEMENT_3D('',#14472,#14473,#14474);
#14472 = CARTESIAN_POINT('',(0.,-13.,38.));
#14473 = DIRECTION('',(1.,0.,-0.));
#14474 = DIRECTION('',(0.,0.,1.));
#14475 = ORIENTED_EDGE('',*,*,#14476,.T.);
#14476 = EDGE_CURVE('',#14468,#14363,#14477,.T.);
#14477 = CIRCLE('',#14478,0.25);
#14478 = AXIS2_PLACEMENT_3D('',#14479,#14480,#14481);
#14479 = CARTESIAN_POINT('',(0.,-13.,38.));
#14480 = DIRECTION('',(1.,0.,-0.));
#14481 = DIRECTION('',(0.,0.,1.));
#14482 = ORIENTED_EDGE('',*,*,#14362,.T.);
#14483 = ORIENTED_EDGE('',*,*,#14484,.T.);
#14484 = EDGE_CURVE('',#14365,#14485,#14487,.T.);
#14485 = VERTEX_POINT('',#14486);
#14486 = CARTESIAN_POINT('',(0.,-13.,38.));
#14487 = LINE('',#14488,#14489);
#14488 = CARTESIAN_POINT('',(0.,-13.,38.));
#14489 = VECTOR('',#14490,1.);
#14490 = DIRECTION('',(0.,0.,1.));
#14491 = ORIENTED_EDGE('',*,*,#14492,.T.);
#14492 = EDGE_CURVE('',#14485,#14373,#14493,.T.);
#14493 = LINE('',#14494,#14495);
#14494 = CARTESIAN_POINT('',(0.,-13.,38.));
#14495 = VECTOR('',#14496,1.);
#14496 = DIRECTION('',(0.,0.,1.));
#14497 = ORIENTED_EDGE('',*,*,#14381,.F.);
#14498 = PLANE('',#14499);
#14499 = AXIS2_PLACEMENT_3D('',#14500,#14501,#14502);
#14500 = CARTESIAN_POINT('',(0.,-13.,38.));
#14501 = DIRECTION('',(1.,0.,0.));
#14502 = DIRECTION('',(0.,0.,1.));
#14503 = ADVANCED_FACE('',(#14504),#14507,.F.);
#14504 = FACE_BOUND('',#14505,.T.);
#14505 = EDGE_LOOP('',(#14506));
#14506 = ORIENTED_EDGE('',*,*,#14451,.F.);
#14507 = PLANE('',#14508);
#14508 = AXIS2_PLACEMENT_3D('',#14509,#14510,#14511);
#14509 = CARTESIAN_POINT('',(0.,-3.,38.));
#14510 = DIRECTION('',(0.,-1.,0.));
#14511 = DIRECTION('',(0.,0.,-1.));
#14512 = ADVANCED_FACE('',(#14513),#14543,.T.);
#14513 = FACE_BOUND('',#14514,.T.);
#14514 = EDGE_LOOP('',(#14515,#14516,#14524,#14533,#14540,#14541,#14542)
  );
#14515 = ORIENTED_EDGE('',*,*,#14467,.T.);
#14516 = ORIENTED_EDGE('',*,*,#14517,.T.);
#14517 = EDGE_CURVE('',#14468,#14518,#14520,.T.);
#14518 = VERTEX_POINT('',#14519);
#14519 = CARTESIAN_POINT('',(0.78125,-13.,38.25));
#14520 = LINE('',#14521,#14522);
#14521 = CARTESIAN_POINT('',(0.,-13.,38.25));
#14522 = VECTOR('',#14523,1.);
#14523 = DIRECTION('',(1.,0.,0.));
#14524 = ORIENTED_EDGE('',*,*,#14525,.F.);
#14525 = EDGE_CURVE('',#14526,#14518,#14528,.T.);
#14526 = VERTEX_POINT('',#14527);
#14527 = CARTESIAN_POINT('',(0.781250000001,-13.,37.75));
#14528 = CIRCLE('',#14529,0.25);
#14529 = AXIS2_PLACEMENT_3D('',#14530,#14531,#14532);
#14530 = CARTESIAN_POINT('',(0.78125,-13.,38.));
#14531 = DIRECTION('',(1.,0.,-0.));
#14532 = DIRECTION('',(0.,0.,1.));
#14533 = ORIENTED_EDGE('',*,*,#14534,.F.);
#14534 = EDGE_CURVE('',#14518,#14526,#14535,.T.);
#14535 = CIRCLE('',#14536,0.25);
#14536 = AXIS2_PLACEMENT_3D('',#14537,#14538,#14539);
#14537 = CARTESIAN_POINT('',(0.78125,-13.,38.));
#14538 = DIRECTION('',(1.,0.,-0.));
#14539 = DIRECTION('',(0.,0.,1.));
#14540 = ORIENTED_EDGE('',*,*,#14517,.F.);
#14541 = ORIENTED_EDGE('',*,*,#14476,.T.);
#14542 = ORIENTED_EDGE('',*,*,#14389,.T.);
#14543 = CYLINDRICAL_SURFACE('',#14544,0.25);
#14544 = AXIS2_PLACEMENT_3D('',#14545,#14546,#14547);
#14545 = CARTESIAN_POINT('',(0.,-13.,38.));
#14546 = DIRECTION('',(1.,0.,0.));
#14547 = DIRECTION('',(0.,0.,1.));
#14548 = ADVANCED_FACE('',(#14549),#14554,.T.);
#14549 = FACE_BOUND('',#14550,.T.);
#14550 = EDGE_LOOP('',(#14551,#14552,#14553));
#14551 = ORIENTED_EDGE('',*,*,#14372,.T.);
#14552 = ORIENTED_EDGE('',*,*,#14484,.T.);
#14553 = ORIENTED_EDGE('',*,*,#14492,.T.);
#14554 = PLANE('',#14555);
#14555 = AXIS2_PLACEMENT_3D('',#14556,#14557,#14558);
#14556 = CARTESIAN_POINT('',(0.,-13.,38.));
#14557 = DIRECTION('',(0.,-1.,0.));
#14558 = DIRECTION('',(0.,0.,-1.));
#14559 = ADVANCED_FACE('',(#14560),#14580,.T.);
#14560 = FACE_BOUND('',#14561,.T.);
#14561 = EDGE_LOOP('',(#14562,#14563,#14571,#14578,#14579));
#14562 = ORIENTED_EDGE('',*,*,#14534,.T.);
#14563 = ORIENTED_EDGE('',*,*,#14564,.F.);
#14564 = EDGE_CURVE('',#14565,#14526,#14567,.T.);
#14565 = VERTEX_POINT('',#14566);
#14566 = CARTESIAN_POINT('',(2.5,-13.,37.2));
#14567 = LINE('',#14568,#14569);
#14568 = CARTESIAN_POINT('',(2.5,-13.,37.2));
#14569 = VECTOR('',#14570,1.);
#14570 = DIRECTION('',(-0.952424147199,-7.E-17,0.304775727104));
#14571 = ORIENTED_EDGE('',*,*,#14572,.T.);
#14572 = EDGE_CURVE('',#14565,#14565,#14573,.T.);
#14573 = CIRCLE('',#14574,0.8);
#14574 = AXIS2_PLACEMENT_3D('',#14575,#14576,#14577);
#14575 = CARTESIAN_POINT('',(2.5,-13.,38.));
#14576 = DIRECTION('',(-1.,-0.,-0.));
#14577 = DIRECTION('',(0.,0.,-1.));
#14578 = ORIENTED_EDGE('',*,*,#14564,.T.);
#14579 = ORIENTED_EDGE('',*,*,#14525,.T.);
#14580 = CONICAL_SURFACE('',#14581,0.8,0.309702944542);
#14581 = AXIS2_PLACEMENT_3D('',#14582,#14583,#14584);
#14582 = CARTESIAN_POINT('',(2.5,-13.,38.));
#14583 = DIRECTION('',(1.,0.,0.));
#14584 = DIRECTION('',(0.,0.,-1.));
#14585 = ADVANCED_FACE('',(#14586,#14589),#14600,.F.);
#14586 = FACE_BOUND('',#14587,.F.);
#14587 = EDGE_LOOP('',(#14588));
#14588 = ORIENTED_EDGE('',*,*,#14572,.T.);
#14589 = FACE_BOUND('',#14590,.F.);
#14590 = EDGE_LOOP('',(#14591));
#14591 = ORIENTED_EDGE('',*,*,#14592,.T.);
#14592 = EDGE_CURVE('',#14593,#14593,#14595,.T.);
#14593 = VERTEX_POINT('',#14594);
#14594 = CARTESIAN_POINT('',(2.5,-13.,38.25));
#14595 = CIRCLE('',#14596,0.25);
#14596 = AXIS2_PLACEMENT_3D('',#14597,#14598,#14599);
#14597 = CARTESIAN_POINT('',(2.5,-13.,38.));
#14598 = DIRECTION('',(1.,0.,-0.));
#14599 = DIRECTION('',(0.,0.,1.));
#14600 = PLANE('',#14601);
#14601 = AXIS2_PLACEMENT_3D('',#14602,#14603,#14604);
#14602 = CARTESIAN_POINT('',(2.5,-13.,38.));
#14603 = DIRECTION('',(-1.,-0.,-0.));
#14604 = DIRECTION('',(0.,0.,-1.));
#14605 = ADVANCED_FACE('',(#14606),#14625,.T.);
#14606 = FACE_BOUND('',#14607,.T.);
#14607 = EDGE_LOOP('',(#14608,#14616,#14617,#14618));
#14608 = ORIENTED_EDGE('',*,*,#14609,.F.);
#14609 = EDGE_CURVE('',#14593,#14610,#14612,.T.);
#14610 = VERTEX_POINT('',#14611);
#14611 = CARTESIAN_POINT('',(59.5,-13.,38.25));
#14612 = LINE('',#14613,#14614);
#14613 = CARTESIAN_POINT('',(0.,-13.,38.25));
#14614 = VECTOR('',#14615,1.);
#14615 = DIRECTION('',(1.,0.,0.));
#14616 = ORIENTED_EDGE('',*,*,#14592,.T.);
#14617 = ORIENTED_EDGE('',*,*,#14609,.T.);
#14618 = ORIENTED_EDGE('',*,*,#14619,.F.);
#14619 = EDGE_CURVE('',#14610,#14610,#14620,.T.);
#14620 = CIRCLE('',#14621,0.25);
#14621 = AXIS2_PLACEMENT_3D('',#14622,#14623,#14624);
#14622 = CARTESIAN_POINT('',(59.5,-13.,38.));
#14623 = DIRECTION('',(1.,0.,-0.));
#14624 = DIRECTION('',(0.,0.,1.));
#14625 = CYLINDRICAL_SURFACE('',#14626,0.25);
#14626 = AXIS2_PLACEMENT_3D('',#14627,#14628,#14629);
#14627 = CARTESIAN_POINT('',(0.,-13.,38.));
#14628 = DIRECTION('',(1.,0.,0.));
#14629 = DIRECTION('',(0.,0.,1.));
#14630 = ADVANCED_FACE('',(#14631,#14642),#14645,.F.);
#14631 = FACE_BOUND('',#14632,.F.);
#14632 = EDGE_LOOP('',(#14633));
#14633 = ORIENTED_EDGE('',*,*,#14634,.T.);
#14634 = EDGE_CURVE('',#14635,#14635,#14637,.T.);
#14635 = VERTEX_POINT('',#14636);
#14636 = CARTESIAN_POINT('',(59.5,-13.,38.8));
#14637 = CIRCLE('',#14638,0.8);
#14638 = AXIS2_PLACEMENT_3D('',#14639,#14640,#14641);
#14639 = CARTESIAN_POINT('',(59.5,-13.,38.));
#14640 = DIRECTION('',(1.,0.,-0.));
#14641 = DIRECTION('',(0.,0.,1.));
#14642 = FACE_BOUND('',#14643,.F.);
#14643 = EDGE_LOOP('',(#14644));
#14644 = ORIENTED_EDGE('',*,*,#14619,.F.);
#14645 = PLANE('',#14646);
#14646 = AXIS2_PLACEMENT_3D('',#14647,#14648,#14649);
#14647 = CARTESIAN_POINT('',(59.5,-13.,38.));
#14648 = DIRECTION('',(1.,0.,0.));
#14649 = DIRECTION('',(0.,0.,1.));
#14650 = ADVANCED_FACE('',(#14651),#14670,.T.);
#14651 = FACE_BOUND('',#14652,.T.);
#14652 = EDGE_LOOP('',(#14653,#14662,#14668,#14669));
#14653 = ORIENTED_EDGE('',*,*,#14654,.F.);
#14654 = EDGE_CURVE('',#14655,#14655,#14657,.T.);
#14655 = VERTEX_POINT('',#14656);
#14656 = CARTESIAN_POINT('',(61.21875,-13.,38.25));
#14657 = CIRCLE('',#14658,0.25);
#14658 = AXIS2_PLACEMENT_3D('',#14659,#14660,#14661);
#14659 = CARTESIAN_POINT('',(61.21875,-13.,38.));
#14660 = DIRECTION('',(1.,0.,-0.));
#14661 = DIRECTION('',(0.,0.,1.));
#14662 = ORIENTED_EDGE('',*,*,#14663,.F.);
#14663 = EDGE_CURVE('',#14635,#14655,#14664,.T.);
#14664 = LINE('',#14665,#14666);
#14665 = CARTESIAN_POINT('',(59.5,-13.,38.8));
#14666 = VECTOR('',#14667,1.);
#14667 = DIRECTION('',(0.952424147199,-7.E-17,-0.304775727104));
#14668 = ORIENTED_EDGE('',*,*,#14634,.T.);
#14669 = ORIENTED_EDGE('',*,*,#14663,.T.);
#14670 = CONICAL_SURFACE('',#14671,0.8,0.309702944542);
#14671 = AXIS2_PLACEMENT_3D('',#14672,#14673,#14674);
#14672 = CARTESIAN_POINT('',(59.5,-13.,38.));
#14673 = DIRECTION('',(-1.,-0.,-0.));
#14674 = DIRECTION('',(0.,0.,1.));
#14675 = ADVANCED_FACE('',(#14676),#14695,.T.);
#14676 = FACE_BOUND('',#14677,.T.);
#14677 = EDGE_LOOP('',(#14678,#14679,#14687,#14694));
#14678 = ORIENTED_EDGE('',*,*,#14654,.T.);
#14679 = ORIENTED_EDGE('',*,*,#14680,.T.);
#14680 = EDGE_CURVE('',#14655,#14681,#14683,.T.);
#14681 = VERTEX_POINT('',#14682);
#14682 = CARTESIAN_POINT('',(62.,-13.,38.25));
#14683 = LINE('',#14684,#14685);
#14684 = CARTESIAN_POINT('',(0.,-13.,38.25));
#14685 = VECTOR('',#14686,1.);
#14686 = DIRECTION('',(1.,0.,0.));
#14687 = ORIENTED_EDGE('',*,*,#14688,.F.);
#14688 = EDGE_CURVE('',#14681,#14681,#14689,.T.);
#14689 = CIRCLE('',#14690,0.25);
#14690 = AXIS2_PLACEMENT_3D('',#14691,#14692,#14693);
#14691 = CARTESIAN_POINT('',(62.,-13.,38.));
#14692 = DIRECTION('',(1.,0.,-0.));
#14693 = DIRECTION('',(0.,0.,1.));
#14694 = ORIENTED_EDGE('',*,*,#14680,.F.);
#14695 = CYLINDRICAL_SURFACE('',#14696,0.25);
#14696 = AXIS2_PLACEMENT_3D('',#14697,#14698,#14699);
#14697 = CARTESIAN_POINT('',(0.,-13.,38.));
#14698 = DIRECTION('',(1.,0.,0.));
#14699 = DIRECTION('',(0.,0.,1.));
#14700 = ADVANCED_FACE('',(#14701),#14704,.T.);
#14701 = FACE_BOUND('',#14702,.T.);
#14702 = EDGE_LOOP('',(#14703));
#14703 = ORIENTED_EDGE('',*,*,#14688,.T.);
#14704 = PLANE('',#14705);
#14705 = AXIS2_PLACEMENT_3D('',#14706,#14707,#14708);
#14706 = CARTESIAN_POINT('',(62.,-13.,38.));
#14707 = DIRECTION('',(1.,0.,0.));
#14708 = DIRECTION('',(0.,0.,1.));
#14709 = MANIFOLD_SOLID_BREP('',#14710);
#14710 = CLOSED_SHELL('',(#14711,#14744,#14753));
#14711 = ADVANCED_FACE('',(#14712),#14739,.T.);
#14712 = FACE_BOUND('',#14713,.T.);
#14713 = EDGE_LOOP('',(#14714,#14723,#14731,#14738));
#14714 = ORIENTED_EDGE('',*,*,#14715,.F.);
#14715 = EDGE_CURVE('',#14716,#14716,#14718,.T.);
#14716 = VERTEX_POINT('',#14717);
#14717 = CARTESIAN_POINT('',(62.,-4.,37.8));
#14718 = CIRCLE('',#14719,0.2);
#14719 = AXIS2_PLACEMENT_3D('',#14720,#14721,#14722);
#14720 = CARTESIAN_POINT('',(62.,-4.,38.));
#14721 = DIRECTION('',(0.,-1.,0.));
#14722 = DIRECTION('',(0.,0.,-1.));
#14723 = ORIENTED_EDGE('',*,*,#14724,.F.);
#14724 = EDGE_CURVE('',#14725,#14716,#14727,.T.);
#14725 = VERTEX_POINT('',#14726);
#14726 = CARTESIAN_POINT('',(62.,-3.,37.8));
#14727 = LINE('',#14728,#14729);
#14728 = CARTESIAN_POINT('',(62.,-3.,37.8));
#14729 = VECTOR('',#14730,1.);
#14730 = DIRECTION('',(0.,-1.,0.));
#14731 = ORIENTED_EDGE('',*,*,#14732,.T.);
#14732 = EDGE_CURVE('',#14725,#14725,#14733,.T.);
#14733 = CIRCLE('',#14734,0.2);
#14734 = AXIS2_PLACEMENT_3D('',#14735,#14736,#14737);
#14735 = CARTESIAN_POINT('',(62.,-3.,38.));
#14736 = DIRECTION('',(0.,-1.,0.));
#14737 = DIRECTION('',(0.,0.,-1.));
#14738 = ORIENTED_EDGE('',*,*,#14724,.T.);
#14739 = CYLINDRICAL_SURFACE('',#14740,0.2);
#14740 = AXIS2_PLACEMENT_3D('',#14741,#14742,#14743);
#14741 = CARTESIAN_POINT('',(62.,-3.,38.));
#14742 = DIRECTION('',(0.,-1.,0.));
#14743 = DIRECTION('',(0.,0.,-1.));
#14744 = ADVANCED_FACE('',(#14745),#14748,.T.);
#14745 = FACE_BOUND('',#14746,.T.);
#14746 = EDGE_LOOP('',(#14747));
#14747 = ORIENTED_EDGE('',*,*,#14715,.T.);
#14748 = PLANE('',#14749);
#14749 = AXIS2_PLACEMENT_3D('',#14750,#14751,#14752);
#14750 = CARTESIAN_POINT('',(62.,-4.,38.));
#14751 = DIRECTION('',(0.,-1.,0.));
#14752 = DIRECTION('',(0.,0.,-1.));
#14753 = ADVANCED_FACE('',(#14754),#14757,.F.);
#14754 = FACE_BOUND('',#14755,.T.);
#14755 = EDGE_LOOP('',(#14756));
#14756 = ORIENTED_EDGE('',*,*,#14732,.F.);
#14757 = PLANE('',#14758);
#14758 = AXIS2_PLACEMENT_3D('',#14759,#14760,#14761);
#14759 = CARTESIAN_POINT('',(62.,-3.,38.));
#14760 = DIRECTION('',(0.,-1.,0.));
#14761 = DIRECTION('',(0.,0.,-1.));
#14762 = MANIFOLD_SOLID_BREP('',#14763);
#14763 = CLOSED_SHELL('',(#14764,#14869,#14892,#14920,#14956,#14965,
    #14991,#15011,#15036,#15056,#15081,#15106));
#14764 = ADVANCED_FACE('',(#14765),#14864,.T.);
#14765 = FACE_BOUND('',#14766,.T.);
#14766 = EDGE_LOOP('',(#14767,#14778,#14786,#14794,#14801,#14802,#14858)
  );
#14767 = ORIENTED_EDGE('',*,*,#14768,.F.);
#14768 = EDGE_CURVE('',#14769,#14771,#14773,.T.);
#14769 = VERTEX_POINT('',#14770);
#14770 = CARTESIAN_POINT('',(-13.,0.,37.8));
#14771 = VERTEX_POINT('',#14772);
#14772 = CARTESIAN_POINT('',(-13.,0.,38.2));
#14773 = CIRCLE('',#14774,0.2);
#14774 = AXIS2_PLACEMENT_3D('',#14775,#14776,#14777);
#14775 = CARTESIAN_POINT('',(-13.,0.,38.));
#14776 = DIRECTION('',(-1.,0.,0.));
#14777 = DIRECTION('',(0.,0.,-1.));
#14778 = ORIENTED_EDGE('',*,*,#14779,.F.);
#14779 = EDGE_CURVE('',#14780,#14769,#14782,.T.);
#14780 = VERTEX_POINT('',#14781);
#14781 = CARTESIAN_POINT('',(-12.85,0.,37.8));
#14782 = LINE('',#14783,#14784);
#14783 = CARTESIAN_POINT('',(-3.,5.E-17,37.8));
#14784 = VECTOR('',#14785,1.);
#14785 = DIRECTION('',(-1.,0.,0.));
#14786 = ORIENTED_EDGE('',*,*,#14787,.F.);
#14787 = EDGE_CURVE('',#14788,#14780,#14790,.T.);
#14788 = VERTEX_POINT('',#14789);
#14789 = CARTESIAN_POINT('',(-3.,0.,37.8));
#14790 = LINE('',#14791,#14792);
#14791 = CARTESIAN_POINT('',(-3.,5.E-17,37.8));
#14792 = VECTOR('',#14793,1.);
#14793 = DIRECTION('',(-1.,0.,0.));
#14794 = ORIENTED_EDGE('',*,*,#14795,.T.);
#14795 = EDGE_CURVE('',#14788,#14788,#14796,.T.);
#14796 = CIRCLE('',#14797,0.2);
#14797 = AXIS2_PLACEMENT_3D('',#14798,#14799,#14800);
#14798 = CARTESIAN_POINT('',(-3.,0.,38.));
#14799 = DIRECTION('',(-1.,0.,0.));
#14800 = DIRECTION('',(0.,0.,-1.));
#14801 = ORIENTED_EDGE('',*,*,#14787,.T.);
#14802 = ORIENTED_EDGE('',*,*,#14803,.F.);
#14803 = EDGE_CURVE('',#14804,#14780,#14806,.T.);
#14804 = VERTEX_POINT('',#14805);
#14805 = CARTESIAN_POINT('',(-12.85,0.,38.2));
#14806 = B_SPLINE_CURVE_WITH_KNOTS('',8,(#14807,#14808,#14809,#14810,
    #14811,#14812,#14813,#14814,#14815,#14816,#14817,#14818,#14819,
    #14820,#14821,#14822,#14823,#14824,#14825,#14826,#14827,#14828,
    #14829,#14830,#14831,#14832,#14833,#14834,#14835,#14836,#14837,
    #14838,#14839,#14840,#14841,#14842,#14843,#14844,#14845,#14846,
    #14847,#14848,#14849,#14850,#14851,#14852,#14853,#14854,#14855,
    #14856,#14857),.UNSPECIFIED.,.F.,.F.,(9,7,7,7,7,7,7,9),(0.,
    9.400969227149E-02,0.244650609522,0.367965376969,0.497314814922,
    0.629397086324,0.885750642599,1.),.UNSPECIFIED.);
#14807 = CARTESIAN_POINT('',(-12.84999999999,-5.9999999992E-07,
    38.199999999999));
#14808 = CARTESIAN_POINT('',(-12.85000003473,8.683404176882E-03,
    38.200000026051));
#14809 = CARTESIAN_POINT('',(-12.84942551791,1.729832015643E-02,
    38.199569086011));
#14810 = CARTESIAN_POINT('',(-12.84829238468,2.582425664568E-02,
    38.198719363585));
#14811 = CARTESIAN_POINT('',(-12.84663621106,3.42378855012E-02,
    38.197462746224));
#14812 = CARTESIAN_POINT('',(-12.84451216575,4.250774288899E-02,
    38.195813808547));
#14813 = CARTESIAN_POINT('',(-12.84199339302,5.059139670963E-02,
    38.193794379181));
#14814 = CARTESIAN_POINT('',(-12.83916782672,5.843448028882E-02,
    38.191439691012));
#14815 = CARTESIAN_POINT('',(-12.83127113362,7.804904354408E-02,
    38.184586078395));
#14816 = CARTESIAN_POINT('',(-12.82578273795,8.956399742443E-02,
    38.179572356619));
#14817 = CARTESIAN_POINT('',(-12.81991924711,0.100490824302,
    38.173844481439));
#14818 = CARTESIAN_POINT('',(-12.81390156336,0.110793965255,
    38.167486086387));
#14819 = CARTESIAN_POINT('',(-12.80789677996,0.120455946459,
    38.160574966572));
#14820 = CARTESIAN_POINT('',(-12.802011715,0.12948867736,38.153168973134
    ));
#14821 = CARTESIAN_POINT('',(-12.79630369141,0.137928032667,
    38.14528774221));
#14822 = CARTESIAN_POINT('',(-12.78631024744,0.152265309034,
    38.130016071854));
#14823 = CARTESIAN_POINT('',(-12.78197987326,0.158310209772,
    38.12283504599));
#14824 = CARTESIAN_POINT('',(-12.77786131878,0.163934817872,
    38.115374781711));
#14825 = CARTESIAN_POINT('',(-12.77398926276,0.169130470733,
    38.107661738275));
#14826 = CARTESIAN_POINT('',(-12.77039086661,0.173890714255,
    38.099720578205));
#14827 = CARTESIAN_POINT('',(-12.76708745614,0.178210571411,
    38.091573512214));
#14828 = CARTESIAN_POINT('',(-12.76409620338,0.182085810826,
    38.083239644124));
#14829 = CARTESIAN_POINT('',(-12.75863702557,0.189106298265,
    38.06581276112));
#14830 = CARTESIAN_POINT('',(-12.75620483631,0.192202688612,
    38.056711993839));
#14831 = CARTESIAN_POINT('',(-12.75415413413,0.194793604921,
    38.047461223866));
#14832 = CARTESIAN_POINT('',(-12.75249952791,0.196872779584,
    38.038090131322));
#14833 = CARTESIAN_POINT('',(-12.75125162263,0.198435464305,
    38.028628641621));
#14834 = CARTESIAN_POINT('',(-12.75041730017,0.19947843555,
    38.01910670056));
#14835 = CARTESIAN_POINT('',(-12.75,0.2,38.009554049409));
#14836 = CARTESIAN_POINT('',(-12.75,0.2,37.990244097176));
#14837 = CARTESIAN_POINT('',(-12.75043512221,0.199456168331,
    37.980489788397));
#14838 = CARTESIAN_POINT('',(-12.7513050434,0.198368689538,
    37.970768209543));
#14839 = CARTESIAN_POINT('',(-12.75260602814,0.196739406591,
    37.961110977781));
#14840 = CARTESIAN_POINT('',(-12.75433060738,0.194571815403,
    37.951549942371));
#14841 = CARTESIAN_POINT('',(-12.75646725708,0.191871059351,
    37.942116935473));
#14842 = CARTESIAN_POINT('',(-12.75900007676,0.188643923794,
    37.932843522956));
#14843 = CARTESIAN_POINT('',(-12.76755325648,0.177630118808,
    37.906132349892));
#14844 = CARTESIAN_POINT('',(-12.77445847732,0.168608692245,
    37.889703101561));
#14845 = CARTESIAN_POINT('',(-12.7824753307,0.157904796794,
    37.874206737578));
#14846 = CARTESIAN_POINT('',(-12.79155643695,0.14540077816,
    37.859583641979));
#14847 = CARTESIAN_POINT('',(-12.8015845474,0.130959838799,
    37.846011059202));
#14848 = CARTESIAN_POINT('',(-12.81214095082,0.114633914246,
    37.833930883108));
#14849 = CARTESIAN_POINT('',(-12.82234342775,9.672100886675E-02,
    37.82369971839));
#14850 = CARTESIAN_POINT('',(-12.83512320794,6.886633467789E-02,
    37.811999534618));
#14851 = CARTESIAN_POINT('',(-12.83888229396,5.981393211668E-02,
    37.808734647525));
#14852 = CARTESIAN_POINT('',(-12.84230453919,5.03940847237E-02,
    37.805913492217));
#14853 = CARTESIAN_POINT('',(-12.84524222309,4.068989389175E-02,
    37.80359795273));
#14854 = CARTESIAN_POINT('',(-12.8475667504,3.076416491259E-02,
    37.801824725195));
#14855 = CARTESIAN_POINT('',(-12.8491762347,2.065870503757E-02,
    37.800617970227));
#14856 = CARTESIAN_POINT('',(-12.85,1.0398390143E-02,37.8));
#14857 = CARTESIAN_POINT('',(-12.85,5.E-17,37.8));
#14858 = ORIENTED_EDGE('',*,*,#14859,.T.);
#14859 = EDGE_CURVE('',#14804,#14771,#14860,.T.);
#14860 = LINE('',#14861,#14862);
#14861 = CARTESIAN_POINT('',(-3.,0.,38.2));
#14862 = VECTOR('',#14863,1.);
#14863 = DIRECTION('',(-1.,0.,0.));
#14864 = CYLINDRICAL_SURFACE('',#14865,0.2);
#14865 = AXIS2_PLACEMENT_3D('',#14866,#14867,#14868);
#14866 = CARTESIAN_POINT('',(-3.,0.,38.));
#14867 = DIRECTION('',(-1.,0.,0.));
#14868 = DIRECTION('',(0.,0.,-1.));
#14869 = ADVANCED_FACE('',(#14870),#14887,.T.);
#14870 = FACE_BOUND('',#14871,.T.);
#14871 = EDGE_LOOP('',(#14872,#14880,#14886));
#14872 = ORIENTED_EDGE('',*,*,#14873,.T.);
#14873 = EDGE_CURVE('',#14771,#14874,#14876,.T.);
#14874 = VERTEX_POINT('',#14875);
#14875 = CARTESIAN_POINT('',(-13.,0.,38.));
#14876 = LINE('',#14877,#14878);
#14877 = CARTESIAN_POINT('',(-13.,0.,38.));
#14878 = VECTOR('',#14879,1.);
#14879 = DIRECTION('',(0.,0.,-1.));
#14880 = ORIENTED_EDGE('',*,*,#14881,.T.);
#14881 = EDGE_CURVE('',#14874,#14769,#14882,.T.);
#14882 = LINE('',#14883,#14884);
#14883 = CARTESIAN_POINT('',(-13.,0.,38.));
#14884 = VECTOR('',#14885,1.);
#14885 = DIRECTION('',(0.,0.,-1.));
#14886 = ORIENTED_EDGE('',*,*,#14768,.T.);
#14887 = PLANE('',#14888);
#14888 = AXIS2_PLACEMENT_3D('',#14889,#14890,#14891);
#14889 = CARTESIAN_POINT('',(-13.,0.,38.));
#14890 = DIRECTION('',(-1.,0.,0.));
#14891 = DIRECTION('',(0.,0.,-1.));
#14892 = ADVANCED_FACE('',(#14893),#14915,.F.);
#14893 = FACE_BOUND('',#14894,.F.);
#14894 = EDGE_LOOP('',(#14895,#14896,#14905,#14912,#14913,#14914));
#14895 = ORIENTED_EDGE('',*,*,#14779,.F.);
#14896 = ORIENTED_EDGE('',*,*,#14897,.T.);
#14897 = EDGE_CURVE('',#14780,#14898,#14900,.T.);
#14898 = VERTEX_POINT('',#14899);
#14899 = CARTESIAN_POINT('',(-13.,0.,38.25));
#14900 = CIRCLE('',#14901,0.25);
#14901 = AXIS2_PLACEMENT_3D('',#14902,#14903,#14904);
#14902 = CARTESIAN_POINT('',(-13.,0.,38.));
#14903 = DIRECTION('',(0.,1.,0.));
#14904 = DIRECTION('',(0.,0.,1.));
#14905 = ORIENTED_EDGE('',*,*,#14906,.T.);
#14906 = EDGE_CURVE('',#14898,#14804,#14907,.T.);
#14907 = CIRCLE('',#14908,0.25);
#14908 = AXIS2_PLACEMENT_3D('',#14909,#14910,#14911);
#14909 = CARTESIAN_POINT('',(-13.,0.,38.));
#14910 = DIRECTION('',(0.,1.,0.));
#14911 = DIRECTION('',(0.,0.,1.));
#14912 = ORIENTED_EDGE('',*,*,#14859,.T.);
#14913 = ORIENTED_EDGE('',*,*,#14873,.T.);
#14914 = ORIENTED_EDGE('',*,*,#14881,.T.);
#14915 = PLANE('',#14916);
#14916 = AXIS2_PLACEMENT_3D('',#14917,#14918,#14919);
#14917 = CARTESIAN_POINT('',(-13.,0.,38.));
#14918 = DIRECTION('',(0.,1.,0.));
#14919 = DIRECTION('',(0.,0.,1.));
#14920 = ADVANCED_FACE('',(#14921),#14951,.T.);
#14921 = FACE_BOUND('',#14922,.T.);
#14922 = EDGE_LOOP('',(#14923,#14924,#14932,#14941,#14948,#14949,#14950)
  );
#14923 = ORIENTED_EDGE('',*,*,#14897,.T.);
#14924 = ORIENTED_EDGE('',*,*,#14925,.T.);
#14925 = EDGE_CURVE('',#14898,#14926,#14928,.T.);
#14926 = VERTEX_POINT('',#14927);
#14927 = CARTESIAN_POINT('',(-13.,0.78125,38.25));
#14928 = LINE('',#14929,#14930);
#14929 = CARTESIAN_POINT('',(-13.,0.,38.25));
#14930 = VECTOR('',#14931,1.);
#14931 = DIRECTION('',(0.,1.,0.));
#14932 = ORIENTED_EDGE('',*,*,#14933,.F.);
#14933 = EDGE_CURVE('',#14934,#14926,#14936,.T.);
#14934 = VERTEX_POINT('',#14935);
#14935 = CARTESIAN_POINT('',(-13.,0.781250000001,37.75));
#14936 = CIRCLE('',#14937,0.25);
#14937 = AXIS2_PLACEMENT_3D('',#14938,#14939,#14940);
#14938 = CARTESIAN_POINT('',(-13.,0.78125,38.));
#14939 = DIRECTION('',(0.,1.,0.));
#14940 = DIRECTION('',(0.,0.,1.));
#14941 = ORIENTED_EDGE('',*,*,#14942,.F.);
#14942 = EDGE_CURVE('',#14926,#14934,#14943,.T.);
#14943 = CIRCLE('',#14944,0.25);
#14944 = AXIS2_PLACEMENT_3D('',#14945,#14946,#14947);
#14945 = CARTESIAN_POINT('',(-13.,0.78125,38.));
#14946 = DIRECTION('',(0.,1.,0.));
#14947 = DIRECTION('',(0.,0.,1.));
#14948 = ORIENTED_EDGE('',*,*,#14925,.F.);
#14949 = ORIENTED_EDGE('',*,*,#14906,.T.);
#14950 = ORIENTED_EDGE('',*,*,#14803,.T.);
#14951 = CYLINDRICAL_SURFACE('',#14952,0.25);
#14952 = AXIS2_PLACEMENT_3D('',#14953,#14954,#14955);
#14953 = CARTESIAN_POINT('',(-13.,0.,38.));
#14954 = DIRECTION('',(0.,1.,0.));
#14955 = DIRECTION('',(0.,0.,1.));
#14956 = ADVANCED_FACE('',(#14957),#14960,.F.);
#14957 = FACE_BOUND('',#14958,.T.);
#14958 = EDGE_LOOP('',(#14959));
#14959 = ORIENTED_EDGE('',*,*,#14795,.F.);
#14960 = PLANE('',#14961);
#14961 = AXIS2_PLACEMENT_3D('',#14962,#14963,#14964);
#14962 = CARTESIAN_POINT('',(-3.,0.,38.));
#14963 = DIRECTION('',(-1.,0.,0.));
#14964 = DIRECTION('',(0.,0.,-1.));
#14965 = ADVANCED_FACE('',(#14966),#14986,.T.);
#14966 = FACE_BOUND('',#14967,.T.);
#14967 = EDGE_LOOP('',(#14968,#14969,#14977,#14984,#14985));
#14968 = ORIENTED_EDGE('',*,*,#14942,.T.);
#14969 = ORIENTED_EDGE('',*,*,#14970,.F.);
#14970 = EDGE_CURVE('',#14971,#14934,#14973,.T.);
#14971 = VERTEX_POINT('',#14972);
#14972 = CARTESIAN_POINT('',(-13.,2.5,37.2));
#14973 = LINE('',#14974,#14975);
#14974 = CARTESIAN_POINT('',(-13.,2.5,37.2));
#14975 = VECTOR('',#14976,1.);
#14976 = DIRECTION('',(7.E-17,-0.952424147199,0.304775727104));
#14977 = ORIENTED_EDGE('',*,*,#14978,.T.);
#14978 = EDGE_CURVE('',#14971,#14971,#14979,.T.);
#14979 = CIRCLE('',#14980,0.8);
#14980 = AXIS2_PLACEMENT_3D('',#14981,#14982,#14983);
#14981 = CARTESIAN_POINT('',(-13.,2.5,38.));
#14982 = DIRECTION('',(0.,-1.,0.));
#14983 = DIRECTION('',(0.,0.,-1.));
#14984 = ORIENTED_EDGE('',*,*,#14970,.T.);
#14985 = ORIENTED_EDGE('',*,*,#14933,.T.);
#14986 = CONICAL_SURFACE('',#14987,0.8,0.309702944542);
#14987 = AXIS2_PLACEMENT_3D('',#14988,#14989,#14990);
#14988 = CARTESIAN_POINT('',(-13.,2.5,38.));
#14989 = DIRECTION('',(0.,1.,0.));
#14990 = DIRECTION('',(0.,0.,-1.));
#14991 = ADVANCED_FACE('',(#14992,#14995),#15006,.F.);
#14992 = FACE_BOUND('',#14993,.F.);
#14993 = EDGE_LOOP('',(#14994));
#14994 = ORIENTED_EDGE('',*,*,#14978,.T.);
#14995 = FACE_BOUND('',#14996,.F.);
#14996 = EDGE_LOOP('',(#14997));
#14997 = ORIENTED_EDGE('',*,*,#14998,.T.);
#14998 = EDGE_CURVE('',#14999,#14999,#15001,.T.);
#14999 = VERTEX_POINT('',#15000);
#15000 = CARTESIAN_POINT('',(-13.,2.5,38.25));
#15001 = CIRCLE('',#15002,0.25);
#15002 = AXIS2_PLACEMENT_3D('',#15003,#15004,#15005);
#15003 = CARTESIAN_POINT('',(-13.,2.5,38.));
#15004 = DIRECTION('',(0.,1.,0.));
#15005 = DIRECTION('',(0.,0.,1.));
#15006 = PLANE('',#15007);
#15007 = AXIS2_PLACEMENT_3D('',#15008,#15009,#15010);
#15008 = CARTESIAN_POINT('',(-13.,2.5,38.));
#15009 = DIRECTION('',(-0.,-1.,-0.));
#15010 = DIRECTION('',(0.,0.,-1.));
#15011 = ADVANCED_FACE('',(#15012),#15031,.T.);
#15012 = FACE_BOUND('',#15013,.T.);
#15013 = EDGE_LOOP('',(#15014,#15022,#15023,#15024));
#15014 = ORIENTED_EDGE('',*,*,#15015,.F.);
#15015 = EDGE_CURVE('',#14999,#15016,#15018,.T.);
#15016 = VERTEX_POINT('',#15017);
#15017 = CARTESIAN_POINT('',(-13.,87.5,38.25));
#15018 = LINE('',#15019,#15020);
#15019 = CARTESIAN_POINT('',(-13.,0.,38.25));
#15020 = VECTOR('',#15021,1.);
#15021 = DIRECTION('',(0.,1.,0.));
#15022 = ORIENTED_EDGE('',*,*,#14998,.T.);
#15023 = ORIENTED_EDGE('',*,*,#15015,.T.);
#15024 = ORIENTED_EDGE('',*,*,#15025,.F.);
#15025 = EDGE_CURVE('',#15016,#15016,#15026,.T.);
#15026 = CIRCLE('',#15027,0.25);
#15027 = AXIS2_PLACEMENT_3D('',#15028,#15029,#15030);
#15028 = CARTESIAN_POINT('',(-13.,87.5,38.));
#15029 = DIRECTION('',(0.,1.,0.));
#15030 = DIRECTION('',(0.,0.,1.));
#15031 = CYLINDRICAL_SURFACE('',#15032,0.25);
#15032 = AXIS2_PLACEMENT_3D('',#15033,#15034,#15035);
#15033 = CARTESIAN_POINT('',(-13.,0.,38.));
#15034 = DIRECTION('',(0.,1.,0.));
#15035 = DIRECTION('',(0.,0.,1.));
#15036 = ADVANCED_FACE('',(#15037,#15048),#15051,.F.);
#15037 = FACE_BOUND('',#15038,.F.);
#15038 = EDGE_LOOP('',(#15039));
#15039 = ORIENTED_EDGE('',*,*,#15040,.T.);
#15040 = EDGE_CURVE('',#15041,#15041,#15043,.T.);
#15041 = VERTEX_POINT('',#15042);
#15042 = CARTESIAN_POINT('',(-13.,87.5,38.8));
#15043 = CIRCLE('',#15044,0.8);
#15044 = AXIS2_PLACEMENT_3D('',#15045,#15046,#15047);
#15045 = CARTESIAN_POINT('',(-13.,87.5,38.));
#15046 = DIRECTION('',(0.,1.,0.));
#15047 = DIRECTION('',(0.,0.,1.));
#15048 = FACE_BOUND('',#15049,.F.);
#15049 = EDGE_LOOP('',(#15050));
#15050 = ORIENTED_EDGE('',*,*,#15025,.F.);
#15051 = PLANE('',#15052);
#15052 = AXIS2_PLACEMENT_3D('',#15053,#15054,#15055);
#15053 = CARTESIAN_POINT('',(-13.,87.5,38.));
#15054 = DIRECTION('',(0.,1.,0.));
#15055 = DIRECTION('',(0.,0.,1.));
#15056 = ADVANCED_FACE('',(#15057),#15076,.T.);
#15057 = FACE_BOUND('',#15058,.T.);
#15058 = EDGE_LOOP('',(#15059,#15068,#15074,#15075));
#15059 = ORIENTED_EDGE('',*,*,#15060,.F.);
#15060 = EDGE_CURVE('',#15061,#15061,#15063,.T.);
#15061 = VERTEX_POINT('',#15062);
#15062 = CARTESIAN_POINT('',(-13.,89.21875,38.25));
#15063 = CIRCLE('',#15064,0.25);
#15064 = AXIS2_PLACEMENT_3D('',#15065,#15066,#15067);
#15065 = CARTESIAN_POINT('',(-13.,89.21875,38.));
#15066 = DIRECTION('',(0.,1.,0.));
#15067 = DIRECTION('',(0.,0.,1.));
#15068 = ORIENTED_EDGE('',*,*,#15069,.F.);
#15069 = EDGE_CURVE('',#15041,#15061,#15070,.T.);
#15070 = LINE('',#15071,#15072);
#15071 = CARTESIAN_POINT('',(-13.,87.5,38.8));
#15072 = VECTOR('',#15073,1.);
#15073 = DIRECTION('',(7.E-17,0.952424147199,-0.304775727104));
#15074 = ORIENTED_EDGE('',*,*,#15040,.T.);
#15075 = ORIENTED_EDGE('',*,*,#15069,.T.);
#15076 = CONICAL_SURFACE('',#15077,0.8,0.309702944542);
#15077 = AXIS2_PLACEMENT_3D('',#15078,#15079,#15080);
#15078 = CARTESIAN_POINT('',(-13.,87.5,38.));
#15079 = DIRECTION('',(-0.,-1.,-0.));
#15080 = DIRECTION('',(0.,0.,1.));
#15081 = ADVANCED_FACE('',(#15082),#15101,.T.);
#15082 = FACE_BOUND('',#15083,.T.);
#15083 = EDGE_LOOP('',(#15084,#15085,#15093,#15100));
#15084 = ORIENTED_EDGE('',*,*,#15060,.T.);
#15085 = ORIENTED_EDGE('',*,*,#15086,.T.);
#15086 = EDGE_CURVE('',#15061,#15087,#15089,.T.);
#15087 = VERTEX_POINT('',#15088);
#15088 = CARTESIAN_POINT('',(-13.,90.,38.25));
#15089 = LINE('',#15090,#15091);
#15090 = CARTESIAN_POINT('',(-13.,0.,38.25));
#15091 = VECTOR('',#15092,1.);
#15092 = DIRECTION('',(0.,1.,0.));
#15093 = ORIENTED_EDGE('',*,*,#15094,.F.);
#15094 = EDGE_CURVE('',#15087,#15087,#15095,.T.);
#15095 = CIRCLE('',#15096,0.25);
#15096 = AXIS2_PLACEMENT_3D('',#15097,#15098,#15099);
#15097 = CARTESIAN_POINT('',(-13.,90.,38.));
#15098 = DIRECTION('',(0.,1.,0.));
#15099 = DIRECTION('',(0.,0.,1.));
#15100 = ORIENTED_EDGE('',*,*,#15086,.F.);
#15101 = CYLINDRICAL_SURFACE('',#15102,0.25);
#15102 = AXIS2_PLACEMENT_3D('',#15103,#15104,#15105);
#15103 = CARTESIAN_POINT('',(-13.,0.,38.));
#15104 = DIRECTION('',(0.,1.,0.));
#15105 = DIRECTION('',(0.,0.,1.));
#15106 = ADVANCED_FACE('',(#15107),#15110,.T.);
#15107 = FACE_BOUND('',#15108,.T.);
#15108 = EDGE_LOOP('',(#15109));
#15109 = ORIENTED_EDGE('',*,*,#15094,.T.);
#15110 = PLANE('',#15111);
#15111 = AXIS2_PLACEMENT_3D('',#15112,#15113,#15114);
#15112 = CARTESIAN_POINT('',(-13.,90.,38.));
#15113 = DIRECTION('',(0.,1.,0.));
#15114 = DIRECTION('',(0.,0.,1.));
#15115 = MANIFOLD_SOLID_BREP('',#15116);
#15116 = CLOSED_SHELL('',(#15117,#15150,#15159));
#15117 = ADVANCED_FACE('',(#15118),#15145,.T.);
#15118 = FACE_BOUND('',#15119,.T.);
#15119 = EDGE_LOOP('',(#15120,#15129,#15137,#15144));
#15120 = ORIENTED_EDGE('',*,*,#15121,.F.);
#15121 = EDGE_CURVE('',#15122,#15122,#15124,.T.);
#15122 = VERTEX_POINT('',#15123);
#15123 = CARTESIAN_POINT('',(-4.,90.,37.8));
#15124 = CIRCLE('',#15125,0.2);
#15125 = AXIS2_PLACEMENT_3D('',#15126,#15127,#15128);
#15126 = CARTESIAN_POINT('',(-4.,90.,38.));
#15127 = DIRECTION('',(-1.,0.,0.));
#15128 = DIRECTION('',(0.,0.,-1.));
#15129 = ORIENTED_EDGE('',*,*,#15130,.F.);
#15130 = EDGE_CURVE('',#15131,#15122,#15133,.T.);
#15131 = VERTEX_POINT('',#15132);
#15132 = CARTESIAN_POINT('',(-3.,90.,37.8));
#15133 = LINE('',#15134,#15135);
#15134 = CARTESIAN_POINT('',(-3.,90.,37.8));
#15135 = VECTOR('',#15136,1.);
#15136 = DIRECTION('',(-1.,0.,0.));
#15137 = ORIENTED_EDGE('',*,*,#15138,.T.);
#15138 = EDGE_CURVE('',#15131,#15131,#15139,.T.);
#15139 = CIRCLE('',#15140,0.2);
#15140 = AXIS2_PLACEMENT_3D('',#15141,#15142,#15143);
#15141 = CARTESIAN_POINT('',(-3.,90.,38.));
#15142 = DIRECTION('',(-1.,0.,0.));
#15143 = DIRECTION('',(0.,0.,-1.));
#15144 = ORIENTED_EDGE('',*,*,#15130,.T.);
#15145 = CYLINDRICAL_SURFACE('',#15146,0.2);
#15146 = AXIS2_PLACEMENT_3D('',#15147,#15148,#15149);
#15147 = CARTESIAN_POINT('',(-3.,90.,38.));
#15148 = DIRECTION('',(-1.,0.,0.));
#15149 = DIRECTION('',(0.,0.,-1.));
#15150 = ADVANCED_FACE('',(#15151),#15154,.T.);
#15151 = FACE_BOUND('',#15152,.T.);
#15152 = EDGE_LOOP('',(#15153));
#15153 = ORIENTED_EDGE('',*,*,#15121,.T.);
#15154 = PLANE('',#15155);
#15155 = AXIS2_PLACEMENT_3D('',#15156,#15157,#15158);
#15156 = CARTESIAN_POINT('',(-4.,90.,38.));
#15157 = DIRECTION('',(-1.,0.,0.));
#15158 = DIRECTION('',(0.,0.,-1.));
#15159 = ADVANCED_FACE('',(#15160),#15163,.F.);
#15160 = FACE_BOUND('',#15161,.T.);
#15161 = EDGE_LOOP('',(#15162));
#15162 = ORIENTED_EDGE('',*,*,#15138,.F.);
#15163 = PLANE('',#15164);
#15164 = AXIS2_PLACEMENT_3D('',#15165,#15166,#15167);
#15165 = CARTESIAN_POINT('',(-3.,90.,38.));
#15166 = DIRECTION('',(-1.,0.,0.));
#15167 = DIRECTION('',(0.,0.,-1.));
#15168 = MANIFOLD_SOLID_BREP('',#15169);
#15169 = CLOSED_SHELL('',(#15170,#15281,#15304,#15332,#15369,#15378,
    #15404,#15424,#15449,#15469,#15494,#15519));
#15170 = ADVANCED_FACE('',(#15171),#15276,.T.);
#15171 = FACE_BOUND('',#15172,.T.);
#15172 = EDGE_LOOP('',(#15173,#15184,#15192,#15227,#15235,#15242,#15243,
    #15270));
#15173 = ORIENTED_EDGE('',*,*,#15174,.F.);
#15174 = EDGE_CURVE('',#15175,#15177,#15179,.T.);
#15175 = VERTEX_POINT('',#15176);
#15176 = CARTESIAN_POINT('',(75.,19.8,0.));
#15177 = VERTEX_POINT('',#15178);
#15178 = CARTESIAN_POINT('',(75.,20.2,0.));
#15179 = CIRCLE('',#15180,0.2);
#15180 = AXIS2_PLACEMENT_3D('',#15181,#15182,#15183);
#15181 = CARTESIAN_POINT('',(75.,20.,0.));
#15182 = DIRECTION('',(1.,0.,-0.));
#15183 = DIRECTION('',(0.,0.,1.));
#15184 = ORIENTED_EDGE('',*,*,#15185,.F.);
#15185 = EDGE_CURVE('',#15186,#15175,#15188,.T.);
#15186 = VERTEX_POINT('',#15187);
#15187 = CARTESIAN_POINT('',(74.85,19.8,0.));
#15188 = LINE('',#15189,#15190);
#15189 = CARTESIAN_POINT('',(65.,19.8,0.));
#15190 = VECTOR('',#15191,1.);
#15191 = DIRECTION('',(1.,0.,0.));
#15192 = ORIENTED_EDGE('',*,*,#15193,.F.);
#15193 = EDGE_CURVE('',#15194,#15186,#15196,.T.);
#15194 = VERTEX_POINT('',#15195);
#15195 = CARTESIAN_POINT('',(74.75,20.,0.2));
#15196 = B_SPLINE_CURVE_WITH_KNOTS('',8,(#15197,#15198,#15199,#15200,
    #15201,#15202,#15203,#15204,#15205,#15206,#15207,#15208,#15209,
    #15210,#15211,#15212,#15213,#15214,#15215,#15216,#15217,#15218,
    #15219,#15220,#15221,#15222,#15223,#15224,#15225,#15226),
  .UNSPECIFIED.,.F.,.F.,(9,7,7,7,9),(0.,0.262722954058,0.771635929042,
    0.932066577607,1.),.UNSPECIFIED.);
#15197 = CARTESIAN_POINT('',(74.75,20.,0.2));
#15198 = CARTESIAN_POINT('',(74.75,19.99024406568,0.2));
#15199 = CARTESIAN_POINT('',(74.750435125467,19.98048975108,
    0.199456165401));
#15200 = CARTESIAN_POINT('',(74.751305048145,19.970768188437,
    0.198368684565));
#15201 = CARTESIAN_POINT('',(74.752606029753,19.9611109868,
    0.196739404207));
#15202 = CARTESIAN_POINT('',(74.754330601254,19.951549983737,
    0.194571821651));
#15203 = CARTESIAN_POINT('',(74.75646724213,19.942116997036,
    0.191871077088));
#15204 = CARTESIAN_POINT('',(74.759000059644,19.93284357641,
    0.188643945834));
#15205 = CARTESIAN_POINT('',(74.76754226139,19.906166687037,
    0.177644277027));
#15206 = CARTESIAN_POINT('',(74.774441446255,19.889736385733,
    0.168631135589));
#15207 = CARTESIAN_POINT('',(74.782462873804,19.874220979164,
    0.157922256391));
#15208 = CARTESIAN_POINT('',(74.791556370099,19.859577649856,
    0.14540256648));
#15209 = CARTESIAN_POINT('',(74.801596026962,19.845995479029,
    0.130945036656));
#15210 = CARTESIAN_POINT('',(74.812155027045,19.833916370822,
    0.114611242739));
#15211 = CARTESIAN_POINT('',(74.822351587613,19.82369224785,
    9.670322372253E-02));
#15212 = CARTESIAN_POINT('',(74.833967636848,19.813057486628,
    7.138500525026E-02));
#15213 = CARTESIAN_POINT('',(74.83664238625,19.810696955651,
    6.512609515567E-02));
#15214 = CARTESIAN_POINT('',(74.839164736213,19.808547349189,
    5.869508055764E-02));
#15215 = CARTESIAN_POINT('',(74.841491461866,19.806626370991,
    5.210806558445E-02));
#15216 = CARTESIAN_POINT('',(74.843580104694,19.804948383492,
    4.537838494355E-02));
#15217 = CARTESIAN_POINT('',(74.845389990691,19.803525841027,
    3.851617575636E-02));
#15218 = CARTESIAN_POINT('',(74.846883248536,19.802370723055,
    3.152794939316E-02));
#15219 = CARTESIAN_POINT('',(74.848509646256,19.801125557181,
    2.140471897098E-02));
#15220 = CARTESIAN_POINT('',(74.848929848308,19.800806018796,
    1.837579911193E-02));
#15221 = CARTESIAN_POINT('',(74.849283713632,19.800538371506,
    1.533246859102E-02));
#15222 = CARTESIAN_POINT('',(74.849569053671,19.800323432078,
    1.227768475181E-02));
#15223 = CARTESIAN_POINT('',(74.849784211586,19.800161814755,
    9.214297421199E-03));
#15224 = CARTESIAN_POINT('',(74.84992806226,19.800053931257,
    6.145048909416E-03));
#15225 = CARTESIAN_POINT('',(74.850000012292,19.799999990781,
    3.072574010043E-03));
#15226 = CARTESIAN_POINT('',(74.849999999999,19.800000000001,
    -6.0000000004E-07));
#15227 = ORIENTED_EDGE('',*,*,#15228,.F.);
#15228 = EDGE_CURVE('',#15229,#15194,#15231,.T.);
#15229 = VERTEX_POINT('',#15230);
#15230 = CARTESIAN_POINT('',(65.,20.,0.2));
#15231 = LINE('',#15232,#15233);
#15232 = CARTESIAN_POINT('',(65.,20.,0.2));
#15233 = VECTOR('',#15234,1.);
#15234 = DIRECTION('',(1.,0.,0.));
#15235 = ORIENTED_EDGE('',*,*,#15236,.T.);
#15236 = EDGE_CURVE('',#15229,#15229,#15237,.T.);
#15237 = CIRCLE('',#15238,0.2);
#15238 = AXIS2_PLACEMENT_3D('',#15239,#15240,#15241);
#15239 = CARTESIAN_POINT('',(65.,20.,0.));
#15240 = DIRECTION('',(1.,0.,-0.));
#15241 = DIRECTION('',(0.,0.,1.));
#15242 = ORIENTED_EDGE('',*,*,#15228,.T.);
#15243 = ORIENTED_EDGE('',*,*,#15244,.F.);
#15244 = EDGE_CURVE('',#15245,#15194,#15247,.T.);
#15245 = VERTEX_POINT('',#15246);
#15246 = CARTESIAN_POINT('',(74.85,20.2,0.));
#15247 = B_SPLINE_CURVE_WITH_KNOTS('',6,(#15248,#15249,#15250,#15251,
    #15252,#15253,#15254,#15255,#15256,#15257,#15258,#15259,#15260,
    #15261,#15262,#15263,#15264,#15265,#15266,#15267,#15268,#15269),
  .UNSPECIFIED.,.F.,.F.,(7,5,5,5,7),(0.,0.189035117759,0.491944560857,
    0.735512913001,1.),.UNSPECIFIED.);
#15248 = CARTESIAN_POINT('',(74.849999999999,20.199999999999,
    -5.9999999997E-07));
#15249 = CARTESIAN_POINT('',(74.850000046313,20.200000034735,
    1.157807223584E-02));
#15250 = CARTESIAN_POINT('',(74.848927596384,20.199195599432,
    2.302777983666E-02));
#15251 = CARTESIAN_POINT('',(74.846827268641,20.197620808469,
    3.429282718216E-02));
#15252 = CARTESIAN_POINT('',(74.843835338884,20.195308393695,
    4.530148001652E-02));
#15253 = CARTESIAN_POINT('',(74.840179290505,20.192317549732,
    5.59221096074E-02));
#15254 = CARTESIAN_POINT('',(74.829650366365,20.183179399577,
    8.207486061444E-02));
#15255 = CARTESIAN_POINT('',(74.821998588727,20.176071138371,
    9.712813387852E-02));
#15256 = CARTESIAN_POINT('',(74.813880898929,20.167704020598,
    0.111059649042));
#15257 = CARTESIAN_POINT('',(74.805859643168,20.158319876505,
    0.12375130653));
#15258 = CARTESIAN_POINT('',(74.798135400765,20.148086903484,
    0.135300137496));
#15259 = CARTESIAN_POINT('',(74.784917080781,20.127887077872,
    0.154264040959));
#15260 = CARTESIAN_POINT('',(74.779327854852,20.118330912208,
    0.161980582661));
#15261 = CARTESIAN_POINT('',(74.774157575067,20.108295214174,
    0.168930201744));
#15262 = CARTESIAN_POINT('',(74.769482737713,20.097848389245,
    0.17509483711));
#15263 = CARTESIAN_POINT('',(74.765354136301,20.087048052902,
    0.18046310049));
#15264 = CARTESIAN_POINT('',(74.757964297578,20.063868109275,
    0.189976336297));
#15265 = CARTESIAN_POINT('',(74.754813449457,20.051449554401,
    0.193969583131));
#15266 = CARTESIAN_POINT('',(74.752415454375,20.038765457677,
    0.196980468111));
#15267 = CARTESIAN_POINT('',(74.750805451942,20.025904010918,
    0.198993317613));
#15268 = CARTESIAN_POINT('',(74.75,20.012953493093,0.2));
#15269 = CARTESIAN_POINT('',(74.75,20.,0.2));
#15270 = ORIENTED_EDGE('',*,*,#15271,.T.);
#15271 = EDGE_CURVE('',#15245,#15177,#15272,.T.);
#15272 = LINE('',#15273,#15274);
#15273 = CARTESIAN_POINT('',(65.,20.2,0.));
#15274 = VECTOR('',#15275,1.);
#15275 = DIRECTION('',(1.,0.,0.));
#15276 = CYLINDRICAL_SURFACE('',#15277,0.2);
#15277 = AXIS2_PLACEMENT_3D('',#15278,#15279,#15280);
#15278 = CARTESIAN_POINT('',(65.,20.,0.));
#15279 = DIRECTION('',(1.,0.,0.));
#15280 = DIRECTION('',(0.,0.,1.));
#15281 = ADVANCED_FACE('',(#15282),#15299,.T.);
#15282 = FACE_BOUND('',#15283,.T.);
#15283 = EDGE_LOOP('',(#15284,#15292,#15298));
#15284 = ORIENTED_EDGE('',*,*,#15285,.T.);
#15285 = EDGE_CURVE('',#15177,#15286,#15288,.T.);
#15286 = VERTEX_POINT('',#15287);
#15287 = CARTESIAN_POINT('',(75.,20.,0.));
#15288 = LINE('',#15289,#15290);
#15289 = CARTESIAN_POINT('',(75.,20.,0.));
#15290 = VECTOR('',#15291,1.);
#15291 = DIRECTION('',(0.,-1.,0.));
#15292 = ORIENTED_EDGE('',*,*,#15293,.T.);
#15293 = EDGE_CURVE('',#15286,#15175,#15294,.T.);
#15294 = LINE('',#15295,#15296);
#15295 = CARTESIAN_POINT('',(75.,20.,0.));
#15296 = VECTOR('',#15297,1.);
#15297 = DIRECTION('',(0.,-1.,0.));
#15298 = ORIENTED_EDGE('',*,*,#15174,.T.);
#15299 = PLANE('',#15300);
#15300 = AXIS2_PLACEMENT_3D('',#15301,#15302,#15303);
#15301 = CARTESIAN_POINT('',(75.,20.,0.));
#15302 = DIRECTION('',(1.,0.,0.));
#15303 = DIRECTION('',(0.,0.,1.));
#15304 = ADVANCED_FACE('',(#15305),#15327,.F.);
#15305 = FACE_BOUND('',#15306,.F.);
#15306 = EDGE_LOOP('',(#15307,#15316,#15323,#15324,#15325,#15326));
#15307 = ORIENTED_EDGE('',*,*,#15308,.T.);
#15308 = EDGE_CURVE('',#15186,#15309,#15311,.T.);
#15309 = VERTEX_POINT('',#15310);
#15310 = CARTESIAN_POINT('',(75.25,20.,0.));
#15311 = CIRCLE('',#15312,0.25);
#15312 = AXIS2_PLACEMENT_3D('',#15313,#15314,#15315);
#15313 = CARTESIAN_POINT('',(75.,20.,0.));
#15314 = DIRECTION('',(0.,0.,1.));
#15315 = DIRECTION('',(1.,0.,0.));
#15316 = ORIENTED_EDGE('',*,*,#15317,.T.);
#15317 = EDGE_CURVE('',#15309,#15245,#15318,.T.);
#15318 = CIRCLE('',#15319,0.25);
#15319 = AXIS2_PLACEMENT_3D('',#15320,#15321,#15322);
#15320 = CARTESIAN_POINT('',(75.,20.,0.));
#15321 = DIRECTION('',(0.,0.,1.));
#15322 = DIRECTION('',(1.,0.,0.));
#15323 = ORIENTED_EDGE('',*,*,#15271,.T.);
#15324 = ORIENTED_EDGE('',*,*,#15285,.T.);
#15325 = ORIENTED_EDGE('',*,*,#15293,.T.);
#15326 = ORIENTED_EDGE('',*,*,#15185,.F.);
#15327 = PLANE('',#15328);
#15328 = AXIS2_PLACEMENT_3D('',#15329,#15330,#15331);
#15329 = CARTESIAN_POINT('',(75.,20.,0.));
#15330 = DIRECTION('',(0.,0.,1.));
#15331 = DIRECTION('',(1.,0.,0.));
#15332 = ADVANCED_FACE('',(#15333),#15364,.T.);
#15333 = FACE_BOUND('',#15334,.T.);
#15334 = EDGE_LOOP('',(#15335,#15336,#15344,#15353,#15360,#15361,#15362,
    #15363));
#15335 = ORIENTED_EDGE('',*,*,#15308,.T.);
#15336 = ORIENTED_EDGE('',*,*,#15337,.T.);
#15337 = EDGE_CURVE('',#15309,#15338,#15340,.T.);
#15338 = VERTEX_POINT('',#15339);
#15339 = CARTESIAN_POINT('',(75.25,20.,0.78125));
#15340 = LINE('',#15341,#15342);
#15341 = CARTESIAN_POINT('',(75.25,20.,0.));
#15342 = VECTOR('',#15343,1.);
#15343 = DIRECTION('',(0.,0.,1.));
#15344 = ORIENTED_EDGE('',*,*,#15345,.F.);
#15345 = EDGE_CURVE('',#15346,#15338,#15348,.T.);
#15346 = VERTEX_POINT('',#15347);
#15347 = CARTESIAN_POINT('',(74.749999999999,20.,0.781250000004));
#15348 = CIRCLE('',#15349,0.25);
#15349 = AXIS2_PLACEMENT_3D('',#15350,#15351,#15352);
#15350 = CARTESIAN_POINT('',(75.,20.,0.78125));
#15351 = DIRECTION('',(-0.,0.,1.));
#15352 = DIRECTION('',(0.,-1.,0.));
#15353 = ORIENTED_EDGE('',*,*,#15354,.F.);
#15354 = EDGE_CURVE('',#15338,#15346,#15355,.T.);
#15355 = CIRCLE('',#15356,0.25);
#15356 = AXIS2_PLACEMENT_3D('',#15357,#15358,#15359);
#15357 = CARTESIAN_POINT('',(75.,20.,0.78125));
#15358 = DIRECTION('',(-0.,0.,1.));
#15359 = DIRECTION('',(0.,-1.,0.));
#15360 = ORIENTED_EDGE('',*,*,#15337,.F.);
#15361 = ORIENTED_EDGE('',*,*,#15317,.T.);
#15362 = ORIENTED_EDGE('',*,*,#15244,.T.);
#15363 = ORIENTED_EDGE('',*,*,#15193,.T.);
#15364 = CYLINDRICAL_SURFACE('',#15365,0.25);
#15365 = AXIS2_PLACEMENT_3D('',#15366,#15367,#15368);
#15366 = CARTESIAN_POINT('',(75.,20.,0.));
#15367 = DIRECTION('',(0.,0.,1.));
#15368 = DIRECTION('',(1.,0.,0.));
#15369 = ADVANCED_FACE('',(#15370),#15373,.F.);
#15370 = FACE_BOUND('',#15371,.T.);
#15371 = EDGE_LOOP('',(#15372));
#15372 = ORIENTED_EDGE('',*,*,#15236,.F.);
#15373 = PLANE('',#15374);
#15374 = AXIS2_PLACEMENT_3D('',#15375,#15376,#15377);
#15375 = CARTESIAN_POINT('',(65.,20.,0.));
#15376 = DIRECTION('',(1.,0.,0.));
#15377 = DIRECTION('',(0.,0.,1.));
#15378 = ADVANCED_FACE('',(#15379),#15399,.T.);
#15379 = FACE_BOUND('',#15380,.T.);
#15380 = EDGE_LOOP('',(#15381,#15382,#15390,#15397,#15398));
#15381 = ORIENTED_EDGE('',*,*,#15354,.T.);
#15382 = ORIENTED_EDGE('',*,*,#15383,.F.);
#15383 = EDGE_CURVE('',#15384,#15346,#15386,.T.);
#15384 = VERTEX_POINT('',#15385);
#15385 = CARTESIAN_POINT('',(74.2,20.,2.5));
#15386 = LINE('',#15387,#15388);
#15387 = CARTESIAN_POINT('',(74.2,20.,2.5));
#15388 = VECTOR('',#15389,1.);
#15389 = DIRECTION('',(0.304775727104,7.E-17,-0.952424147199));
#15390 = ORIENTED_EDGE('',*,*,#15391,.T.);
#15391 = EDGE_CURVE('',#15384,#15384,#15392,.T.);
#15392 = CIRCLE('',#15393,0.8);
#15393 = AXIS2_PLACEMENT_3D('',#15394,#15395,#15396);
#15394 = CARTESIAN_POINT('',(75.,20.,2.5));
#15395 = DIRECTION('',(0.,0.,-1.));
#15396 = DIRECTION('',(-1.,0.,0.));
#15397 = ORIENTED_EDGE('',*,*,#15383,.T.);
#15398 = ORIENTED_EDGE('',*,*,#15345,.T.);
#15399 = CONICAL_SURFACE('',#15400,0.8,0.309702944542);
#15400 = AXIS2_PLACEMENT_3D('',#15401,#15402,#15403);
#15401 = CARTESIAN_POINT('',(75.,20.,2.5));
#15402 = DIRECTION('',(0.,0.,1.));
#15403 = DIRECTION('',(-1.,0.,0.));
#15404 = ADVANCED_FACE('',(#15405,#15408),#15419,.F.);
#15405 = FACE_BOUND('',#15406,.F.);
#15406 = EDGE_LOOP('',(#15407));
#15407 = ORIENTED_EDGE('',*,*,#15391,.T.);
#15408 = FACE_BOUND('',#15409,.F.);
#15409 = EDGE_LOOP('',(#15410));
#15410 = ORIENTED_EDGE('',*,*,#15411,.T.);
#15411 = EDGE_CURVE('',#15412,#15412,#15414,.T.);
#15412 = VERTEX_POINT('',#15413);
#15413 = CARTESIAN_POINT('',(75.25,20.,2.5));
#15414 = CIRCLE('',#15415,0.25);
#15415 = AXIS2_PLACEMENT_3D('',#15416,#15417,#15418);
#15416 = CARTESIAN_POINT('',(75.,20.,2.5));
#15417 = DIRECTION('',(0.,0.,1.));
#15418 = DIRECTION('',(1.,0.,0.));
#15419 = PLANE('',#15420);
#15420 = AXIS2_PLACEMENT_3D('',#15421,#15422,#15423);
#15421 = CARTESIAN_POINT('',(75.,20.,2.5));
#15422 = DIRECTION('',(-0.,-0.,-1.));
#15423 = DIRECTION('',(-1.,0.,0.));
#15424 = ADVANCED_FACE('',(#15425),#15444,.T.);
#15425 = FACE_BOUND('',#15426,.T.);
#15426 = EDGE_LOOP('',(#15427,#15435,#15436,#15437));
#15427 = ORIENTED_EDGE('',*,*,#15428,.F.);
#15428 = EDGE_CURVE('',#15412,#15429,#15431,.T.);
#15429 = VERTEX_POINT('',#15430);
#15430 = CARTESIAN_POINT('',(75.25,20.,35.5));
#15431 = LINE('',#15432,#15433);
#15432 = CARTESIAN_POINT('',(75.25,20.,0.));
#15433 = VECTOR('',#15434,1.);
#15434 = DIRECTION('',(0.,0.,1.));
#15435 = ORIENTED_EDGE('',*,*,#15411,.T.);
#15436 = ORIENTED_EDGE('',*,*,#15428,.T.);
#15437 = ORIENTED_EDGE('',*,*,#15438,.F.);
#15438 = EDGE_CURVE('',#15429,#15429,#15439,.T.);
#15439 = CIRCLE('',#15440,0.25);
#15440 = AXIS2_PLACEMENT_3D('',#15441,#15442,#15443);
#15441 = CARTESIAN_POINT('',(75.,20.,35.5));
#15442 = DIRECTION('',(0.,0.,1.));
#15443 = DIRECTION('',(1.,0.,0.));
#15444 = CYLINDRICAL_SURFACE('',#15445,0.25);
#15445 = AXIS2_PLACEMENT_3D('',#15446,#15447,#15448);
#15446 = CARTESIAN_POINT('',(75.,20.,0.));
#15447 = DIRECTION('',(0.,0.,1.));
#15448 = DIRECTION('',(1.,0.,0.));
#15449 = ADVANCED_FACE('',(#15450,#15461),#15464,.F.);
#15450 = FACE_BOUND('',#15451,.F.);
#15451 = EDGE_LOOP('',(#15452));
#15452 = ORIENTED_EDGE('',*,*,#15453,.T.);
#15453 = EDGE_CURVE('',#15454,#15454,#15456,.T.);
#15454 = VERTEX_POINT('',#15455);
#15455 = CARTESIAN_POINT('',(75.8,20.,35.5));
#15456 = CIRCLE('',#15457,0.8);
#15457 = AXIS2_PLACEMENT_3D('',#15458,#15459,#15460);
#15458 = CARTESIAN_POINT('',(75.,20.,35.5));
#15459 = DIRECTION('',(0.,0.,1.));
#15460 = DIRECTION('',(1.,0.,0.));
#15461 = FACE_BOUND('',#15462,.F.);
#15462 = EDGE_LOOP('',(#15463));
#15463 = ORIENTED_EDGE('',*,*,#15438,.F.);
#15464 = PLANE('',#15465);
#15465 = AXIS2_PLACEMENT_3D('',#15466,#15467,#15468);
#15466 = CARTESIAN_POINT('',(75.,20.,35.5));
#15467 = DIRECTION('',(0.,0.,1.));
#15468 = DIRECTION('',(1.,0.,0.));
#15469 = ADVANCED_FACE('',(#15470),#15489,.T.);
#15470 = FACE_BOUND('',#15471,.T.);
#15471 = EDGE_LOOP('',(#15472,#15481,#15487,#15488));
#15472 = ORIENTED_EDGE('',*,*,#15473,.F.);
#15473 = EDGE_CURVE('',#15474,#15474,#15476,.T.);
#15474 = VERTEX_POINT('',#15475);
#15475 = CARTESIAN_POINT('',(75.25,20.,37.21875));
#15476 = CIRCLE('',#15477,0.25);
#15477 = AXIS2_PLACEMENT_3D('',#15478,#15479,#15480);
#15478 = CARTESIAN_POINT('',(75.,20.,37.21875));
#15479 = DIRECTION('',(-0.,0.,1.));
#15480 = DIRECTION('',(0.,-1.,0.));
#15481 = ORIENTED_EDGE('',*,*,#15482,.F.);
#15482 = EDGE_CURVE('',#15454,#15474,#15483,.T.);
#15483 = LINE('',#15484,#15485);
#15484 = CARTESIAN_POINT('',(75.8,20.,35.5));
#15485 = VECTOR('',#15486,1.);
#15486 = DIRECTION('',(-0.304775727104,7.E-17,0.952424147199));
#15487 = ORIENTED_EDGE('',*,*,#15453,.T.);
#15488 = ORIENTED_EDGE('',*,*,#15482,.T.);
#15489 = CONICAL_SURFACE('',#15490,0.8,0.309702944542);
#15490 = AXIS2_PLACEMENT_3D('',#15491,#15492,#15493);
#15491 = CARTESIAN_POINT('',(75.,20.,35.5));
#15492 = DIRECTION('',(-0.,-0.,-1.));
#15493 = DIRECTION('',(1.,0.,0.));
#15494 = ADVANCED_FACE('',(#15495),#15514,.T.);
#15495 = FACE_BOUND('',#15496,.T.);
#15496 = EDGE_LOOP('',(#15497,#15498,#15506,#15513));
#15497 = ORIENTED_EDGE('',*,*,#15473,.T.);
#15498 = ORIENTED_EDGE('',*,*,#15499,.T.);
#15499 = EDGE_CURVE('',#15474,#15500,#15502,.T.);
#15500 = VERTEX_POINT('',#15501);
#15501 = CARTESIAN_POINT('',(75.25,20.,38.));
#15502 = LINE('',#15503,#15504);
#15503 = CARTESIAN_POINT('',(75.25,20.,0.));
#15504 = VECTOR('',#15505,1.);
#15505 = DIRECTION('',(0.,0.,1.));
#15506 = ORIENTED_EDGE('',*,*,#15507,.F.);
#15507 = EDGE_CURVE('',#15500,#15500,#15508,.T.);
#15508 = CIRCLE('',#15509,0.25);
#15509 = AXIS2_PLACEMENT_3D('',#15510,#15511,#15512);
#15510 = CARTESIAN_POINT('',(75.,20.,38.));
#15511 = DIRECTION('',(0.,0.,1.));
#15512 = DIRECTION('',(1.,0.,0.));
#15513 = ORIENTED_EDGE('',*,*,#15499,.F.);
#15514 = CYLINDRICAL_SURFACE('',#15515,0.25);
#15515 = AXIS2_PLACEMENT_3D('',#15516,#15517,#15518);
#15516 = CARTESIAN_POINT('',(75.,20.,0.));
#15517 = DIRECTION('',(0.,0.,1.));
#15518 = DIRECTION('',(1.,0.,0.));
#15519 = ADVANCED_FACE('',(#15520),#15523,.T.);
#15520 = FACE_BOUND('',#15521,.T.);
#15521 = EDGE_LOOP('',(#15522));
#15522 = ORIENTED_EDGE('',*,*,#15507,.T.);
#15523 = PLANE('',#15524);
#15524 = AXIS2_PLACEMENT_3D('',#15525,#15526,#15527);
#15525 = CARTESIAN_POINT('',(75.,20.,38.));
#15526 = DIRECTION('',(0.,0.,1.));
#15527 = DIRECTION('',(1.,0.,0.));
#15528 = MANIFOLD_SOLID_BREP('',#15529);
#15529 = CLOSED_SHELL('',(#15530,#15563,#15572));
#15530 = ADVANCED_FACE('',(#15531),#15558,.T.);
#15531 = FACE_BOUND('',#15532,.T.);
#15532 = EDGE_LOOP('',(#15533,#15542,#15550,#15557));
#15533 = ORIENTED_EDGE('',*,*,#15534,.F.);
#15534 = EDGE_CURVE('',#15535,#15535,#15537,.T.);
#15535 = VERTEX_POINT('',#15536);
#15536 = CARTESIAN_POINT('',(66.,20.,38.2));
#15537 = CIRCLE('',#15538,0.2);
#15538 = AXIS2_PLACEMENT_3D('',#15539,#15540,#15541);
#15539 = CARTESIAN_POINT('',(66.,20.,38.));
#15540 = DIRECTION('',(1.,0.,-0.));
#15541 = DIRECTION('',(0.,0.,1.));
#15542 = ORIENTED_EDGE('',*,*,#15543,.F.);
#15543 = EDGE_CURVE('',#15544,#15535,#15546,.T.);
#15544 = VERTEX_POINT('',#15545);
#15545 = CARTESIAN_POINT('',(65.,20.,38.2));
#15546 = LINE('',#15547,#15548);
#15547 = CARTESIAN_POINT('',(65.,20.,38.2));
#15548 = VECTOR('',#15549,1.);
#15549 = DIRECTION('',(1.,0.,0.));
#15550 = ORIENTED_EDGE('',*,*,#15551,.T.);
#15551 = EDGE_CURVE('',#15544,#15544,#15552,.T.);
#15552 = CIRCLE('',#15553,0.2);
#15553 = AXIS2_PLACEMENT_3D('',#15554,#15555,#15556);
#15554 = CARTESIAN_POINT('',(65.,20.,38.));
#15555 = DIRECTION('',(1.,0.,-0.));
#15556 = DIRECTION('',(0.,0.,1.));
#15557 = ORIENTED_EDGE('',*,*,#15543,.T.);
#15558 = CYLINDRICAL_SURFACE('',#15559,0.2);
#15559 = AXIS2_PLACEMENT_3D('',#15560,#15561,#15562);
#15560 = CARTESIAN_POINT('',(65.,20.,38.));
#15561 = DIRECTION('',(1.,0.,0.));
#15562 = DIRECTION('',(0.,0.,1.));
#15563 = ADVANCED_FACE('',(#15564),#15567,.T.);
#15564 = FACE_BOUND('',#15565,.T.);
#15565 = EDGE_LOOP('',(#15566));
#15566 = ORIENTED_EDGE('',*,*,#15534,.T.);
#15567 = PLANE('',#15568);
#15568 = AXIS2_PLACEMENT_3D('',#15569,#15570,#15571);
#15569 = CARTESIAN_POINT('',(66.,20.,38.));
#15570 = DIRECTION('',(1.,0.,0.));
#15571 = DIRECTION('',(0.,0.,1.));
#15572 = ADVANCED_FACE('',(#15573),#15576,.F.);
#15573 = FACE_BOUND('',#15574,.T.);
#15574 = EDGE_LOOP('',(#15575));
#15575 = ORIENTED_EDGE('',*,*,#15551,.F.);
#15576 = PLANE('',#15577);
#15577 = AXIS2_PLACEMENT_3D('',#15578,#15579,#15580);
#15578 = CARTESIAN_POINT('',(65.,20.,38.));
#15579 = DIRECTION('',(1.,0.,0.));
#15580 = DIRECTION('',(0.,0.,1.));
#15581 = ( GEOMETRIC_REPRESENTATION_CONTEXT(3) 
GLOBAL_UNCERTAINTY_ASSIGNED_CONTEXT((#15585)) 
GLOBAL_UNIT_ASSIGNED_CONTEXT((#15582,#15583,#15584)) 
REPRESENTATION_CONTEXT('Context #1',
  '3D Context with UNIT and UNCERTAINTY') );
#15582 = ( LENGTH_UNIT() NAMED_UNIT(*) SI_UNIT(.MILLI.,.METRE.) );
#15583 = ( NAMED_UNIT(*) PLANE_ANGLE_UNIT() SI_UNIT($,.RADIAN.) );
#15584 = ( NAMED_UNIT(*) SI_UNIT($,.STERADIAN.) SOLID_ANGLE_UNIT() );
#15585 = UNCERTAINTY_MEASURE_WITH_UNIT(LENGTH_MEASURE(1.E-07),#15582,
  'distance_accuracy_value','confusion accuracy');
#15586 = PRODUCT_RELATED_PRODUCT_CATEGORY('part',$,(#7));
ENDSEC;
END-ISO-10303-21;
